Study_area,area_km2,lon,lat,n_wells,trend_m_yr,continent,trend_cat,anchor
Central Parana Basin and Torres Syncline (Guarani Aquifer System),494871,-53.3959128929699,-25.766526593603,12,-0.29,S America,shallowing,other (new)
Northern Guarani Aquifer (Guarani Aquifer System),419237,-50.8574307428778,-20.1107372582477,18,0,S America,stable,other (new)
Southwestern Chaco-Lower Parana Basin (Guarani Aquifer System),330826,-58.2492363692785,-28.8381119959407,9,-0.18,S America,shallowing,other (new)
Amazonas Basin and Alter de Chao Aquifer System (Amazon Aquifer System),318913,-55.9432817090423,-2.8580491769155,1,-0.19,S America,shallowing,other (new)
Poolowanna Trough and Western Eromanga Basin (Great Artesian Basin),292840,137.193863448878,-26.5299640820597,23,0.04,Oceania,stable,other (new)
Eastern Eromanga Basin (Great Artesian Basin),290867,144.824296567856,-27.6363338980049,184,-0.02,Oceania,stable,other (new)
Northern Eromanga Basin (Great Artesian Basin),281571,142.610186944451,-22.3433104934875,154,-0.09,Oceania,stable,other (new)
Northern High Plains (High Plains),259376,-101.002703922242,41.3394803714914,5421,0,N America,stable,HP
Williston Basin (Northern Great Plains),242272,-103.274532058273,47.5311407876743,77,-0.02,N America,stable,other (new)
Central Eromanga Depocenter (Great Artesian Basin),214471,141.44428772563,-26.6377788323591,7,-0.02,Oceania,stable,other (new)
Western Parecis Basin (Parecis Basin),213494,-58.1210092734183,-12.9251061267287,7,0.02,S America,stable,other (new)
Upper Gangetic Plain (Indo-Gangetic Plain),199268,79.6664694079742,27.3119541616446,397,0.05,S Asia,stable,IGP
Stampriet Kalahari Karoo Aquifer System,194772,19.4543152133407,-24.4535352754216,4,0.06,Africa,stable,other (new)
Northcentral Mega Aquifer System (Mega Aquifer System),179365,47.2340267976724,27.9285364941961,1,0.2,Mid East,deepening,other (new)
Ozark Plateaus Aquifer System,172612,-92.7719063809266,37.1618744546686,283,-0.06,N America,stable,other (new)
Western Karoo Basin (Main Karoo Basin),146433,21.943352339077,-30.7681497288517,54,0.05,Africa,stable,other (new)
Middle Gangetic Plain (Indo-Gangetic Plain),145648,84.782614957168,26.1358040659066,101,0.05,S Asia,stable,IGP
Northern Mega Aquifer System (Mega Aquifer System),143434,43.442314387262,30.9182773228626,1,-0.03,Mid East,stable,other (new)
Canning Basin,130597,122.80220364525,-19.3667605544481,23,0.03,Oceania,stable,other (new)
Central Karoo Basin (Main Karoo Basin),128536,27.5336023010548,-30.3464150203532,9,0,Africa,stable,other (new)
Southern Carpentaria Basin (Great Artesian Basin),124001,140.712904222328,-18.549569033649,89,0.03,Oceania,stable,other (new)
Eastern Parecis Basin (Parecis Basin),118059,-53.4555218259645,-11.9506002165003,1,0.12,S America,deepening,other (new)
Eastern Poti and Piaui and Cabecas and Serra Grande Aquifers (Parnaiba Basin),117926,-41.9185847263772,-5.82104274227647,9,0.17,S America,deepening,other (new)
Wiso Basin (Daly-Wiso-Georgina Basins),116966,132.26713802247,-18.3596642124762,1,-0.22,Oceania,shallowing,other (new)
Northern Georgina Basin (Daly-Wiso-Georgina Basins),116661,134.927386993097,-17.9131258050471,1,0.1,Oceania,stable,other (new)
Dakota Aquifer System,110336,-99.1166818106529,44.5218958161265,49,-0.01,N America,stable,other (new)
Arckaringa Basin and Southwestern Great Artesian Basin (Great Artesian Basin),107715,134.624067411426,-28.9905387654296,30,0.02,Oceania,stable,other (new)
Trans Gangetic Plain (Indo-Gangetic Plain),100322,75.927985314064,29.7481368230866,422,0.17,S Asia,deepening,IGP
Southcentral Mega Aquifer System (Mega Aquifer System),89916,49.6393107315888,24.5367069092908,9,0.22,Mid East,deepening,other (new)
Central Mississippi Embayment (Mississippi Embayment),89580,-90.8765618368462,34.4311006178087,1844,0.01,N America,stable,other (new)
Northern Karoo Basin (Main Karoo Basin),89072,25.8598129629715,-28.7643748464015,33,0.12,Africa,deepening,other (new)
Mississippian-Silurian-Devonian Carbonates (Northern Midwest Aquifer System),87887,-91.9686784194515,41.7323216691694,91,0.03,N America,stable,other (new)
Staten River Embayment and Central Carpentaria Basin (Great Artesian Basin),81429,142.613002508794,-16.2884417432858,3,-0.08,Oceania,stable,other (new)
Central Dharwar Craton Banded Gneiss Complex (Dharwar Craton Banded Gneiss Complex),81286,76.7633955346208,15.3733213872061,303,0.18,S Asia,deepening,other (new)
Central Huaihe Plain (Huaihe River Basin),79573,115.718872122583,33.9028950593564,61,0.17,E Asia,deepening,other (new)
Central Minnesota Surficial and Buried Sand and Gravel Aquifers,75252,-94.475076895903,46.6560199290738,256,-0.01,N America,stable,other (new)
Southern High Plains (High Plains),74884,-102.515008660682,33.6665162036171,3143,0.14,N America,deepening,HP
Southcentral Karoo Basin (Main Karoo Basin),72357,23.8231452823691,-32.5068793313863,56,0.12,Africa,deepening,other (new)
Central High Plains (High Plains),71803,-101.575915225444,36.747158501073,1301,0.45,N America,deepening,HP
Lower Liaohe River Plain (Liaohe River Basin),69968,122.803337299554,42.4270318660877,25,0,E Asia,stable,other (new)
Wadi As-Sirhan Basin,68037,38.4472391117464,30.4776326878126,4,0.22,Mid East,deepening,other (new)
Eastern Saq Aquifer (Ram-Saq Aquifer System),67601,44.0574526922778,26.1275325289541,29,1.3,Mid East,rapidly deepening,other (new)
Trinity Aquifer System (Edwards-Trinity Aquifer System),67070,-97.3925110012785,32.2951646063437,622,0.05,N America,stable,other (new)
Wisconsin Precambrian Aquifer,65963,-89.8861101919984,45.733653943509,45,-0.02,N America,stable,other (new)
Lafayette Area (Gulf Coast Regional Aquifer System),65824,-93.1101116190547,30.6290250495996,431,-0.04,N America,stable,other (new)
Paskapoo-Scollard,65768,-115.481028433771,53.0649872289773,26,-0.01,N America,stable,other (new)
Western Surat Basin (Great Artesian Basin),65684,147.679877377498,-28.3120325045684,109,-0.01,Oceania,stable,other (new)
Coonamble Embayment (Great Artesian Basin),65411,148.504731989458,-30.8165096440184,792,0.11,Oceania,deepening,other (new)
Mimosa Syncline and Eastern Surat Basin (Great Artesian Basin),64955,149.642192481831,-27.1998727733948,217,0,Oceania,stable,other (new)
Wuyuer-Shuangyang System (Songnen Plain),63713,124.329598980185,45.8550336061385,19,0.04,E Asia,stable,other (new)
Powder River Basin (Northern Great Plains),63642,-105.847712968912,44.5930206929222,12,-0.01,N America,stable,other (new)
Central Eucla Basin (Eucla Basin),63315,133.208409341311,-31.5685760722495,87,-0.02,Oceania,stable,other (new)
Rio Grande Delta (Gulf Coast Regional Aquifer System),62984,-98.1333665759169,26.2757121856051,159,0.04,N America,stable,other (new)
Michigan Basin,62295,-84.6779367319877,43.45201354931,56,-0.02,N America,stable,other (new)
Southern Piedmont Upland (Piedmont Plateau),61856,-84.2623478748794,33.4871024381475,112,-0.06,N America,stable,other (new)
Eastern Huaihe Plain (Huaihe River Basin),61827,117.716088514225,34.5856811198099,33,0.07,E Asia,stable,other (new)
Northern Dharwar Craton Banded Gneiss Complex (Dharwar Craton Banded Gneiss Complex),61216,79.0150006885192,17.6319372686315,74,0.11,S Asia,deepening,other (new)
Eastern Mississippi Embayment (Mississippi Embayment),60634,-89.1153230473608,34.1192763673927,170,-0.05,N America,stable,other (new)
Western Cambrian-Ordovician Aquifers (Northern Midwest Aquifer System),59488,-92.3789663720182,44.7291750900662,82,-0.01,N America,stable,other (new)
Southeastern System (Amadeus Basin),59372,133.660966205573,-24.8250262093272,1,0.44,Oceania,deepening,other (new)
Edwards Plateau (Edwards-Trinity Aquifer System),58050,-100.806673362206,30.719893615846,342,0.02,N America,stable,other (new)
Southcentral Deccan Basalt Plateau (Deccan Plateau),57686,75.408862273867,17.922879097394,95,0.17,S Asia,deepening,other (new)
Eastside Lower Indus Valley (Indus Basin),57275,69.0398607248861,26.4578981256886,2,-0.03,S Asia,stable,other (new)
Central Piedmont Upland (Piedmont Plateau),57273,-79.1196917143535,36.5236530682044,21,-0.02,N America,stable,other (new)
Eastern Carrizo-Wilcox (Carrizo-Wilcox),57217,-94.5777147869526,32.2532332264476,438,0,N America,stable,other (new)
Jiangsu Coastal Plain (Huaihe River Basin),56925,119.806013738276,33.4158651688567,28,0.01,E Asia,stable,other (new)
Eastern Cambrian-Ordovician Aquifers (Northern Midwest Aquifer System),55195,-90.0551388821338,42.7236375356389,59,-0.03,N America,stable,other (new)
Northcentral Deccan Basalt Plateau (Deccan Plateau),53372,75.6844979683893,19.584477954344,48,0.23,S Asia,deepening,other (new)
Eastside Middle Indus Plain (Indus Basin),53045,72.337747302107,29.1526327034028,355,-0.06,S Asia,stable,other (new)
Central Allegheny Plateau (Appalachian Plateaus),52939,-80.7076474539419,39.49149819541,17,-0.02,N America,stable,other (new)
Northeastern Karoo Basin (Main Karoo Basin),52358,28.9313496568393,-26.9760298984317,30,-0.05,Africa,stable,other (new)
Southern Riverine Plains (Murray Basin),51599,144.728290085099,-35.9092349551246,4073,0.1,Oceania,stable,other (new)
Black Warrior River Aquifer System (Eutaw and McShan Formations and Tuscaloosa Group),50216,-87.7797236104302,33.2650588776618,39,0.07,N America,stable,other (new)
