report,report_short,publisher,year,pdf_page,folio,section,corpus_paper,paper_short,basin_scope,grace_number,fig_short,context_class,altmetric_link,source_url,quote
IPCC AR6 WGII Ch.4 (Water),IPCC AR6 WGII,IPCC,2022,31,581,4.2.6,Bierkens & Wada 2019 (review); Herbert & Doll 2019,Bierkens-Wada 2019,"global; names Arabian, Indo-Gangetic, North China Plain, High Plains, Central Valley",113-510 km3/yr (4.5x range),113-510 km3/yr,uncertainty,no,https://www.ipcc.ch/report/ar6/wg2/downloads/report/IPCC_AR6_WGII_Chapter04.pdf,"A global review (Bierkens and Wada, 2019) of groundwater storage changes highlights that estimates of depletion rates at the global scale are variable. These estimates range from approximately 113 to 510 km3 yr-1 and variation in estimates is due to methods and spatio-temporal scales considered (high confidence)."
IPCC AR6 WGII Ch.4 (Water),IPCC AR6 WGII,IPCC,2022,32,582,4.2.6,Shamsudduha & Taylor 2020; Rodell et al. 2018,Shams.-Taylor 2020,37 world's large aquifer systems,trends mostly nonlinear; declines not secular,nonlinear; not secular,uncertainty,no,https://www.ipcc.ch/report/ar6/wg2/downloads/report/IPCC_AR6_WGII_Chapter04.pdf,"[Shamsudduha and Taylor, 2020] of GRACE satellite measurements (2002-2016) for the 37 world's large aquifer systems reveals that trends in groundwater storage are mostly nonlinear and declines are not secular (high confidence). ... GRACE satellite-derived groundwater storage estimates provide important insights at a regional scale (Rodell et al., 2018) but overlook more localised depletion or short-term storage gains."
UN WWDR 2022: Groundwater - making the invisible visible,UN WWDR 2022,UNESCO / UN-Water,2022,168,151,9.3 + footnote 38,Rodell et al. 2018; Shamsudduha & Taylor 2020,Rodell 2018,37 aquifer systems (global method),GRACE dGWS uncertainty 36%-219%,dGWS uncert. 36-219%,uncertainty,partial,https://www.unesco.org/reports/wwdr/2022/en,"The primary scientific objective of GRACE is to measure variations in the Earth's gravity field. These measurements can be used to derive total water storage change (dTWS) on Earth (Rodell et al., 2018). ... A recent study by Shamsudduha and Taylor (2020) showed that the range of uncertainty of GRACE-derived estimates of dGWS for 37 aquifer systems varies from 36% to 219%."
UN WWDR 2022: Groundwater - making the invisible visible,UN WWDR 2022,UNESCO / UN-Water,2022,157,140,8 (Fig. 8.9),McStraw 2020 / GRACE 2.0 (non-corpus source),McStraw 2020 (n.c.),Arab region (Arabian Aquifer System),"area in decline +75% (Oct 2011), +100% (Oct 2018); mean -32 cm by 2018",Arab-region decline,adopts,no,https://www.unesco.org/reports/wwdr/2022/en,"Analysis from Gravity Recovery and Climate Experiment (GRACE) mission data has confirmed an overall declining trend in groundwater storage in the Arab region. In fact, groundwater storage anomalies from the mean (2004-2009) show that the area undergoing a decline in groundwater storage had increased by 75% in October 2011 and by 100% in October 2018 when compared to October 2002 ..."
UN WWDR 2022: Groundwater - making the invisible visible,UN WWDR 2022,UNESCO / UN-Water,2022,70,53,3.2,Doll et al. 2014; Famiglietti 2014,Doll 2014,global,113 km3/yr (Doll 2014) vs 304 km3/yr (Wada 2016),113 vs 304 km3/yr,adopts,yes,https://www.unesco.org/reports/wwdr/2022/en,"Verifying the scale and magnitude of depletion trends using remote sensing ... through NASA's Gravity Recovery and Climate Experiment (GRACE) satellite mission, remains challenging (Famiglietti, 2014). ... Modelled estimates suggest that between 2000 and 2009, global groundwater depletion for all uses was in the order of 113 km3/year (Doll et al., 2014), while other models suggest volumes in the order of 304 km3/year for 2010 ..."
UN WWDR 2022: Groundwater - making the invisible visible,UN WWDR 2022,UNESCO / UN-Water,2022,120,103,7.2,Leblanc et al. 2009,Leblanc 2009,Murray-Darling Basin,~100 +/- 35 km3 (2000-2007),100+/-35 km3,adopts,yes,https://www.unesco.org/reports/wwdr/2022/en,"During the multi-annual Millennium Drought in Australia (1995-2010), groundwater storage in the Murray-Darling basin declined substantially and continuously by ~100 +/- 35 km3 from 2000 to 2007 in response to a sharp reduction in recharge and an absence of extreme rainfall events (Leblanc et al., 2009)."
FAO SOLAW 2021 - Systems at breaking point,FAO SOLAW 2021,FAO,2021,87,,Part 1,Rodell et al. 2018,Rodell 2018,California & Nevada (Central Valley),substantial decrease in freshwater availability (qualitative),California decline,adopts,no,https://www.fao.org/3/cb9910en/cb9910en.pdf,"Groundwater depletion and drought have led to a substantial decrease in freshwater availability in California and adjacent Nevada (Rodell et al., 2018)."
FAO SOLAW 2021 - Systems at breaking point,FAO SOLAW 2021,FAO,2021,106,,Part 1,Famiglietti 2014; Doll et al. 2014,Famiglietti 2014,global,GRACE 'proved challenging'; 113 km3/yr,global 113 km3/yr,adopts,partial,https://www.fao.org/3/cb9910en/cb9910en.pdf,"Verifying the scale and magnitude of depletion trends using remote sensing ... (the National Aeronautics and Space Administration Gravity Recovery and Climate Experiment satellite mission) has proved challenging (Famiglietti, 2014). ... Modelled estimates suggest that between 2000 and 2009, global groundwater depletion for all uses was of the order of 113 km3/year (Doll et al., 2014)."
World Bank - Beyond Scarcity: Water Security in MENA,WB MENA 2018,World Bank,2018,25,,Ch.1 (overview),Richey et al. 2015,Richey 2015,global / MENA,large uncertainties in total groundwater storage (qualitative),storage uncertainty,uncertainty,no,https://documents1.worldbank.org/curated/en/890941506586994988/pdf/120105-PUB-v2-PUBLIC.pdf,"It is difficult to predict when aquifers may become compromised, given the large uncertainties in total groundwater storage (Richey et al. 2015)."
