Study_area,l2_median,l2_R,l2_sign_agree,l2_spans_zero,m_median,m_R,m_sign_agree,n_products,agree_sign
Alabama Coastal Lowlands (Gulf Coast Regional Aquifer System),0.166185551391624,2.3929952746294,0.719791666666667,TRUE,0.332392632961273,0.711686176383091,1,3,TRUE
Alsatian Aquifer and Upper Rhine Valley,-0.352424016413597,0.810431160856281,0.955208333333333,TRUE,-0.693523108959198,0.0698757162095253,1,3,TRUE
Amazonas Basin and Alter de Chao Aquifer System (Amazon Aquifer System),0.415123030830477,0.266223733653164,1,FALSE,0.517649412155151,0.330439014931519,1,3,TRUE
Antlers Aquifer,0.0253297220523961,16.5709573594416,0.540104166666667,TRUE,0.128076583147049,1.24522860419817,1,3,TRUE
Arckaringa Basin and Southwestern Great Artesian Basin (Great Artesian Basin),-0.16639946075655,1.3123269911502,0.901041666666667,TRUE,0.00144413381349295,107.764024146686,0.666666666666667,3,FALSE
Arrowsmith and Dandaragan Plateau (Perth Basin),-0.0140101173372378,16.6210920184031,0.528125,TRUE,0.129376202821732,1.86374504882928,1,3,FALSE
Bangkok Basin (Lower Chao Phraya Basin),-0.555738426351365,0.700069084046886,0.9890625,TRUE,-1.06028687953949,0.139413689461298,1,3,TRUE
Bari Doab (Indus Basin),-1.66562463764168,0.2648512821337,1,FALSE,-1.45469617843628,0.160055711456873,1,3,TRUE
Barind Tract and Central Floodplains (Bengal Basin),-0.693839733110039,0.420887199304087,1,FALSE,-1.06831514835358,0.576551910987196,1,3,TRUE
Bighorn Basin,0.0596912261930655,8.97354868576032,0.563541666666667,TRUE,-0.0139529965817928,3.43340090813485,1,3,FALSE
Black Hills Uplift,0.48879640738389,1.07665387947977,0.80625,TRUE,0.60481584072113,0.173697655868272,1,3,TRUE
Black Warrior River Aquifer System (Eutaw and McShan Formations and Tuscaloosa Group),0.0909482961015654,4.67035708772512,0.6171875,TRUE,-0.0950765609741211,2.26241160539646,0.666666666666667,3,FALSE
Blue Mountains and Clearwater Embayment (Columbia Plateau Regional Aquifer System),-0.181553491635964,2.03268492118599,0.772395833333333,TRUE,-0.0489626489579678,7.273498131483,0.666666666666667,3,TRUE
Bluffton Till Plain (Central Lowland Till Plain),-0.0485579722949124,10.3695151691975,0.546875,TRUE,0.0342699773609638,7.50488630791311,0.666666666666667,3,FALSE
Canning Basin,0.0267579736715719,9.03151695514121,0.5734375,TRUE,0.101780913770199,1.89844886863532,0.666666666666667,3,TRUE
Catahoula Area (Gulf Coast Regional Aquifer System),0.180408254262433,1.89907484736905,0.730208333333333,TRUE,0.135138139128685,1.32283511451745,1,3,TRUE
Central Allegheny Plateau (Appalachian Plateaus),-0.0827299404378283,6.2282567492936,0.594270833333333,TRUE,-0.000633071584161371,105.760801655963,0.666666666666667,3,TRUE
Central Alluvial-Laucustrine Plain (North China Plain),-0.659523598946021,0.69510464714148,0.9875,TRUE,-1.34977054595947,0.165562954264603,1,3,TRUE
Central Cambay Basin (Cambay Basin),-0.0423808865763603,6.92632351039288,0.569791666666667,TRUE,0.0750797614455223,3.95770819492043,0.666666666666667,3,FALSE
Central Carrizo-Wilcox (Carrizo-Wilcox),-0.308834189720395,1.34624376354104,0.917708333333333,TRUE,-0.354952841997147,0.871694871665485,1,3,TRUE
Central Coromandel Fractured Charnockite and Gneiss Aquifers (Coromandel Coastal Plain),0.0730170672215846,1.67125206967558,0.791666666666667,TRUE,-0.0124062551185489,36.920448175697,0.666666666666667,3,FALSE
Central Cumberland Plateau and Sequatchie Valley (Appalachian Plateaus),0.168082316783524,2.19626309664235,0.697916666666667,TRUE,-0.00867128372192383,11.8198695697003,0.666666666666667,3,FALSE
Central Dharwar Craton Banded Gneiss Complex (Dharwar Craton Banded Gneiss Complex),0.473016268224053,0.495365572872284,1,FALSE,0.520492851734161,0.372725959960016,1,3,TRUE
Central Eromanga Depocenter (Great Artesian Basin),-0.0624164133262279,3.35955604376391,0.615625,TRUE,0.069590300321579,0.540853233938442,1,3,FALSE
Central Eucla Basin (Eucla Basin),-0.102168440629784,2.23356880786986,0.698958333333333,TRUE,0.107147328555584,0.717130316650269,1,3,FALSE
Central High Plains (High Plains),-0.925677987272023,1.30278772180904,0.975,TRUE,-1.6709851026535,0.284830914276342,1,3,TRUE
Central Huaihe Plain (Huaihe River Basin),-0.380302814072964,1.40752358262916,0.928125,TRUE,-0.606287479400635,0.733890192272452,1,3,TRUE
Central Karoo Basin (Main Karoo Basin),0.130066806479593,1.11399025767367,0.891145833333333,TRUE,0.273287564516068,0.392204740475173,1,3,TRUE
Central Littoral Plain (North China Plain),-0.340059203353199,0.645039748681954,0.9796875,TRUE,-0.703696608543396,0.978989960249262,1,3,TRUE
Central Mallee (Murray Basin),0.0323692763393675,7.31236211571013,0.5453125,TRUE,0.241689309477806,0.359773716752587,1,3,TRUE
Central Minnesota Surficial and Buried Sand and Gravel Aquifers,-0.322508266934809,2.39878827089366,0.705208333333333,TRUE,-0.216619193553925,1.03559190890488,1,3,TRUE
Central Mississippi Embayment (Mississippi Embayment),0.157514679435668,2.32557442257509,0.696354166666667,TRUE,0.112448573112488,0.911944349916833,1,3,TRUE
Central Parana Basin and Torres Syncline (Guarani Aquifer System),0.140169909668077,1.86255424481883,0.7328125,TRUE,0.326079994440079,0.603731742901224,1,3,TRUE
Central Paris Basin (Paris Basin),-0.235376503711317,1.24888158603103,0.844791666666667,TRUE,-0.385734230279923,0.11038196202407,1,3,TRUE
Central Piedmont Upland (Piedmont Plateau),0.0172610091966411,25.2137577004876,0.5234375,TRUE,0.183495044708252,1.06599273161009,0.666666666666667,3,TRUE
Central Pilbara Granite-Greenstone Terrane (Pilbara Craton),-0.364968328341548,0.843036913020118,0.997916666666667,TRUE,-0.342514753341675,0.497591989063149,1,3,TRUE
Central Urucuia Aquifer (Urucuia Aquifer System),-1.00432256806524,0.54496218291916,1,FALSE,-1.56810200214386,0.209627682975307,1,3,TRUE
Central Wabash and Bloomington Ridged Plain (Central Lowland Till Plain),0.0747318841666923,6.58720542709583,0.591666666666667,TRUE,-0.0206084940582514,9.01833705241845,0.666666666666667,3,FALSE
Chaj Doab (Indus Basin),-1.24475014707544,0.306377925139529,1,FALSE,-0.847007036209106,0.11056590867828,1,3,TRUE
Chicxulub Sedimentary Basin (Yucatan Peninsula),0.164396011139415,1.60584914883538,0.767708333333333,TRUE,0.557631850242615,0.547571751833946,1,3,TRUE
Clarence-Moreton Basin and Cecil Plains (Great Artesian Basin),0.223389811008233,0.999768201273231,0.966666666666667,TRUE,0.437612324953079,0.234323490331169,1,3,TRUE
Coatzacoalcos Coastal Aquifer (Coastal Plain of Veracruz),-0.305891566366434,1.16126395683065,0.9234375,TRUE,-0.716448485851288,0.730402825754486,1,3,TRUE
Coonamble Embayment (Great Artesian Basin),0.246061382895791,0.911212854681179,0.978125,TRUE,0.428155869245529,0.380946348411137,1,3,TRUE
Dakota Aquifer System,0.269654488032693,1.61537577007504,0.790625,TRUE,0.395930975675583,0.499008561306274,1,3,TRUE
Daly Basin (Daly-Wiso-Georgina Basins),0.00873887315066564,25.0947650947345,0.526041666666667,TRUE,-0.0871737450361252,0.470536087140613,1,3,FALSE
Delmarva Peninsula (North Atlantic Coastal Plain),0.00946668382322355,52.5758654686185,0.50625,TRUE,0.329403012990952,0.823317181659779,1,3,TRUE
Denver Basin,-0.0874601984136884,5.23324057069021,0.605729166666667,TRUE,-0.211484715342522,0.878548591055036,0.666666666666667,3,TRUE
Devonian and Overlying Unconsolidated Aquifers (Southern Ontario Paleozoic Aquifer System),0.557887027685607,1.01513178082146,0.947395833333333,TRUE,0.98288631439209,0.432695964899173,1,3,TRUE
Dougherty Plain and Marianna Lowlands (Floridan Aquifer System),0.221022453268593,1.65932230987785,0.740104166666667,TRUE,0.43594828248024,0.519115706682193,1,3,TRUE
Eastern Armorican Massif (Armorican Massif),-0.102961911366663,3.12049853041961,0.660416666666667,TRUE,-0.0773266777396202,1.02548346787446,0.666666666666667,3,TRUE
Eastern C Aquifer (The C Aquifer),-0.5181370902959,0.708068590409545,0.897395833333333,TRUE,-0.296970546245575,0.689230700680945,1,3,TRUE
Eastern Cambrian-Ordovician Aquifers (Northern Midwest Aquifer System),0.432227400416268,1.03645803827182,0.840104166666667,TRUE,0.17907427251339,0.324296684385592,1,3,TRUE
Eastern Carrizo-Wilcox (Carrizo-Wilcox),0.0647123105304513,5.60966665843594,0.5859375,TRUE,0.0834673717617989,0.387118721469747,1,3,TRUE
Eastern Dakota Aquifer,0.073467194333586,6.10044955403296,0.592708333333333,TRUE,-0.199572801589966,0.848560721995439,0.666666666666667,3,FALSE
Eastern Deccan Basalt Plateau (Deccan Plateau),0.723498523422999,0.39836093691931,1,FALSE,0.47081446647644,0.631318050132195,1,3,TRUE
Eastern Duero Basin (Duero Basin),-0.259377064789232,1.14124084721222,0.9,TRUE,-0.116192564368248,1.1634273376346,1,3,TRUE
Eastern Eromanga Basin (Great Artesian Basin),0.000896614176085023,236.391799812251,0.5015625,TRUE,0.118388123810291,0.135250288156825,1,3,TRUE
Eastern Flatwoods Southshores (Floridan Aquifer System),0.177526023485895,2.10944095408943,0.703645833333333,TRUE,0.570771872997284,0.431017851677163,1,3,TRUE
Eastern Huaihe Plain (Huaihe River Basin),-0.37385314274233,0.921380363515391,0.954166666666667,TRUE,-0.537429094314575,0.704072305148613,1,3,TRUE
Eastern Karoo Basin (Main Karoo Basin),0.0844130878187499,1.52372867089803,0.866145833333333,TRUE,0.345194756984711,1.02409897974706,0.666666666666667,3,TRUE
Eastern Malwa Plateau (Malwa Plateau),0.172831264048394,6.64411701899668,0.576041666666667,TRUE,0.542162775993347,0.953252106259665,1,3,TRUE
Eastern Malwa Plateau Alluvial Aquifer (Malwa Plateau),-1.62355208893501,0.891920780313738,1,FALSE,-2.72161960601807,0.212130211207765,1,3,TRUE
Eastern Mekong Delta (Mekong Delta),-0.15292782581921,1.00790941487096,0.919791666666667,TRUE,-0.526691734790802,0.546868466316849,1,3,TRUE
Eastern Mississippi Embayment (Mississippi Embayment),0.116473772792321,3.53082304424355,0.659895833333333,TRUE,-0.0826252028346062,1.40480841482062,0.666666666666667,3,FALSE
Eastern Otway Basin (Otway Basin),0.00991296962382477,25.3068591564429,0.524479166666667,TRUE,0.266704350709915,0.927826701931242,1,3,TRUE
Eastern Parecis Basin (Parecis Basin),-0.394565900458618,0.476049765193929,0.977604166666667,TRUE,-0.103290297091007,2.90240459962568,0.666666666666667,3,TRUE
Eastern Paris Basin (Paris Basin),-0.277089912205492,1.00010473870634,0.901041666666667,TRUE,-0.515780985355377,0.141874338191287,1,3,TRUE
Eastern Pennyroyal Plateau (Interior Low Plateaus),0.0628923946021055,6.41723217974096,0.580729166666667,TRUE,0.0248816311359406,2.74683101585959,0.666666666666667,3,TRUE
Eastern Pilbara Granite-Greenstone Terrane (Pilbara Craton),-0.345303163548573,0.765237543476573,0.997916666666667,TRUE,-0.374181061983109,0.40270287771039,1,3,TRUE
Eastern Poti and Piaui and Cabecas and Serra Grande Aquifers (Parnaiba Basin),0.163550668938176,0.990478081195885,0.808333333333333,TRUE,-0.0564000830054283,4.40509751065108,0.666666666666667,3,FALSE
Eastern Riverine Plains (Murray Basin),0.280814242541493,0.959473662440061,0.934895833333333,TRUE,0.53595906496048,0.19229126299322,1,3,TRUE
Eastern Saq Aquifer (Ram-Saq Aquifer System),-0.903862897409158,1.06823010446817,1,FALSE,-1.27907681465149,0.324649285709892,1,3,TRUE
Eastern Satpura Basalt Aquifers (Satpura Basalts),0.815431265370597,0.806225839934406,1,FALSE,1.06340146064758,0.142694467032971,1,3,TRUE
Eastern Second Songhuajiang System (Songnen Plain),0.444762160742099,0.883359774831986,1,FALSE,0.322409152984619,0.415434336181359,1,3,TRUE
Eastern Silurian-Devonian Aquifers (Northern Midwest Aquifer System),0.301602399264053,1.16120031015203,0.903645833333333,TRUE,0.461605995893478,0.417401799362861,1,3,TRUE
Eastern Vindhyan Basin,0.0362608391480634,14.5074356456009,0.5328125,TRUE,0.599346339702606,0.567674085957911,1,3,TRUE
Eastside Lower Indus Valley (Indus Basin),-0.0224463816567225,38.3715522836576,0.517708333333333,TRUE,-0.04813302308321,8.37813570721506,0.666666666666667,3,TRUE
Eastside Middle Indus Plain (Indus Basin),-1.33836639147945,0.336860252268697,1,FALSE,-1.10842096805573,0.49867645130854,1,3,TRUE
Edwards Plateau (Edwards-Trinity Aquifer System),-0.575857367385142,0.584237943391895,1,FALSE,-0.643089234828949,0.0794371470038641,1,3,TRUE
Flint Hills Upland (Osage Cuestas Aquifer System),-0.0096450416346667,44.2045618051907,0.51875,TRUE,-0.259714901447296,0.465584882632405,1,3,TRUE
Gambier Embayment (Otway Basin),0.0174048050751409,14.4021908062119,0.5390625,TRUE,0.0550869330763817,3.5558560238843,0.333333333333333,3,TRUE
Ghaap Plateau Dolomite Aquifer System,0.139747033074988,1.08535137169048,0.899479166666667,TRUE,0.235230952501297,0.547749846985465,1,3,TRUE
Great Bend Prairie (High Plains),-0.469504597008362,1.46101555545919,0.85625,TRUE,-0.376586437225342,1.36899927699463,1,3,TRUE
Great Plains Dakota Aquifer,-0.21237511289403,2.39318009257165,0.7296875,TRUE,-0.316452115774155,0.673237166039876,1,3,TRUE
Gunnedah Basin and Liverpool Plains,0.279048604191909,0.889820046920046,1,FALSE,0.461753636598587,0.571789985995117,1,3,TRUE
Gypsum Hills,-0.747661131310711,1.39156712802856,0.949479166666667,TRUE,-1.00772285461426,0.598026922210635,1,3,TRUE
Hatfield Valley,-0.0329216958769692,21.783250268712,0.530208333333333,TRUE,-0.0803085118532181,1.91741104272395,0.666666666666667,3,TRUE
Hetao Basin,-0.348682395156122,0.70644136357688,0.9671875,TRUE,-0.529333591461182,0.125258536897359,1,3,TRUE
Hill Country (Edwards-Trinity Aquifer System),-0.524733117562595,0.835767604434616,0.9671875,TRUE,-0.777560293674469,0.469386323668982,1,3,TRUE
Houston-Galveston Area (Gulf Coast Regional Aquifer System),-0.238081086166297,1.71460018853223,0.852083333333333,TRUE,-0.320111989974976,1.24350843892699,1,3,TRUE
Intermediate Aquifer (Floridan Aquifer System),0.241811729875531,1.68052848297883,0.752604166666667,TRUE,0.997482895851135,0.124749193097622,1,3,TRUE
Ivanhoe Plains (Murray Basin),0.104983609587772,2.25379122646194,0.684895833333333,TRUE,0.287654280662537,0.290083708416718,1,3,TRUE
Jianghan Plain,0.282928549897152,1.02749316334413,0.931770833333333,TRUE,0.181507661938667,1.21015636692351,0.666666666666667,3,TRUE
Jiangsu Coastal Plain (Huaihe River Basin),0.0253877350755101,9.60842253121077,0.5640625,TRUE,-0.0676716566085815,1.23121171858348,0.666666666666667,3,FALSE
Kurnool Basin (Cuddapah Sedimentary Basin),0.431610501850385,0.418564360998835,1,FALSE,0.378980159759522,0.213404921368078,1,3,TRUE
Lachlan Alluvium,0.351772500280997,0.985004470686833,0.975,TRUE,0.624394714832306,0.180658873640234,1,3,TRUE
Lafayette Area (Gulf Coast Regional Aquifer System),0.131208618680273,2.49649521429734,0.709895833333333,TRUE,0.154716804623604,0.214230960633328,1,3,TRUE
Laizhou Coastal Plain,-0.348203582165406,0.711610382742586,0.983333333333333,TRUE,-0.942880511283874,0.295514292704112,1,3,TRUE
Lake Frome Embayment (Great Artesian Basin),-0.00945168371125271,23.6327268043876,0.508854166666667,TRUE,0.164488315582275,0.735317644662958,1,3,FALSE
Landes Plain (Aquitaine Basin),-0.0550634076333953,5.45892429512071,0.584895833333333,TRUE,-0.257664352655411,0.581316598234445,0.666666666666667,3,TRUE
Lannemezan Plateau (Aquitaine Basin),-0.10037237648837,2.74191645338472,0.709895833333333,TRUE,-0.377201408147812,0.48041843821402,1,3,TRUE
Letaba Lowveld,-0.24965464173284,0.517494072886394,0.998958333333333,TRUE,-0.157093897461891,0.546011896919419,1,3,TRUE
Limpopo Plateau,-0.132756974898241,1.03232275017856,0.9296875,TRUE,0.00991498120129108,7.67925621798719,0.666666666666667,3,FALSE
Lower Athabasca (Lower Athabasca Basin),-0.354866701777795,3.84754416833467,0.683333333333333,TRUE,-1.00947499275208,0.305752300695907,1,3,TRUE
Lower Coastal Plain (Floridan Aquifer System),0.237229453559597,1.8789166136764,0.732291666666667,TRUE,0.726419627666473,0.110194391718789,1,3,TRUE
Lower Liaohe River Plain (Liaohe River Basin),0.0190795339737342,10.5275883613908,0.565104166666667,TRUE,-0.159216210246086,2.12831045617151,0.666666666666667,3,FALSE
Lower Limestone Coast Aquifer System (Murray Basin),0.0149978709197235,16.2382598176331,0.533854166666667,TRUE,0.270759552717209,0.808281682383283,0.666666666666667,3,TRUE
Madhupur Tract and Eastern Floodplains (Bengal Basin),-0.617897098667353,0.426976201592451,1,FALSE,-0.804232895374298,1.13885794849382,0.666666666666667,3,TRUE
Malm Valangnian Aquifer,-0.502609192703455,0.4767413699387,1,FALSE,-0.650035679340363,1.00574364679163,1,3,TRUE
Malwa Plateau Gneiss Complex (Malwa Plateau),-0.782644090626832,0.341223602385186,1,FALSE,-0.933305740356445,0.469483286533789,1,3,TRUE
Michigan Basin,0.617960717341416,0.892115284418705,0.9578125,TRUE,1.55716264247894,0.127016595001832,1,3,TRUE
Middle Chao Phraya Basin,-0.351812459537909,1.11076928444096,0.946875,TRUE,-0.575817286968231,0.153405617926237,1,3,TRUE
Middle Gangetic Plain (Indo-Gangetic Plain),-0.679511921412402,0.351330745525744,1,FALSE,-1.09369719028473,0.101208696142185,1,3,TRUE
Middle-Upper Devonian Aquifer System (Baltic Artesian Basin),0.0520159021708567,6.68847353666789,0.615625,TRUE,0.130406707525253,1.93140333608869,0.666666666666667,3,TRUE
Milk River,0.0457654108101253,8.08222052630411,0.571354166666667,TRUE,0.10124284029007,1.65688124678774,1,3,TRUE
Mimosa Syncline and Eastern Surat Basin (Great Artesian Basin),0.153836064560225,1.35522050691012,0.838020833333333,TRUE,0.23349367082119,0.344898288043105,1,3,TRUE
Missionary Plains Syncline and Mereenie Anticline (Amadeus Basin),-0.285182975737581,1.25620062731568,0.920833333333333,TRUE,-0.257445931434631,0.394585048339679,1,3,TRUE
Mississippi Delta (Gulf Coast Regional Aquifer System),0.248984215039585,1.35354653675824,0.8,TRUE,0.347703009843826,2.90954717747365,1,3,TRUE
Mississippian-Silurian-Devonian Carbonates (Northern Midwest Aquifer System),0.198257777677928,2.57858503856061,0.694270833333333,TRUE,0.01564035192132,5.55036424373426,0.666666666666667,3,TRUE
Mount Vernon Hill County (Central Lowland Till Plain),0.093715764535364,4.76524206491962,0.60625,TRUE,-0.0146635454148054,0.846565438299809,0.666666666666667,3,FALSE
Nanyang Basin,0.0774538837080081,3.34899457098166,0.665625,TRUE,-0.307526171207428,1.15561390176014,0.666666666666667,3,FALSE
New Brunswick Carboniferous Basin (Maritimes Basin),0.396910634595981,1.71133721295228,0.7921875,TRUE,0.845978438854218,0.690221341078095,1,3,TRUE
New Jersey Coastal Plain (North Atlantic Coastal Plain),0.0857415697205733,5.67169357497016,0.603125,TRUE,0.215435117483139,1.17463997843073,1,3,TRUE
Newcastle Till Plain (Central Lowland Till Plain),-0.0817069261428778,6.40814170430636,0.583333333333333,TRUE,-0.120275400578976,0.924090931532257,1,3,TRUE
North Carolina and Virginia Coastal Plain (North Atlantic Coastal Plain),0.0924524688761717,4.85957360301449,0.601041666666667,TRUE,0.182919889688492,0.986655338996734,1,3,TRUE
North Rewa Basin (Son-Mahandai Valley Basins),0.095930103422581,3.63110130543224,0.628125,TRUE,0.191240236163139,2.05158550605953,1,3,TRUE
North-central High Plains (High Plains),-0.540288421339857,1.26407745012141,0.868229166666667,TRUE,-1.12925791740417,0.3195716581888,1,3,TRUE
Northcentral Coromandel Schist Aquifers (Coromandel Coastal Plain),0.285872815165996,0.388778842109914,1,FALSE,0.222901195287704,0.927078961558419,1,3,TRUE
Northcentral Deccan Basalt Plateau (Deccan Plateau),0.725927795531511,0.521209679725135,1,FALSE,0.641748249530792,0.367365069994666,1,3,TRUE
Northcentral Mega Aquifer System (Mega Aquifer System),-0.323156708316219,0.878760631572989,0.913541666666667,TRUE,-0.449627757072449,0.289122346623624,1,3,TRUE
Northcentral Piedmont Plain (North China Plain),-0.704660016171799,0.640289962004395,0.990625,TRUE,-1.33644354343414,0.120031744103351,1,3,TRUE
Northcentral Piedmont Upland (Piedmont Plateau),-0.0653204552739777,7.41320480807801,0.5578125,TRUE,0.0823846012353897,2.71852305508473,0.666666666666667,3,FALSE
Northcentral Valley and Ridge (Valley and Ridge Aquifer System),-0.070616966739873,6.75891717937273,0.577604166666667,TRUE,0.0371901541948319,3.41724520782807,0.666666666666667,3,FALSE
Northeast Missouri Carbonates (Northern Midwest Aquifer System),0.144554903647053,3.35906415169747,0.6421875,TRUE,0.134802624583244,0.540108546434397,1,3,TRUE
Northeastern Deccan Basalt Plateau (Deccan Plateau),0.68472721696204,0.616949242604844,1,FALSE,0.782143473625183,0.254299091843663,1,3,TRUE
Northeastern Judith River (Bearpaw-Judith River Aquifer System),0.00957119180174459,48.4427397371741,0.507291666666667,TRUE,-0.0157628078013659,5.78457784747535,0.666666666666667,3,FALSE
Northeastern Karoo Basin (Main Karoo Basin),0.0746846502039183,2.46384154522495,0.707291666666667,TRUE,0.226835489273071,1.03199077008294,1,3,TRUE
Northern Allegheny Plateau (Appalachian Plateaus),-0.0490521111424751,13.279636710464,0.525520833333333,TRUE,0.248224183917046,0.288637987067268,1,3,FALSE
Northern Aquitaine Basin (Aquitaine Basin),-0.108404857367728,2.84337385375719,0.697395833333333,TRUE,-0.319053053855896,0.43653216938654,1,3,TRUE
Northern Cambrian-Ordovician Aquifers (Northern Midwest Aquifer System),0.312973057940391,1.21300086791841,0.90625,TRUE,0.77788782119751,0.705294513926818,1,3,TRUE
Northern Columbia River Basin (Columbia Plateau Regional Aquifer System),-0.4123189884672,1.24280373256669,0.8703125,TRUE,-0.370138049125671,0.606357508012224,1,3,TRUE
Northern Cumberland Plateau and Mountains (Appalachian Plateaus),0.0263653779895959,15.3397404975567,0.540625,TRUE,0.158797979354858,0.559039564775459,1,3,TRUE
Northern Dharwar Craton Banded Gneiss Complex (Dharwar Craton Banded Gneiss Complex),0.585606441758707,0.443632710877062,1,FALSE,0.519936501979828,0.210412896260234,1,3,TRUE
Northern Duero Basin (Duero Basin),-0.17639877331801,1.49423255955227,0.8328125,TRUE,-0.0565550811588764,1.177923179493,0.666666666666667,3,TRUE
Northern Eromanga Basin (Great Artesian Basin),-0.00640447829893631,29.9739726487645,0.515104166666667,TRUE,0.15931436419487,0.566353106410888,0.666666666666667,3,FALSE
Northern Georgina Basin (Daly-Wiso-Georgina Basins),0.41142703356107,0.931718811069274,1,FALSE,0.881266534328461,0.185776735233662,1,3,TRUE
Northern Guarani Aquifer (Guarani Aquifer System),-0.923266831404929,0.448945445411692,1,FALSE,-1.31578207015991,0.1810765584485,1,3,TRUE
Northern High Plains (High Plains),0.243483955430572,2.11049017493935,0.725520833333333,TRUE,0.365992605686188,0.146837136137642,1,3,TRUE
Northern Hirri Basin (Chhattisgarh Basin),0.199137662390674,1.66886833837899,0.854166666666667,TRUE,0.253174871206284,1.42454796796144,1,3,TRUE
Northern Karoo Basin (Main Karoo Basin),0.168308182130551,1.19478895173247,0.943229166666667,TRUE,0.233171910047531,0.21223017628817,1,3,TRUE
Northern Khorat Plateau (Khorat Plateau Aquifer System),-0.127476283706611,1.64726212526404,0.7515625,TRUE,-0.398790180683136,0.351025597297936,1,3,TRUE
Northern Mallee (Murray Basin),0.0144082428387808,16.2161951210014,0.511458333333333,TRUE,0.240704938769341,0.180040963423569,1,3,TRUE
Northern Mega Aquifer System (Mega Aquifer System),-0.597604505668763,0.54409870982423,0.96875,TRUE,-0.425623625516892,0.480232375190972,1,3,TRUE
Northern Nuomin-Taoer System (Songnen Plain),0.644088294521193,0.761522320270659,1,FALSE,0.917102038860321,0.149227185350925,1,3,TRUE
Northern Paris Basin (Paris Basin),-0.13578728862914,2.17339691206175,0.752083333333333,TRUE,-0.422847419977188,1.0102223611463,1,3,TRUE
Northern Piedmont Upland (Piedmont Plateau),0.00979171920166036,50.2596169490037,0.517708333333333,TRUE,0.127890437841415,1.83609128348555,1,3,TRUE
Northern Piedmont and Tista Fan (Bengal Basin),-0.989337273513922,0.575013321468481,1,FALSE,-1.97202968597412,0.272286663316928,1,3,TRUE
Northern Pitted Karst Plain (Yucatan Peninsula),0.144550135190158,1.92183597717525,0.740625,TRUE,0.959003031253815,0.655990238542753,1,3,TRUE
Northern Riverine Plains (Murray Basin),0.254952954846041,0.952683387893828,0.938020833333333,TRUE,0.480379670858383,0.170820256783557,1,3,TRUE
Northern San Juan Basin,-0.465127952825594,0.757458712379264,0.933333333333333,TRUE,-0.528892755508423,0.703216812864772,1,3,TRUE
Northern Saurashtra Deccan Trap Basalts (Saurashtra Deccan Trap Basalts),0.0343197871739189,10.6678038705371,0.528645833333333,TRUE,0.136523708701134,7.04689295980736,0.666666666666667,3,TRUE
Northern St. Lawrence Lowlands (St. Lawrence Lowlands),0.830570275231117,0.739915331716851,0.869791666666667,TRUE,0.219286099076271,1.15649704971602,1,3,TRUE
Northern Valley and Ridge (Valley and Ridge Aquifer System),-0.09182948734336,5.77564357066121,0.603645833333333,TRUE,0.193270266056061,0.676119193088622,0.666666666666667,3,FALSE
Northwestern Deccan Basalt Plateau (Deccan Plateau),0.851690148643577,0.716666861424541,1,FALSE,1.00954210758209,0.0673967276732203,1,3,TRUE
Northwestern Malwa Plateau (Malwa Plateau),0.224857418799036,5.95327834186478,0.6359375,TRUE,0.393384397029877,1.81725724424404,1,3,TRUE
Ocala Uplift (Floridan Aquifer System),0.279396951425407,1.44260412490093,0.7890625,TRUE,0.679854512214661,0.225457927387059,1,3,TRUE
Osage Plains (Osage Cuestas Aquifer System),0.119925156275778,3.79005524740342,0.6578125,TRUE,0.0368358381092548,3.65510796117938,1,3,TRUE
Ozark Plateaus Aquifer System,0.226562370543875,1.92785162020211,0.743229166666667,TRUE,0.273862093687058,0.525076646316521,1,3,TRUE
Palouse Slope (Columbia Plateau Regional Aquifer System),-0.317614482237455,1.30122852611809,0.834895833333333,TRUE,-0.0569324307143688,2.78031625729592,0.666666666666667,3,TRUE
Paskapoo-Scollard,-0.322977990667824,1.77885763531139,0.847916666666667,TRUE,-0.464728772640228,0.831993476857015,0.666666666666667,3,TRUE
Pearl and Chattahoochee Aquifer System,0.164061268987822,2.25449903526724,0.696875,TRUE,0.443725675344467,0.728866946610049,0.666666666666667,3,TRUE
Pecos Valley,-0.839338662866549,0.413006743364837,1,FALSE,-0.853464126586914,0.21529823269514,1,3,TRUE
Peedee and Black Creek and Cape Fear Aquifers,0.193004268332743,2.4683552022831,0.694270833333333,TRUE,0.520419538021088,0.212656268772496,1,3,TRUE
Poolowanna Trough and Western Eromanga Basin (Great Artesian Basin),-0.0969105778390422,2.19331766414364,0.758854166666667,TRUE,0.0353259406983852,1.71683992012853,1,3,FALSE
Powder River Basin (Northern Great Plains),0.378713261224424,1.43357210176718,0.7578125,TRUE,0.305346786975861,0.393185439643294,1,3,TRUE
Rechna Doab (Indus Basin),-1.55933072221571,0.266366781747825,1,FALSE,-1.38197898864746,0.0441467521444197,1,3,TRUE
Red River Delta,0.332732669961562,0.65555706259901,1,FALSE,0.103350475430489,2.90166735080488,1,3,TRUE
Ribstone Creek and Northern Judith River Aquifer (Bearpaw-Judith River Aquifer System),0.0436396488137901,9.53186486048047,0.550520833333333,TRUE,-0.133616909384727,1.96566475358929,0.666666666666667,3,FALSE
Rio Grande Delta (Gulf Coast Regional Aquifer System),-0.287591680837426,1.18552796829587,0.905729166666667,TRUE,-0.484078168869019,0.673985567169744,1,3,TRUE
Roma Shelf and Northern Surat Basin (Great Artesian Basin),0.127432721849597,1.59746535982273,0.736458333333333,TRUE,0.182159349322319,0.877551217402878,1,3,TRUE
Rush Springs Aquifer,-0.709690354144403,1.04450180448883,0.95625,TRUE,-0.561001896858215,0.92113875298155,1,3,TRUE
San Luis Valley (Middle Rio Grande),-0.534393054399906,0.802228127244445,0.970833333333333,TRUE,-0.685838758945465,0.0824663352298034,1,3,TRUE
Sea Island (Floridan Aquifer System),0.273095484564958,1.53453286646208,0.773958333333333,TRUE,0.731967806816101,0.216713046874275,1,3,TRUE
Seymour-Blaine Aquifer System,-0.818282950518137,0.647707459070537,0.991666666666667,TRUE,-0.800944864749908,0.200844568887731,1,3,TRUE
Shawnee Hills (Interior Low Plateaus),0.100477597846299,4.19479561036366,0.636979166666667,TRUE,-0.033284455537796,3.45454142532375,0.666666666666667,3,FALSE
Silurian and Overlying Unconsolidated Aquifers (Southern Ontario Paleozoic Aquifer System),0.480604697968139,1.38462775680143,0.772395833333333,TRUE,1.00684893131256,0.3915129786536,1,3,TRUE
South Platte Basin,0.120422367825412,4.11788597741506,0.632291666666667,TRUE,-0.0426176525652409,5.6796180519225,0.666666666666667,3,FALSE
South-central High Plains (High Plains),-1.01874331780405,1.28107150875342,0.9796875,TRUE,-1.55121505260468,0.246497780793673,1,3,TRUE
Southcentral Deccan Basalt Plateau (Deccan Plateau),0.632182593004266,0.409789859330771,1,FALSE,0.293321251869202,0.79660916207184,1,3,TRUE
Southcentral Floodplains (Bengal Basin),-0.386982485300022,0.470461198776592,1,FALSE,-0.332418352365494,1.61729206698626,0.666666666666667,3,TRUE
Southcentral Karoo Basin (Main Karoo Basin),0.0538420201211052,2.99881457899854,0.694791666666667,TRUE,0.193217098712921,0.328360446625093,1,3,TRUE
Southcentral Mega Aquifer System (Mega Aquifer System),-0.175576451680654,1.60148780410163,0.820833333333333,TRUE,-0.442005962133408,0.21079963609293,1,3,TRUE
Southcentral Piedmont Upland (Piedmont Plateau),0.153944623790211,2.92134014710575,0.666666666666667,TRUE,0.284487128257751,0.307527736794093,1,3,TRUE
Southcentral Valley and Ridge (Valley and Ridge Aquifer System),0.0847101737265817,4.80374342240278,0.602083333333333,TRUE,0.204264715313911,0.294724537318537,1,3,TRUE
Southeastern Allegheny Plateau (Appalachian Plateaus),-0.104611267048652,4.24500352604604,0.636979166666667,TRUE,-0.00153966050129384,28.9285419024628,0.666666666666667,3,TRUE
Southeastern Bengal Basin (Bengal Basin),-0.350693181698746,0.561080038923082,0.9953125,TRUE,-0.157778069376946,4.00739948322239,0.666666666666667,3,TRUE
Southeastern Coastal Karoo Basin (Main Karoo Basin),0.13207102046691,1.11001858168909,0.893229166666667,TRUE,0.255816102027893,0.152654360022014,1,3,TRUE
Southeastern Surat Basin (Great Artesian Basin),0.208123395771661,1.04860932986649,0.965625,TRUE,0.295228898525238,0.268044438262032,1,3,TRUE
Southeastern System (Amadeus Basin),-0.305718118846322,0.913809811350092,0.949479166666667,TRUE,-0.15126197040081,0.870818978863107,1,3,TRUE
Southern Carpentaria Basin (Great Artesian Basin),0.139763098574614,1.2759131019775,0.872395833333333,TRUE,0.111281141638756,0.919659154164241,1,3,TRUE
Southern Coromandel Fractured Charnockite and Gneiss Aquifers (Coromandel Coastal Plain),0.0759148569147118,1.64157149408932,0.767708333333333,TRUE,-0.153273940086365,0.561403513888727,1,3,FALSE
Southern Cumberland Plateau - Pottsville Aquifer (Appalachian Plateaus),0.100139394436657,3.80797624437723,0.644270833333333,TRUE,-0.0504224337637425,4.00954904959074,0.666666666666667,3,FALSE
Southern Deccan Basalt Plateau (Deccan Plateau),0.528419070444905,0.368695473751629,1,FALSE,0.391908764839172,0.265776398913605,1,3,TRUE
Southern Dharwar Craton Banded Gneiss Complex (Dharwar Craton Banded Gneiss Complex),0.309107436772224,0.575057194404719,1,FALSE,0.306783497333527,1.25185453663736,0.666666666666667,3,TRUE
Southern High Plains (High Plains),-1.04739968979984,0.726614510405892,1,FALSE,-1.57787144184113,0.047312869419306,1,3,TRUE
Southern Hills (Gulf Coast Regional Aquifer System),0.219211808470735,1.5209456587049,0.773958333333333,TRUE,0.286543399095535,0.269462883319166,1,3,TRUE
Southern Hirri Basin (Chhattisgarh Basin),0.313543945588075,1.02921875590612,0.939583333333333,TRUE,0.327756941318512,0.961491486672938,1,3,TRUE
Southern Huaihe River Basin (Huaihe River Basin),-0.0685547457026615,3.85498882754346,0.616666666666667,TRUE,-0.135964259505272,0.491553040104415,1,3,TRUE
Southern Mallee (Murray Basin),0.0627313896610475,3.8072992752677,0.589583333333333,TRUE,0.169959038496017,0.803242362322609,1,3,TRUE
Southern Malwa Plateau (Malwa Plateau),0.561505906740233,2.59614398014617,0.8234375,TRUE,0.795203328132629,1.10507740701092,1,3,TRUE
Southern Mekong Delta (Mekong Delta),-0.217282170606987,0.988303643376286,0.952083333333333,TRUE,-0.274577021598816,1.72429036099646,1,3,TRUE
Southern Nuomin-Taoer System (Songnen Plain),0.527976674562989,0.84246488981834,1,FALSE,0.424179315567017,0.44608383165546,1,3,TRUE
Southern Odanah Shale,-0.590142966988729,2.08084563038977,0.791666666666667,TRUE,-0.402927309274673,0.837943085342401,1,3,TRUE
Southern Paris Basin (Paris Basin),-0.23110938410948,1.2306525630186,0.84375,TRUE,-0.332761496305466,0.204842936215919,1,3,TRUE
Southern Piedmont Upland (Piedmont Plateau),0.136574924971916,2.77744187206895,0.668229166666667,TRUE,0.38512459397316,0.688040064887685,0.666666666666667,3,TRUE
Southern Riverine Plains (Murray Basin),0.163764807769406,1.46794352607052,0.7890625,TRUE,0.374551981687546,0.232271730178179,1,3,TRUE
Southern Saurashtra Deccan Trap Basalts (Saurashtra Deccan Trap Basalts),0.213408491249056,1.33164475237013,0.8765625,TRUE,0.275532782077789,3.93447167904803,1,3,TRUE
Southern St. Lawrence Lowlands (St. Lawrence Lowlands),0.471262766566302,1.4221684423905,0.779166666666667,TRUE,0.0331707783043385,2.91409852841571,1,3,TRUE
Southern Valley and Ridge (Valley and Ridge Aquifer System),0.127984026630049,3.02414116498132,0.663541666666667,TRUE,0.171566545963287,1.07757375689139,0.666666666666667,3,TRUE
Southwestern Allegheny Plateau (Appalachian Plateaus),-0.157405477582506,3.09980644782237,0.675,TRUE,-0.155603110790253,0.382122440278757,1,3,TRUE
Southwestern Bengal Basin (Bengal Basin),-0.132323456723776,1.15367672752918,0.853645833333333,TRUE,-0.548544764518738,0.688063114700837,1,3,TRUE
Southwestern Chaco-Lower Parana Basin (Guarani Aquifer System),-0.0613319041004562,3.33392727478828,0.642708333333333,TRUE,-0.193390414118767,0.340409783752167,1,3,TRUE
Southwestern Flatwoods (Floridan Aquifer System),0.153310739863033,2.28005594127382,0.678125,TRUE,0.730116963386536,0.219267747705385,1,3,TRUE
Southwestern Khorat Plateau (Khorat Plateau Aquifer System),-0.303625587568337,0.84958735587935,0.944270833333333,TRUE,-0.616721332073212,0.669693541049672,1,3,TRUE
Springbok Flats Karoo Basin,-0.0184160581077741,7.28734265434487,0.5640625,TRUE,0.291665315628052,0.755345692873486,1,3,FALSE
Springfield Plain (Central Lowland Till Plain),0.0669165367451105,7.56964524242439,0.556770833333333,TRUE,-0.0280536022037268,3.1397546125754,0.666666666666667,3,FALSE
Stampriet Kalahari Karoo Aquifer System,0.14657153669516,0.764370885482859,0.982291666666667,TRUE,0.160642594099045,0.772184830781235,1,3,TRUE
Staten River Embayment and Central Carpentaria Basin (Great Artesian Basin),0.190940654233997,0.884714317059979,0.983333333333333,TRUE,0.485083729028702,0.367416779399325,1,3,TRUE
Stockton Plateau (Edwards-Trinity Aquifer System),-0.624291197781252,0.529167848900569,1,FALSE,-0.650122106075287,0.269801551061639,1,3,TRUE
Sundarbans and Southern Delta (Bengal Basin),-0.095302190236946,1.35235072888816,0.834375,TRUE,-0.423394232988358,1.10523199776895,0.666666666666667,3,TRUE
Sylhet Basin (Bengal Basin),-0.549451832020706,0.346067805735421,1,FALSE,-0.548709869384766,1.33267744419185,0.666666666666667,3,TRUE
Thal Doab (Indus Basin),-0.959801213188319,0.83075336198736,0.8,TRUE,-0.373616755008698,0.964273116782693,1,3,TRUE
Tifton Upland (Floridan Aquifer System),0.23631715913206,1.62547691101338,0.753125,TRUE,0.435663044452667,0.724951646641027,1,3,TRUE
Tipton Till Plain (Central Lowland Till Plain),0.0159382908720831,31.2228807055949,0.522395833333333,TRUE,-0.0181776583194733,10.5444903687406,0.666666666666667,3,FALSE
Trans Gangetic Plain (Indo-Gangetic Plain),-2.62935643400395,1.04876714026603,1,FALSE,-4.93014240264893,0.123143653055181,1,3,TRUE
Transboundary Judith River Aquifer (Bearpaw-Judith River Aquifer System),0.244524048749842,1.78222739708472,0.769791666666667,TRUE,0.329489856958389,0.333707464241765,1,3,TRUE
Transboundary Odanah Shale,-0.204075643926028,3.96083660707731,0.633333333333333,TRUE,-0.414395242929459,0.765333790921219,1,3,TRUE
Trinity Aquifer System (Edwards-Trinity Aquifer System),-0.250586903040339,1.32848756947751,0.865625,TRUE,-0.230811417102814,1.91777806528452,1,3,TRUE
Tuli Karoo Aquifer,-0.192708056886358,1.09044724892876,0.790104166666667,TRUE,-0.0487274862825871,2.25833717183664,1,3,TRUE
Umatilla Basin and Horse Heaven Hills (Columbia Plateau Regional Aquifer System),-0.208826555113574,1.88625058067789,0.811979166666667,TRUE,-0.0666061416268349,5.93167731669598,0.666666666666667,3,TRUE
Upper Carbonate Aquifer (Northern Midwest Aquifer System),0.123401125803244,4.31608013252108,0.601041666666667,TRUE,0.0421905741095543,4.93957306405417,0.666666666666667,3,TRUE
Upper Cauvery Banded Gneiss Aquifers (Dharwar Craton Banded Gneiss Complex),0.301158045047703,0.685599055378871,1,FALSE,0.243558779358864,1.88072048907085,0.666666666666667,3,TRUE
Upper Deschutes Basin,-0.355991988502055,1.46806925876105,0.852083333333333,TRUE,-0.186830446124077,1.11746733664173,1,3,TRUE
Upper Gangetic Plain (Indo-Gangetic Plain),-1.64727931435757,0.546493322075433,1,FALSE,-2.11932110786438,0.0646945684011962,1,3,TRUE
Upper Peninsula Jacobsville Sandstone and Cambrian-Ordovician and Silurian-Devonian Aquifers (Northern Midwest Aquifer System),1.0305399383704,0.518272853384252,1,FALSE,1.13464844226837,0.0181672412023339,1,3,TRUE
Victoria Area (Gulf Coast Regional Aquifer System),-0.370917307150214,1.64465213887662,0.911458333333333,TRUE,-0.568526387214661,1.16434098774518,1,3,TRUE
Vidalia Upland (Floridan Aquifer System),0.225020350967296,1.85740161312437,0.738541666666667,TRUE,0.681400716304779,0.418204170098916,1,3,TRUE
Wadi As-Sirhan Basin,-0.997607919319854,0.415475641498339,1,FALSE,-1.43346953392029,0.24169313554455,1,3,TRUE
Weipa Depression and Northern Carpentaria Basin (Great Artesian Basin),0.192241126250836,0.824114089136897,0.972395833333333,TRUE,0.717528760433197,0.513494781376019,1,3,TRUE
West Jutland Quaternary and Tertiary Sand Aquifer System,0.391870921215748,0.760941202241843,0.981770833333333,TRUE,0.694255352020264,0.666638449296993,0.666666666666667,3,TRUE
Western Allegheny Plateau (Appalachian Plateaus),-0.0830587279556995,6.18763980354123,0.584375,TRUE,0.0414565168321133,2.02638654491091,1,3,FALSE
Western Armorican Massif (Armorican Massif),-0.0766621163897959,4.17852545169844,0.63125,TRUE,0.174625501036644,1.03765671560662,0.666666666666667,3,FALSE
Western Bengal Basin (Bengal Basin),-0.432943801514614,0.362774688390294,1,FALSE,-0.781475305557251,0.308416609589825,1,3,TRUE
Western Brahmaputra Basin Aquifer (Brahmaputra Basin Aquifer),-0.838096611757188,0.382686490103477,1,FALSE,-1.22316062450409,0.31483317520441,1,3,TRUE
Western C Aquifer (The C Aquifer),-0.490456083279394,0.794223649441875,0.952083333333333,TRUE,-0.1131786480546,1.95670093197884,1,3,TRUE
Western Cambay Basin (Cambay Basin),0.0362928470746773,8.43610506520325,0.579166666666667,TRUE,0.189801752567291,2.38756918612776,0.666666666666667,3,TRUE
Western Cambrian-Ordovician Aquifers (Northern Midwest Aquifer System),0.189889461300215,3.01410374774765,0.658333333333333,TRUE,0.116460025310516,1.78441110613524,0.666666666666667,3,TRUE
Western Carrizo-Wilcox (Carrizo-Wilcox),-0.509574686027203,0.892674203601991,0.963541666666667,TRUE,-0.726285398006439,0.588421776296801,1,3,TRUE
Western Huaihe Plain (Huaihe River Basin),-0.387205078126679,1.28193439925849,0.928645833333333,TRUE,-0.947855591773987,0.312203621370339,1,3,TRUE
Western Karoo Basin (Main Karoo Basin),0.0706391884285274,1.83532515151969,0.797916666666667,TRUE,0.148208051919937,0.506280417780926,1,3,TRUE
Western Liaohe River Basin (Liaohe River Basin),0.0893183253466108,2.59432851943283,0.715104166666667,TRUE,-0.0585546866059303,7.85934684187469,0.666666666666667,3,FALSE
Western Mississippi Embayment (Mississippi Embayment),0.18084193322259,2.0448591095667,0.720833333333333,TRUE,0.219458550214767,0.440653319675543,1,3,TRUE
Western Parecis Basin (Parecis Basin),-0.411288742197094,0.272351592385609,1,FALSE,-0.513933479785919,0.0829718222582113,1,3,TRUE
Western Paris Basin (Paris Basin),-0.179654754901706,1.71926802822735,0.797916666666667,TRUE,-0.263193070888519,0.391448070916901,1,3,TRUE
Western Pilbara Granite-Greenstone Terrane (Pilbara Craton),-0.334028302427851,0.832799172184575,0.995833333333333,TRUE,-0.227960124611855,0.658267652712143,1,3,TRUE
Western Riverine Plains (Murray Basin),0.190141030442266,1.23687804744724,0.866666666666667,TRUE,0.311878204345703,0.365436694258596,1,3,TRUE
Western Satpura Basalt Aquifers (Satpura Basalts),0.821959522189791,1.34448366344003,0.993229166666667,TRUE,1.13755750656128,0.293948225857226,1,3,TRUE
Western Second Songhuajiang System (Songnen Plain),0.379808253603937,0.917477325197049,0.999479166666667,TRUE,0.196990340948105,1.45486065672108,0.666666666666667,3,TRUE
Western Surat Basin (Great Artesian Basin),0.0559186726429755,3.81522286484713,0.6453125,TRUE,0.212810024619102,0.606573889367871,1,3,TRUE
Westside Middle Indus Plain (Indus Basin),-0.70920159828949,1.48330580735885,0.746354166666667,TRUE,-0.26677817106247,1.48715870588354,0.666666666666667,3,TRUE
Williston Basin (Northern Great Plains),0.188787618685333,2.61770002641523,0.714583333333333,TRUE,0.325713455677032,0.6041457096768,1,3,TRUE
Wimmera Plain (Murray Basin),0.0243948223893581,9.93072280366655,0.532291666666667,TRUE,0.23984882235527,0.836063186452371,0.666666666666667,3,TRUE
Wisconsin Precambrian Aquifer,0.480391543281934,0.824581771639571,0.991666666666667,TRUE,0.580175817012787,0.2182531166094,1,3,TRUE
Wiso Basin (Daly-Wiso-Georgina Basins),0.409525770672695,1.35182568666013,0.996875,TRUE,0.869828104972839,0.209457576884287,1,3,TRUE
Wuyuer-Shuangyang System (Songnen Plain),0.523739257914844,0.848454189368362,1,FALSE,0.482946336269379,0.297595370314946,1,3,TRUE
Yellow River Alluvial Plain (North China Plain),-0.651293334600058,1.02612728287776,0.9875,TRUE,-1.41876947879791,0.169912265688168,1,3,TRUE
