Study_area,dominance_R,abs_GRACE_trend,area_km2,lon,lat,n_wells,trend_m_yr,continent,trend_cat,anchor,tier,resolution_ratio,ai_mean,climate_zone,abs_trend_m_yr
Central Parana Basin and Torres Syncline (Guarani Aquifer System),1.86255424481883,0.140169909668077,494871,-53.3959128929699,-25.766526593603,12,-0.29,S America,shallowing,other (new),tier1,4.49882727272727,1.30855601419118,humid,0.29
Northern Guarani Aquifer (Guarani Aquifer System),0.448945445411692,0.923266831404929,419237,-50.8574307428778,-20.1107372582477,18,0,S America,stable,other (new),tier1,3.81124545454545,1.02176875213262,humid,0
Southwestern Chaco-Lower Parana Basin (Guarani Aquifer System),3.33392727478828,0.0613319041004562,330826,-58.2492363692785,-28.8381119959407,9,-0.18,S America,shallowing,other (new),tier1,3.00750909090909,0.891734722650931,humid,0.18
Amazonas Basin and Alter de Chao Aquifer System (Amazon Aquifer System),0.266223733653164,0.415123030830477,318913,-55.9432817090423,-2.8580491769155,1,-0.19,S America,shallowing,other (new),tier1,2.89920909090909,1.73655011524099,humid,0.19
Poolowanna Trough and Western Eromanga Basin (Great Artesian Basin),2.19331766414364,0.0969105778390422,292840,137.193863448878,-26.5299640820597,23,0.04,Oceania,stable,other (new),tier1,2.66218181818182,0.0597406887381162,arid,0.04
Eastern Eromanga Basin (Great Artesian Basin),236.391799812251,0.000896614176085023,290867,144.824296567856,-27.6363338980049,184,-0.02,Oceania,stable,other (new),tier1,2.64424545454545,0.183268558962221,arid,0.02
Northern Eromanga Basin (Great Artesian Basin),29.9739726487645,0.00640447829893631,281571,142.610186944451,-22.3433104934875,154,-0.09,Oceania,stable,other (new),tier1,2.55973636363636,0.173438835994611,arid,0.09
Northern High Plains (High Plains),2.11049017493935,0.243483955430572,259376,-101.002703922242,41.3394803714914,5421,0,N America,stable,HP,tier1,2.35796363636364,0.376322301358,semi-arid,0
Williston Basin (Northern Great Plains),2.61770002641523,0.188787618685333,242272,-103.274532058273,47.5311407876743,77,-0.02,N America,stable,other (new),tier1,2.20247272727273,0.350411205285494,semi-arid,0.02
Central Eromanga Depocenter (Great Artesian Basin),3.35955604376391,0.0624164133262279,214471,141.44428772563,-26.6377788323591,7,-0.02,Oceania,stable,other (new),tier1,1.94973636363636,0.0997152508115173,arid,0.02
Western Parecis Basin (Parecis Basin),0.272351592385609,0.411288742197094,213494,-58.1210092734183,-12.9251061267287,7,0.02,S America,stable,other (new),tier1,1.94085454545455,1.54251671052632,humid,0.02
Upper Gangetic Plain (Indo-Gangetic Plain),0.546493322075433,1.64727931435757,199268,79.6664694079742,27.3119541616446,397,0.05,S Asia,stable,IGP,tier1,1.81152727272727,0.614263953088458,dry sub-humid,0.05
Stampriet Kalahari Karoo Aquifer System,0.764370885482859,0.14657153669516,194772,19.4543152133407,-24.4535352754216,4,0.06,Africa,stable,other (new),tier1,1.77065454545455,0.122858699855486,arid,0.06
Northcentral Mega Aquifer System (Mega Aquifer System),0.878760631572989,0.323156708316219,179365,47.2340267976724,27.9285364941961,1,0.2,Mid East,deepening,other (new),tier1,1.63059090909091,0.0480167827562625,arid,0.2
Ozark Plateaus Aquifer System,1.92785162020211,0.226562370543875,172612,-92.7719063809266,37.1618744546686,283,-0.06,N America,stable,other (new),tier1,1.5692,0.900862356710376,humid,0.06
Western Karoo Basin (Main Karoo Basin),1.83532515151969,0.0706391884285274,146433,21.943352339077,-30.7681497288517,54,0.05,Africa,stable,other (new),tier1,1.33120909090909,0.128945351909922,arid,0.05
Middle Gangetic Plain (Indo-Gangetic Plain),0.351330745525744,0.679511921412402,145648,84.782614957168,26.1358040659066,101,0.05,S Asia,stable,IGP,tier1,1.32407272727273,0.807758476035537,humid,0.05
Northern Mega Aquifer System (Mega Aquifer System),0.54409870982423,0.597604505668763,143434,43.442314387262,30.9182773228626,1,-0.03,Mid East,stable,other (new),tier1,1.30394545454545,0.0347966908106001,arid,0.03
Canning Basin,9.03151695514121,0.0267579736715719,130597,122.80220364525,-19.3667605544481,23,0.03,Oceania,stable,other (new),tier1,1.18724545454545,0.200395311727174,semi-arid,0.03
Central Karoo Basin (Main Karoo Basin),1.11399025767367,0.130066806479593,128536,27.5336023010548,-30.3464150203532,9,0,Africa,stable,other (new),tier1,1.16850909090909,0.48554486727702,semi-arid,0
Southern Carpentaria Basin (Great Artesian Basin),1.2759131019775,0.139763098574614,124001,140.712904222328,-18.549569033649,89,0.03,Oceania,stable,other (new),tier1,1.12728181818182,0.313988796487739,semi-arid,0.03
Eastern Parecis Basin (Parecis Basin),0.476049765193929,0.394565900458618,118059,-53.4555218259645,-11.9506002165003,1,0.12,S America,deepening,other (new),tier1,1.07326363636364,1.38891764051236,humid,0.12
Eastern Poti and Piaui and Cabecas and Serra Grande Aquifers (Parnaiba Basin),0.990478081195885,0.163550668938176,117926,-41.9185847263772,-5.82104274227647,9,0.17,S America,deepening,other (new),tier1,1.07205454545455,0.735120781636376,humid,0.17
Wiso Basin (Daly-Wiso-Georgina Basins),1.35182568666013,0.409525770672695,116966,132.26713802247,-18.3596642124762,1,-0.22,Oceania,shallowing,other (new),tier1,1.06332727272727,0.20541533739349,semi-arid,0.22
Northern Georgina Basin (Daly-Wiso-Georgina Basins),0.931718811069274,0.41142703356107,116661,134.927386993097,-17.9131258050471,1,0.1,Oceania,stable,other (new),tier1,1.06055454545455,0.237780954075687,semi-arid,0.1
Dakota Aquifer System,1.61537577007504,0.269654488032693,110336,-99.1166818106529,44.5218958161265,49,-0.01,N America,stable,other (new),tier1,1.00305454545455,0.432770637938319,semi-arid,0.01
Arckaringa Basin and Southwestern Great Artesian Basin (Great Artesian Basin),1.3123269911502,0.16639946075655,107715,134.624067411426,-28.9905387654296,30,0.02,Oceania,stable,other (new),tier1,0.979227272727273,0.0702764038764115,arid,0.02
Trans Gangetic Plain (Indo-Gangetic Plain),1.04876714026603,2.62935643400395,100322,75.927985314064,29.7481368230866,422,0.17,S Asia,deepening,IGP,tier1,0.912018181818182,0.377598718529017,semi-arid,0.17
Southcentral Mega Aquifer System (Mega Aquifer System),1.60148780410163,0.175576451680654,89916,49.6393107315888,24.5367069092908,9,0.22,Mid East,deepening,other (new),tier1,0.817418181818182,0.0279511644832606,hyper-arid,0.22
Central Mississippi Embayment (Mississippi Embayment),2.32557442257509,0.157514679435668,89580,-90.8765618368462,34.4311006178087,1844,0.01,N America,stable,other (new),tier1,0.814363636363636,1.02169553813449,humid,0.01
Northern Karoo Basin (Main Karoo Basin),1.19478895173247,0.168308182130551,89072,25.8598129629715,-28.7643748464015,33,0.12,Africa,deepening,other (new),tier1,0.809745454545455,0.288414622951926,semi-arid,0.12
Mississippian-Silurian-Devonian Carbonates (Northern Midwest Aquifer System),2.57858503856061,0.198257777677928,87887,-91.9686784194515,41.7323216691694,91,0.03,N America,stable,other (new),tier1,0.798972727272727,0.862367458671652,humid,0.03
Staten River Embayment and Central Carpentaria Basin (Great Artesian Basin),0.884714317059979,0.190940654233997,81429,142.613002508794,-16.2884417432858,3,-0.08,Oceania,stable,other (new),tier1,0.740263636363636,0.518528708278713,dry sub-humid,0.08
Central Dharwar Craton Banded Gneiss Complex (Dharwar Craton Banded Gneiss Complex),0.495365572872284,0.473016268224053,81286,76.7633955346208,15.3733213872061,303,0.18,S Asia,deepening,other (new),tier1,0.738963636363636,0.345970244461809,semi-arid,0.18
Central Huaihe Plain (Huaihe River Basin),1.40752358262916,0.380302814072964,79573,115.718872122583,33.9028950593564,61,0.17,E Asia,deepening,other (new),tier1,0.723390909090909,0.662863474259934,humid,0.17
Central Minnesota Surficial and Buried Sand and Gravel Aquifers,2.39878827089366,0.322508266934809,75252,-94.475076895903,46.6560199290738,256,-0.01,N America,stable,other (new),tier1,0.684109090909091,0.803030276122508,humid,0.01
Southern High Plains (High Plains),0.726614510405892,1.04739968979984,74884,-102.515008660682,33.6665162036171,3143,0.14,N America,deepening,HP,tier1,0.680763636363636,0.225141109987792,semi-arid,0.14
Southcentral Karoo Basin (Main Karoo Basin),2.99881457899854,0.0538420201211052,72357,23.8231452823691,-32.5068793313863,56,0.12,Africa,deepening,other (new),tier1,0.657790909090909,0.194432651265127,arid,0.12
Central High Plains (High Plains),1.30278772180904,0.925677987272023,71803,-101.575915225444,36.747158501073,1301,0.45,N America,deepening,HP,tier1,0.652754545454546,0.257796980271105,semi-arid,0.45
Lower Liaohe River Plain (Liaohe River Basin),10.5275883613908,0.0190795339737342,69968,122.803337299554,42.4270318660877,25,0,E Asia,stable,other (new),tier1,0.636072727272727,0.505358722396618,dry sub-humid,0
Wadi As-Sirhan Basin,0.415475641498339,0.997607919319854,68037,38.4472391117464,30.4776326878126,4,0.22,Mid East,deepening,other (new),tier1,0.618518181818182,0.0252675282205056,hyper-arid,0.22
Eastern Saq Aquifer (Ram-Saq Aquifer System),1.06823010446817,0.903862897409158,67601,44.0574526922778,26.1275325289541,29,1.3,Mid East,rapidly deepening,other (new),tier1,0.614554545454546,0.0570128764691827,arid,1.3
Trinity Aquifer System (Edwards-Trinity Aquifer System),1.32848756947751,0.250586903040339,67070,-97.3925110012785,32.2951646063437,622,0.05,N America,stable,other (new),tier1,0.609727272727273,0.548730250210852,dry sub-humid,0.05
Wisconsin Precambrian Aquifer,0.824581771639571,0.480391543281934,65963,-89.8861101919984,45.733653943509,45,-0.02,N America,stable,other (new),tier1,0.599663636363636,1.03089829423336,humid,0.02
Lafayette Area (Gulf Coast Regional Aquifer System),2.49649521429734,0.131208618680273,65824,-93.1101116190547,30.6290250495996,431,-0.04,N America,stable,other (new),tier1,0.5984,1.07845274472642,humid,0.04
Paskapoo-Scollard,1.77885763531139,0.322977990667824,65768,-115.481028433771,53.0649872289773,26,-0.01,N America,stable,other (new),tier1,0.597890909090909,0.712528518760684,humid,0.01
Western Surat Basin (Great Artesian Basin),3.81522286484713,0.0559186726429755,65684,147.679877377498,-28.3120325045684,109,-0.01,Oceania,stable,other (new),tier1,0.597127272727273,0.249949682304413,semi-arid,0.01
Coonamble Embayment (Great Artesian Basin),0.911212854681179,0.246061382895791,65411,148.504731989458,-30.8165096440184,792,0.11,Oceania,deepening,other (new),tier1,0.594645454545455,0.317322705210644,semi-arid,0.11
Mimosa Syncline and Eastern Surat Basin (Great Artesian Basin),1.35522050691012,0.153836064560225,64955,149.642192481831,-27.1998727733948,217,0,Oceania,stable,other (new),tier1,0.5905,0.337433397488558,semi-arid,0
Wuyuer-Shuangyang System (Songnen Plain),0.848454189368362,0.523739257914844,63713,124.329598980185,45.8550336061385,19,0.04,E Asia,stable,other (new),tier1,0.579209090909091,0.425934435653066,semi-arid,0.04
Powder River Basin (Northern Great Plains),1.43357210176718,0.378713261224424,63642,-105.847712968912,44.5930206929222,12,-0.01,N America,stable,other (new),tier1,0.578563636363636,0.276846836125554,semi-arid,0.01
Central Eucla Basin (Eucla Basin),2.23356880786986,0.102168440629784,63315,133.208409341311,-31.5685760722495,87,-0.02,Oceania,stable,other (new),tier1,0.575590909090909,0.13384354496133,arid,0.02
Rio Grande Delta (Gulf Coast Regional Aquifer System),1.18552796829587,0.287591680837426,62984,-98.1333665759169,26.2757121856051,159,0.04,N America,stable,other (new),tier1,0.572581818181818,0.381522552584061,semi-arid,0.04
Michigan Basin,0.892115284418705,0.617960717341416,62295,-84.6779367319877,43.45201354931,56,-0.02,N America,stable,other (new),tier1,0.566318181818182,0.917717626126442,humid,0.02
Southern Piedmont Upland (Piedmont Plateau),2.77744187206895,0.136574924971916,61856,-84.2623478748794,33.4871024381475,112,-0.06,N America,stable,other (new),tier1,0.562327272727273,1.07287415852586,humid,0.06
Eastern Huaihe Plain (Huaihe River Basin),0.921380363515391,0.37385314274233,61827,117.716088514225,34.5856811198099,33,0.07,E Asia,stable,other (new),tier1,0.562063636363636,0.637028641619818,dry sub-humid,0.07
Northern Dharwar Craton Banded Gneiss Complex (Dharwar Craton Banded Gneiss Complex),0.443632710877062,0.585606441758707,61216,79.0150006885192,17.6319372686315,74,0.11,S Asia,deepening,other (new),tier1,0.556509090909091,0.471568414881143,semi-arid,0.11
Eastern Mississippi Embayment (Mississippi Embayment),3.53082304424355,0.116473772792321,60634,-89.1153230473608,34.1192763673927,170,-0.05,N America,stable,other (new),tier1,0.551218181818182,1.1149083379219,humid,0.05
Western Cambrian-Ordovician Aquifers (Northern Midwest Aquifer System),3.01410374774765,0.189889461300215,59488,-92.3789663720182,44.7291750900662,82,-0.01,N America,stable,other (new),tier1,0.5408,0.896799608520083,humid,0.01
Southeastern System (Amadeus Basin),0.913809811350092,0.305718118846322,59372,133.660966205573,-24.8250262093272,1,0.44,Oceania,deepening,other (new),tier1,0.539745454545455,0.101209765553373,arid,0.44
Edwards Plateau (Edwards-Trinity Aquifer System),0.584237943391895,0.575857367385142,58050,-100.806673362206,30.719893615846,342,0.02,N America,stable,other (new),tier1,0.527727272727273,0.278421504611398,semi-arid,0.02
Southcentral Deccan Basalt Plateau (Deccan Plateau),0.409789859330771,0.632182593004266,57686,75.408862273867,17.922879097394,95,0.17,S Asia,deepening,other (new),tier1,0.524418181818182,0.364434363839128,semi-arid,0.17
Eastside Lower Indus Valley (Indus Basin),38.3715522836576,0.0224463816567225,57275,69.0398607248861,26.4578981256886,2,-0.03,S Asia,stable,other (new),tier1,0.520681818181818,0.0696086246836545,arid,0.03
Central Piedmont Upland (Piedmont Plateau),25.2137577004876,0.0172610091966411,57273,-79.1196917143535,36.5236530682044,21,-0.02,N America,stable,other (new),tier1,0.520663636363636,1.0075083373494,humid,0.02
Eastern Carrizo-Wilcox (Carrizo-Wilcox),5.60966665843594,0.0647123105304513,57217,-94.5777147869526,32.2532332264476,438,0,N America,stable,other (new),tier1,0.520154545454545,0.871528098481677,humid,0
Jiangsu Coastal Plain (Huaihe River Basin),9.60842253121077,0.0253877350755101,56925,119.806013738276,33.4158651688567,28,0.01,E Asia,stable,other (new),tier1,0.5175,0.820833220036003,humid,0.01
Eastern Cambrian-Ordovician Aquifers (Northern Midwest Aquifer System),1.03645803827182,0.432227400416268,55195,-90.0551388821338,42.7236375356389,59,-0.03,N America,stable,other (new),tier1,0.501772727272727,0.919227667952519,humid,0.03
Northcentral Deccan Basalt Plateau (Deccan Plateau),0.521209679725135,0.725927795531511,53372,75.6844979683893,19.584477954344,48,0.23,S Asia,deepening,other (new),tier1,0.4852,0.403596386525412,semi-arid,0.23
Eastside Middle Indus Plain (Indus Basin),0.336860252268697,1.33836639147945,53045,72.337747302107,29.1526327034028,355,-0.06,S Asia,stable,other (new),tier1,0.482227272727273,0.103621293328627,arid,0.06
Central Allegheny Plateau (Appalachian Plateaus),6.2282567492936,0.0827299404378283,52939,-80.7076474539419,39.49149819541,17,-0.02,N America,stable,other (new),tier1,0.481263636363636,1.09921011866722,humid,0.02
Northeastern Karoo Basin (Main Karoo Basin),2.46384154522495,0.0746846502039183,52358,28.9313496568393,-26.9760298984317,30,-0.05,Africa,stable,other (new),tier1,0.475981818181818,0.482874054890059,semi-arid,0.05
Southern Riverine Plains (Murray Basin),1.46794352607052,0.163764807769406,51599,144.728290085099,-35.9092349551246,4073,0.1,Oceania,stable,other (new),tier1,0.469081818181818,0.297404847970241,semi-arid,0.1
Black Warrior River Aquifer System (Eutaw and McShan Formations and Tuscaloosa Group),4.67035708772512,0.0909482961015654,50216,-87.7797236104302,33.2650588776618,39,0.07,N America,stable,other (new),tier1,0.456509090909091,1.12286483629507,humid,0.07
North Carolina and Virginia Coastal Plain (North Atlantic Coastal Plain),4.85957360301449,0.0924524688761717,49143,-76.915329749291,36.5290758494385,295,-0.01,N America,stable,other (new),tier2,0.446754545454546,0.935169227312936,humid,0.01
Northeastern Deccan Basalt Plateau (Deccan Plateau),0.616949242604844,0.68472721696204,47763,77.8781492982864,20.3356545772136,24,0.03,S Asia,stable,other (new),tier2,0.434209090909091,0.518276341844711,dry sub-humid,0.03
Ribstone Creek and Northern Judith River Aquifer (Bearpaw-Judith River Aquifer System),9.53186486048047,0.0436396488137901,47412,-109.472380353027,52.0371996357195,17,-0.03,N America,stable,other (new),tier2,0.431018181818182,0.439661300171105,semi-arid,0.03
Southern Dharwar Craton Banded Gneiss Complex (Dharwar Craton Banded Gneiss Complex),0.575057194404719,0.309107436772224,46406,78.154192235137,13.6841666902307,158,0.19,S Asia,deepening,other (new),tier2,0.421872727272727,0.370852716816855,semi-arid,0.19
Northcentral Valley and Ridge (Valley and Ridge Aquifer System),6.75891717937273,0.070616966739873,45635,-80.1484941237429,37.9596472300778,44,-0.04,N America,stable,other (new),tier2,0.414863636363636,1.08475134505527,humid,0.04
Ivanhoe Plains (Murray Basin),2.25379122646194,0.104983609587772,45266,142.411401124616,-33.3311738952935,436,0.02,Oceania,stable,other (new),tier2,0.411509090909091,0.145174346710589,arid,0.02
Southcentral Piedmont Upland (Piedmont Plateau),2.92134014710575,0.153944623790211,44094,-81.5118570447896,34.8515785007175,39,-0.02,N America,stable,other (new),tier2,0.400854545454545,1.00596141887034,humid,0.02
Weipa Depression and Northern Carpentaria Basin (Great Artesian Basin),0.824114089136897,0.192241126250836,43769,142.288985845544,-12.9703163980003,2,-0.05,Oceania,stable,other (new),tier2,0.3979,0.833001072054231,humid,0.05
Western Liaohe River Basin (Liaohe River Basin),2.59432851943283,0.0893183253466108,43494,121.533925001671,43.9110899763379,8,0.38,E Asia,deepening,other (new),tier2,0.3954,0.341833247830362,semi-arid,0.38
Western Carrizo-Wilcox (Carrizo-Wilcox),0.892674203601991,0.509574686027203,43394,-98.9862595478239,28.5827694910784,433,0.17,N America,deepening,other (new),tier2,0.394490909090909,0.36114329111728,semi-arid,0.17
Northern Valley and Ridge (Valley and Ridge Aquifer System),5.77564357066121,0.09182948734336,43020,-77.2888461399212,40.3995187552906,131,0.03,N America,stable,other (new),tier2,0.391090909090909,1.07233724284845,humid,0.03
Eastern Karoo Basin (Main Karoo Basin),1.52372867089803,0.0844130878187499,41725,29.9031844639947,-29.113779897432,12,0.02,Africa,stable,other (new),tier2,0.379318181818182,0.625746542438604,dry sub-humid,0.02
Eastern Paris Basin (Paris Basin),1.00010473870634,0.277089912205492,41666,4.27564681390435,48.4451771777284,129,0,Europe,stable,other (new),tier2,0.378781818181818,0.974235135542788,humid,0
Bari Doab (Indus Basin),0.2648512821337,1.66562463764168,39776,73.2820820740749,30.6925470249885,405,0.12,S Asia,deepening,other (new),tier2,0.3616,0.235087247650298,semi-arid,0.12
Eastern Dakota Aquifer,6.10044955403296,0.073467194333586,39395,-95.2955468340609,42.8087968244255,18,0.08,N America,stable,other (new),tier2,0.358136363636364,0.724879517242484,humid,0.08
Springfield Plain (Central Lowland Till Plain),7.56964524242439,0.0669165367451105,39234,-89.1588615050224,39.2978517189831,23,0,N America,stable,other (new),tier2,0.356672727272727,0.91660701305306,humid,0
Seymour-Blaine Aquifer System,0.647707459070537,0.818282950518137,38612,-99.9692057451864,33.6157087959394,272,0.08,N America,stable,other (new),tier2,0.351018181818182,0.31706218672491,semi-arid,0.08
Central Alluvial-Laucustrine Plain (North China Plain),0.69510464714148,0.659523598946021,38442,115.938641191158,37.848616002158,42,0.23,E Asia,deepening,other (new),tier2,0.349472727272727,0.398346626557042,semi-arid,0.23
Southern Malwa Plateau (Malwa Plateau),2.59614398014617,0.561505906740233,38079,75.8204664621383,23.1624929539849,137,-0.03,S Asia,stable,other (new),tier2,0.346172727272727,0.515541235706458,dry sub-humid,0.03
Yellow River Alluvial Plain (North China Plain),1.02612728287776,0.651293334600058,37315,116.287992642712,36.5931906592635,23,0.05,E Asia,stable,other (new),tier2,0.339227272727273,0.481676514395535,semi-arid,0.05
Eastern Armorican Massif (Armorican Massif),3.12049853041961,0.102961911366663,36418,-1.11346010627749,47.7687061073468,96,-0.01,Europe,stable,other (new),tier2,0.331072727272727,0.957528738061563,humid,0.01
Ocala Uplift (Floridan Aquifer System),1.44260412490093,0.279396951425407,35660,-82.9089223254563,29.4989931826218,393,-0.02,N America,stable,other (new),tier2,0.324181818181818,0.944244277461487,humid,0.02
Pearl and Chattahoochee Aquifer System,2.25449903526724,0.164061268987822,35594,-85.0295963314557,32.0111247359475,50,0,N America,stable,other (new),tier2,0.323581818181818,0.977972173735309,humid,0
Eastern Mekong Delta (Mekong Delta),1.00790941487096,0.15292782581921,35001,106.072169079987,10.8084141017756,28,0.12,Other,deepening,other (new),tier2,0.318190909090909,1.04223597072234,humid,0.12
Jianghan Plain,1.02749316334413,0.282928549897152,34644,113.047724326431,30.5424370140777,5,-0.27,E Asia,shallowing,other (new),tier2,0.314945454545455,1.08434972071803,humid,0.27
Middle-Upper Devonian Aquifer System (Baltic Artesian Basin),6.68847353666789,0.0520159021708567,34615,25.371307747855,56.5557015444887,15,0.01,Europe,stable,other (new),tier2,0.314681818181818,1.06334637828482,humid,0.01
Upper Cauvery Banded Gneiss Aquifers (Dharwar Craton Banded Gneiss Complex),0.685599055378871,0.301158045047703,34251,76.6785790696552,12.5787764282143,220,0.24,S Asia,deepening,other (new),tier2,0.311372727272727,0.641019583861222,dry sub-humid,0.24
Western Mississippi Embayment (Mississippi Embayment),2.0448591095667,0.18084193322259,34240,-92.6804220015725,33.2034464831002,325,-0.07,N America,stable,other (new),tier2,0.311272727272727,1.05950252463829,humid,0.07
Southern Hills (Gulf Coast Regional Aquifer System),1.5209456587049,0.219211808470735,34191,-90.6967901820705,31.0362802812755,224,-0.02,N America,stable,other (new),tier2,0.310827272727273,1.22618812819741,humid,0.02
Lake Frome Embayment (Great Artesian Basin),23.6327268043876,0.00945168371125271,34046,140.669051781985,-30.4510308039095,1,-0.55,Oceania,rapidly shallowing,other (new),tier2,0.309509090909091,0.0758709784591332,arid,0.55
Peedee and Black Creek and Cape Fear Aquifers,2.4683552022831,0.193004268332743,34016,-79.0868748846242,34.2495190662819,76,0,N America,stable,other (new),tier2,0.309236363636364,0.947483563587796,humid,0
Western Brahmaputra Basin Aquifer (Brahmaputra Basin Aquifer),0.382686490103477,0.838096611757188,33634,91.4743387881075,26.3890316580273,10,0.08,S Asia,stable,other (new),tier2,0.305763636363636,1.85744706325301,humid,0.08
Roma Shelf and Northern Surat Basin (Great Artesian Basin),1.59746535982273,0.127432721849597,33598,149.057430358833,-25.7199708097448,41,0,Oceania,stable,other (new),tier2,0.305436363636364,0.364729761904762,semi-arid,0
Thal Doab (Indus Basin),0.83075336198736,0.959801213188319,33296,71.5088675519682,31.3138542455972,177,-0.02,S Asia,stable,other (new),tier2,0.302690909090909,0.146570443284667,arid,0.02
Stockton Plateau (Edwards-Trinity Aquifer System),0.529167848900569,0.624291197781252,33245,-102.54181282745,30.328953406564,127,0,N America,stable,other (new),tier2,0.302227272727273,0.165457937744923,arid,0
Rechna Doab (Indus Basin),0.266366781747825,1.55933072221571,32700,73.6080780903724,31.6842721075158,430,-0.06,S Asia,stable,other (new),tier2,0.297272727272727,0.351792059204358,semi-arid,0.06
Northern Piedmont and Tista Fan (Bengal Basin),0.575013321468481,0.989337273513922,31898,88.7770928697334,26.0906343317942,199,0.04,S Asia,stable,other (new),tier2,0.289981818181818,1.87634773577167,humid,0.04
Central Paris Basin (Paris Basin),1.24888158603103,0.235376503711317,31880,2.47874175534527,48.5354624750024,127,0.02,Europe,stable,other (new),tier2,0.289818181818182,0.813308526396766,humid,0.02
Southern Mallee (Murray Basin),3.8072992752677,0.0627313896610475,31573,141.569332402412,-35.2113621763477,247,0.03,Oceania,stable,other (new),tier2,0.287027272727273,0.206244844284508,semi-arid,0.03
Victoria Area (Gulf Coast Regional Aquifer System),1.64465213887662,0.370917307150214,31242,-96.873859213823,28.8836617111924,376,0.02,N America,stable,other (new),tier2,0.284018181818182,0.615160291150187,dry sub-humid,0.02
Central Urucuia Aquifer (Urucuia Aquifer System),0.54496218291916,1.00432256806524,31045,-45.2590691724461,-12.7142626647886,8,0.2,S America,deepening,other (new),tier2,0.282227272727273,0.824915282927616,humid,0.2
Southcentral Floodplains (Bengal Basin),0.470461198776592,0.386982485300022,30739,89.4537880287271,23.1821551502968,97,0.08,S Asia,stable,other (new),tier2,0.279445454545455,1.2505894016656,humid,0.08
Eastern Silurian-Devonian Aquifers (Northern Midwest Aquifer System),1.16120031015203,0.301602399264053,30268,-87.9925779731633,42.7445662467023,229,-0.02,N America,stable,other (new),tier2,0.275163636363636,0.933702288658934,humid,0.02
Southern Saurashtra Deccan Trap Basalts (Saurashtra Deccan Trap Basalts),1.33164475237013,0.213408491249056,30217,70.9906574416292,21.6805620582342,144,0.36,S Asia,deepening,other (new),tier2,0.2747,0.331596734349899,semi-arid,0.36
Northeast Missouri Carbonates (Northern Midwest Aquifer System),3.35906415169747,0.144554903647053,29764,-91.5849866027528,39.5394935795698,30,-0.02,N America,stable,other (new),tier2,0.270581818181818,0.851466942719117,humid,0.02
Eastern C Aquifer (The C Aquifer),0.708068590409545,0.5181370902959,29532,-109.253895573045,34.7210705126496,7,0.04,N America,stable,other (new),tier2,0.268472727272727,0.201283531547022,semi-arid,0.04
Southern Huaihe River Basin (Huaihe River Basin),3.85498882754346,0.0685547457026615,29395,115.639347227928,32.1569646660313,1,-0.24,E Asia,shallowing,other (new),tier2,0.267227272727273,0.950531457452856,humid,0.24
Western Huaihe Plain (Huaihe River Basin),1.28193439925849,0.387205078126679,29254,113.806215529375,33.9929413472627,23,0.33,E Asia,deepening,other (new),tier2,0.265945454545455,0.624726573869029,dry sub-humid,0.33
Southeastern Surat Basin (Great Artesian Basin),1.04860932986649,0.208123395771661,29141,150.135904495913,-28.7181744124975,208,0.04,Oceania,stable,other (new),tier2,0.264918181818182,0.349928079046489,semi-arid,0.04
Houston-Galveston Area (Gulf Coast Regional Aquifer System),1.71460018853223,0.238081086166297,29004,-95.4826655321956,29.9665397952715,863,-0.12,N America,shallowing,other (new),tier2,0.263672727272727,0.824094691399144,humid,0.12
Western Paris Basin (Paris Basin),1.71926802822735,0.179654754901706,28758,0.519857698188315,48.4165227239621,154,0.02,Europe,stable,other (new),tier2,0.261436363636364,0.891578571286597,humid,0.02
Northern Cumberland Plateau and Mountains (Appalachian Plateaus),15.3397404975567,0.0263653779895959,28114,-84.083208084489,36.8618557302166,1,-0.03,N America,stable,other (new),tier2,0.255581818181818,1.24879482021071,humid,0.03
Southeastern Coastal Karoo Basin (Main Karoo Basin),1.11001858168909,0.13207102046691,28053,28.0285285589239,-32.327545858883,2,0.23,Africa,deepening,other (new),tier2,0.255027272727273,0.569555331628039,dry sub-humid,0.23
Mount Vernon Hill County (Central Lowland Till Plain),4.76524206491962,0.093715764535364,27711,-88.2988584246375,38.2608153305598,6,0,N America,stable,other (new),tier2,0.251918181818182,1.00129903160661,humid,0
Eastern Riverine Plains (Murray Basin),0.959473662440061,0.280814242541493,27505,145.880550785384,-34.7641134879128,247,0.06,Oceania,stable,other (new),tier2,0.250045454545455,0.265562391956706,semi-arid,0.06
Central Mallee (Murray Basin),7.31236211571013,0.0323692763393675,27348,140.481616956945,-34.4595626211785,1610,0.01,Oceania,stable,other (new),tier2,0.248618181818182,0.166985352907669,arid,0.01
Northern Allegheny Plateau (Appalachian Plateaus),13.279636710464,0.0490521111424751,27131,-79.8000985539556,41.1153349781998,53,-0.02,N America,stable,other (new),tier2,0.246645454545455,1.13949206857034,humid,0.02
Daly Basin (Daly-Wiso-Georgina Basins),25.0947650947345,0.00873887315066564,26597,132.048325577392,-14.7067113009834,43,0.11,Oceania,deepening,other (new),tier2,0.241790909090909,0.477307592534992,semi-arid,0.11
Blue Mountains and Clearwater Embayment (Columbia Plateau Regional Aquifer System),2.03268492118599,0.181553491635964,26297,-117.494723819855,45.6782859866709,13,0.03,N America,stable,other (new),tier2,0.239063636363636,0.546681473265334,dry sub-humid,0.03
Western Satpura Basalt Aquifers (Satpura Basalts),1.34448366344003,0.821959522189791,25934,75.7620819127093,21.9377291001028,69,0.01,S Asia,stable,other (new),tier2,0.235763636363636,0.445541657225097,semi-arid,0.01
Northern Aquitaine Basin (Aquitaine Basin),2.84337385375719,0.108404857367728,25909,0.407726848140207,44.9893784176818,267,0.01,Europe,stable,other (new),tier2,0.235536363636364,1.0199442541696,humid,0.01
Central Wabash and Bloomington Ridged Plain (Central Lowland Till Plain),6.58720542709583,0.0747318841666923,25827,-88.4530684080598,40.222643308755,50,-0.01,N America,stable,other (new),tier2,0.234790909090909,0.944575684400498,humid,0.01
Northern Riverine Plains (Murray Basin),0.952683387893828,0.254952954846041,25646,145.195801444107,-33.4523351658182,144,0.14,Oceania,deepening,other (new),tier2,0.233145454545455,0.210969987435432,semi-arid,0.14
Upper Peninsula Jacobsville Sandstone and Cambrian-Ordovician and Silurian-Devonian Aquifers (Northern Midwest Aquifer System),0.518272853384252,1.0305399383704,25514,-86.0254064088526,46.1017120685465,8,0.02,N America,stable,other (new),tier2,0.231945454545455,1.02749030560947,humid,0.02
Eastern Flatwoods Southshores (Floridan Aquifer System),2.10944095408943,0.177526023485895,25461,-80.7959214809107,27.4846671834939,171,-0.01,N America,stable,other (new),tier2,0.231463636363636,0.779443383714678,humid,0.01
Lower Limestone Coast Aquifer System (Murray Basin),16.2382598176331,0.0149978709197235,25446,140.555337768542,-36.2939785584725,699,0.03,Oceania,stable,other (new),tier2,0.231327272727273,0.33894570557989,semi-arid,0.03
Eastern Malwa Plateau (Malwa Plateau),6.64411701899668,0.172831264048394,25218,77.9504649815065,24.0774044868059,80,0,S Asia,stable,other (new),tier2,0.229254545454545,0.599721246239261,dry sub-humid,0
Southern St. Lawrence Lowlands (St. Lawrence Lowlands),1.4221684423905,0.471262766566302,24965,-74.5561177595782,45.1676311007323,91,0.01,N America,stable,other (new),tier2,0.226954545454545,1.2086015768885,humid,0.01
Southern Paris Basin (Paris Basin),1.2306525630186,0.23110938410948,24635,1.33407702264348,46.9525869833488,116,0.01,Europe,stable,other (new),tier2,0.223954545454545,0.848341055795425,humid,0.01
Westside Middle Indus Plain (Indus Basin),1.48330580735885,0.70920159828949,24478,70.5285526034966,30.6722062382195,113,-0.01,S Asia,stable,other (new),tier2,0.222527272727273,0.138345693628559,arid,0.01
Northcentral Piedmont Upland (Piedmont Plateau),7.41320480807801,0.0653204552739777,24072,-77.4634457546899,38.8846083351498,76,0,N America,stable,other (new),tier2,0.218836363636364,0.997524433270364,humid,0
Osage Plains (Osage Cuestas Aquifer System),3.79005524740342,0.119925156275778,23975,-95.667798975005,38.1103350375935,2,0.07,N America,stable,other (new),tier2,0.217954545454545,0.718752016583935,humid,0.07
Eastern Pilbara Granite-Greenstone Terrane (Pilbara Craton),0.765237543476573,0.345303163548573,23972,119.9182144712,-21.204156987986,1,0.03,Oceania,stable,other (new),tier2,0.217927272727273,0.126337150754271,arid,0.03
Malwa Plateau Gneiss Complex (Malwa Plateau),0.341223602385186,0.782644090626832,23958,74.5456496892515,25.448292578583,60,-0.23,S Asia,shallowing,other (new),tier2,0.2178,0.301408757144241,semi-arid,0.23
Bluffton Till Plain (Central Lowland Till Plain),10.3695151691975,0.0485579722949124,23952,-84.3620673378574,40.633380017686,26,0,N America,stable,other (new),tier2,0.217745454545455,0.950236961080698,humid,0
Vidalia Upland (Floridan Aquifer System),1.85740161312437,0.225020350967296,23831,-82.4299467148116,32.424170345073,55,0.08,N America,stable,other (new),tier2,0.216645454545455,0.873274683236608,humid,0.08
Northern Paris Basin (Paris Basin),2.17339691206175,0.13578728862914,23814,1.981203072937,49.9154054396397,116,0.03,Europe,stable,other (new),tier2,0.216490909090909,1.00173124563446,humid,0.03
Southern Valley and Ridge (Valley and Ridge Aquifer System),3.02414116498132,0.127984026630049,23782,-85.7519700988538,34.1262934866053,11,-0.05,N America,stable,other (new),tier2,0.2162,1.22225966527197,humid,0.05
Barind Tract and Central Floodplains (Bengal Basin),0.420887199304087,0.693839733110039,23481,88.9652664501132,24.731469847608,135,0.13,S Asia,deepening,other (new),tier2,0.213463636363636,1.1696524560822,humid,0.13
Northeastern Judith River (Bearpaw-Judith River Aquifer System),48.4427397371741,0.00957119180174459,23407,-106.790223488569,51.1623278301495,6,-0.07,N America,stable,other (new),tier2,0.212790909090909,0.399821485637758,semi-arid,0.07
Great Plains Dakota Aquifer,2.39318009257165,0.21237511289403,23221,-98.3961783059925,38.9273995968245,31,0.06,N America,stable,other (new),tier2,0.2111,0.456765727604961,semi-arid,0.06
Western Armorican Massif (Armorican Massif),4.17852545169844,0.0766621163897959,23180,-3.13017380720671,48.1859683077454,42,0.01,Europe,stable,other (new),tier2,0.210727272727273,1.2767256980057,humid,0.01
Southeastern Allegheny Plateau (Appalachian Plateaus),4.24500352604604,0.104611267048652,23152,-81.7771449153815,37.7807477537274,6,0,N America,stable,other (new),tier2,0.210472727272727,1.18327259687308,humid,0
Western Riverine Plains (Murray Basin),1.23687804744724,0.190141030442266,23144,143.981407592927,-34.1779829970079,144,0.03,Oceania,stable,other (new),tier2,0.2104,0.183782726464002,arid,0.03
Southern Deccan Basalt Plateau (Deccan Plateau),0.368695473751629,0.528419070444905,23112,74.8613277322488,16.8149517894165,78,0.17,S Asia,deepening,other (new),tier2,0.210109090909091,0.46256083303793,semi-arid,0.17
Eastern Vindhyan Basin,14.5074356456009,0.0362608391480634,23103,80.2992178724879,24.2049918859355,84,-0.06,S Asia,stable,other (new),tier2,0.210027272727273,0.670775020300447,humid,0.06
Catahoula Area (Gulf Coast Regional Aquifer System),1.89907484736905,0.180408254262433,23047,-89.3205891887572,31.2167386986011,36,-0.09,N America,stable,other (new),tier2,0.209518181818182,1.21858036612544,humid,0.09
Milk River,8.08222052630411,0.0457654108101253,22986,-111.188050228809,49.0151517402488,9,-0.01,N America,stable,other (new),tier2,0.208963636363636,0.299277251720747,semi-arid,0.01
Shawnee Hills (Interior Low Plateaus),4.19479561036366,0.100477597846299,22911,-87.36182603342,37.4392406434165,37,-0.04,N America,stable,other (new),tier2,0.208281818181818,1.06687687427397,humid,0.04
Sea Island (Floridan Aquifer System),1.53453286646208,0.273095484564958,22877,-81.6896918772985,31.0445003798034,244,-0.07,N America,stable,other (new),tier2,0.207972727272727,0.912138543807811,humid,0.07
Missionary Plains Syncline and Mereenie Anticline (Amadeus Basin),1.25620062731568,0.285182975737581,22819,132.664861664345,-23.8560610782384,14,0.26,Oceania,deepening,other (new),tier2,0.207445454545455,0.132405337821592,arid,0.26
Flint Hills Upland (Osage Cuestas Aquifer System),44.2045618051907,0.0096450416346667,22649,-96.8848054356041,38.2376941088952,21,0,N America,stable,other (new),tier2,0.2059,0.598297532924141,dry sub-humid,0
Northwestern Malwa Plateau (Malwa Plateau),5.95327834186478,0.224857418799036,22557,76.0447634558698,24.0828991344529,79,-0.1,S Asia,stable,other (new),tier2,0.205063636363636,0.477925169053646,semi-arid,0.1
Sundarbans and Southern Delta (Bengal Basin),1.35235072888816,0.095302190236946,22556,89.3739310803888,22.1523761737762,4,0.02,S Asia,stable,other (new),tier2,0.205054545454545,1.25731757588548,humid,0.02
Transboundary Judith River Aquifer (Bearpaw-Judith River Aquifer System),1.78222739708472,0.244524048749842,22275,-108.670772163027,48.7510915889029,5,0.02,N America,stable,other (new),tier2,0.2025,0.305747985824282,semi-arid,0.02
Middle Chao Phraya Basin,1.11076928444096,0.351812459537909,22178,100.022991389885,16.4899964525028,47,0.33,E Asia,deepening,other (new),tier2,0.201618181818182,0.752884566416226,humid,0.33
Northern Mallee (Murray Basin),16.2161951210014,0.0144082428387808,21895,140.43175201208,-33.3730645430265,1,-0.01,Oceania,stable,other (new),tier2,0.199045454545455,0.129153541503011,arid,0.01
Alabama Coastal Lowlands (Gulf Coast Regional Aquifer System),2.3929952746294,0.166185551391624,21894,-87.780971883268,31.0255443068748,2,0.03,N America,stable,other (new),tier2,0.199036363636364,1.18786690848027,humid,0.03
Pecos Valley,0.413006743364837,0.839338662866549,21799,-103.448569341331,31.8850635373365,170,0.01,N America,stable,other (new),tier2,0.198172727272727,0.144408263689243,arid,0.01
Eastern Deccan Basalt Plateau (Deccan Plateau),0.39836093691931,0.723498523422999,21575,76.8436264607585,18.3078322093693,48,0.08,S Asia,stable,other (new),tier2,0.196136363636364,0.47290196699073,semi-arid,0.08
Lachlan Alluvium,0.985004470686833,0.351772500280997,21569,147.645145042909,-33.6498258400413,249,0.17,Oceania,deepening,other (new),tier2,0.196081818181818,0.325158471320705,semi-arid,0.17
Devonian and Overlying Unconsolidated Aquifers (Southern Ontario Paleozoic Aquifer System),1.01513178082146,0.557887027685607,21440,-81.4299339253131,43.1360704767627,70,-0.03,N America,stable,other (new),tier2,0.194909090909091,1.2049792360603,humid,0.03
Nanyang Basin,3.34899457098166,0.0774538837080081,21139,112.477532426026,32.672718534503,14,0.28,E Asia,deepening,other (new),tier2,0.192172727272727,0.866319005807995,humid,0.28
Newcastle Till Plain (Central Lowland Till Plain),6.40814170430636,0.0817069261428778,20988,-84.9653228944852,39.7370229167444,144,0,N America,stable,other (new),tier2,0.1908,1.01456276813557,humid,0
Southern Mekong Delta (Mekong Delta),0.988303643376286,0.217282170606987,20929,105.342563522683,9.63977159088967,8,0.03,Other,stable,other (new),tier2,0.190263636363636,1.30441438703957,humid,0.03
Northern Cambrian-Ordovician Aquifers (Northern Midwest Aquifer System),1.21300086791841,0.312973057940391,20460,-88.8479271477291,44.1922696164814,80,-0.06,N America,stable,other (new),tier2,0.186,0.913673101513963,humid,0.06
Wimmera Plain (Murray Basin),9.93072280366655,0.0243948223893581,20408,142.380016155552,-36.2617875066294,345,0.01,Oceania,stable,other (new),tier2,0.185527272727273,0.263738994436151,semi-arid,0.01
Ghaap Plateau Dolomite Aquifer System,1.08535137169048,0.139747033074988,20319,23.8326718869331,-27.811212235134,56,0.03,Africa,stable,other (new),tier2,0.184718181818182,0.232321615263983,semi-arid,0.03
Bighorn Basin,8.97354868576032,0.0596912261930655,20257,-108.240833017144,44.24350582403,3,0.02,N America,stable,other (new),tier2,0.184154545454545,0.222041545996593,semi-arid,0.02
Northern San Juan Basin,0.757458712379264,0.465127952825594,20120,-107.632843932013,36.7070348260925,15,0.01,N America,stable,other (new),tier2,0.182909090909091,0.290337981444075,semi-arid,0.01
Southwestern Bengal Basin (Bengal Basin),1.15367672752918,0.132323456723776,20073,87.5061839562907,22.5423331742716,3,0.01,S Asia,stable,other (new),tier2,0.182481818181818,0.905006959880192,humid,0.01
Central Carrizo-Wilcox (Carrizo-Wilcox),1.34624376354104,0.308834189720395,19641,-96.5240695305896,30.8413814680714,313,0.05,N America,stable,other (new),tier2,0.178554545454545,0.649664721545097,dry sub-humid,0.05
Northern Pitted Karst Plain (Yucatan Peninsula),1.92183597717525,0.144550135190158,19270,-88.3274435956206,20.4870674847273,4,-0.05,N America,stable,other (new),tier2,0.175181818181818,0.743212502602107,humid,0.05
New Brunswick Carboniferous Basin (Maritimes Basin),1.71133721295228,0.396910634595981,19211,-65.319872710573,46.7494416959267,4,0.01,N America,stable,other (new),tier2,0.174645454545455,1.66585870005524,humid,0.01
Madhupur Tract and Eastern Floodplains (Bengal Basin),0.426976201592451,0.617897098667353,19207,90.231757640432,24.3910861504621,70,0.08,S Asia,stable,other (new),tier2,0.174609090909091,1.55390691139446,humid,0.08
Southwestern Allegheny Plateau (Appalachian Plateaus),3.09980644782237,0.157405477582506,19131,-83.0098459455051,38.6635047231999,28,-0.03,N America,stable,other (new),tier2,0.173918181818182,1.06651080730536,humid,0.03
Black Hills Uplift,1.07665387947977,0.48879640738389,18954,-103.986911103727,44.1942796097682,23,-0.08,N America,stable,other (new),tier2,0.172309090909091,0.37099772520177,semi-arid,0.08
Central Pilbara Granite-Greenstone Terrane (Pilbara Craton),0.843036913020118,0.364968328341548,18871,118.900912595016,-21.0493852023953,2,0.14,Oceania,deepening,other (new),tier2,0.171554545454545,0.124861006395866,arid,0.14
Northwestern Deccan Basalt Plateau (Deccan Plateau),0.716666861424541,0.851690148643577,18659,74.9951751802546,20.7419479425779,4,0,S Asia,stable,other (new),tier2,0.169627272727273,0.344630236051502,semi-arid,0
Dougherty Plain and Marianna Lowlands (Floridan Aquifer System),1.65932230987785,0.221022453268593,18608,-85.2144952253135,31.0951464416985,246,-0.02,N America,stable,other (new),tier2,0.169163636363636,1.0330834024241,humid,0.02
Lower Coastal Plain (Floridan Aquifer System),1.8789166136764,0.237229453559597,18560,-80.4898440418638,32.9040200071564,47,-0.01,N America,stable,other (new),tier2,0.168727272727273,0.895475183416793,humid,0.01
Lannemezan Plateau (Aquitaine Basin),2.74191645338472,0.10037237648837,18348,0.22103288398314,43.5746898383768,94,0,Europe,stable,other (new),tier2,0.1668,1.19759603193477,humid,0
Springbok Flats Karoo Basin,7.28734265434487,0.0184160581077741,18345,28.3659013272095,-25.098442260885,19,0.07,Africa,stable,other (new),tier2,0.166772727272727,0.345237647456767,semi-arid,0.07
Southcentral Valley and Ridge (Valley and Ridge Aquifer System),4.80374342240278,0.0847101737265817,18344,-83.6469814337201,36.0860059399586,1,-0.11,N America,shallowing,other (new),tier2,0.166763636363636,1.16834401392463,humid,0.11
Northcentral Piedmont Plain (North China Plain),0.640289962004395,0.704660016171799,18327,115.041681542085,38.196240585855,23,0.75,E Asia,rapidly deepening,other (new),tier2,0.166609090909091,0.400797631675875,semi-arid,0.75
North-central High Plains (High Plains),1.26407745012141,0.540288421339857,18173,-101.257097247437,38.3826364603785,221,0.2,N America,deepening,HP,tier2,0.165209090909091,0.277245902551172,semi-arid,0.2
Great Bend Prairie (High Plains),1.46101555545919,0.469504597008362,18167,-98.7961631566374,37.8956612529131,358,0.05,N America,stable,HP,tier2,0.165154545454545,0.410406172286322,semi-arid,0.05
Delmarva Peninsula (North Atlantic Coastal Plain),52.5758654686185,0.00946668382322355,18153,-75.7220325913821,38.5740192382136,294,-0.01,N America,stable,other (new),tier2,0.165027272727273,0.803414071169638,humid,0.01
Denver Basin,5.23324057069021,0.0874601984136884,18104,-104.473753620156,39.5436284095662,185,0.01,N America,stable,other (new),tier2,0.164581818181818,0.26286622858398,semi-arid,0.01
Eastern Second Songhuajiang System (Songnen Plain),0.883359774831986,0.444762160742099,18076,126.777183347546,45.3103105285128,4,0.06,E Asia,stable,other (new),tier2,0.164327272727273,0.582939546717552,dry sub-humid,0.06
Western Bengal Basin (Bengal Basin),0.362774688390294,0.432943801514614,18026,88.0926184198211,23.6437880489606,119,0.28,S Asia,deepening,other (new),tier2,0.163872727272727,0.940302032821138,humid,0.28
Eastern Otway Basin (Otway Basin),25.3068591564429,0.00991296962382477,17980,143.592476123422,-38.1015120358989,304,0.03,Oceania,stable,other (new),tier2,0.163454545454545,0.632223076923077,dry sub-humid,0.03
Western Allegheny Plateau (Appalachian Plateaus),6.18763980354123,0.0830587279556995,17977,-81.7384853543169,40.3690026461861,24,-0.02,N America,stable,other (new),tier2,0.163427272727273,1.02056591745292,humid,0.02
Laizhou Coastal Plain,0.711610382742586,0.348203582165406,17871,118.971857691245,36.9535472508468,10,-0.06,E Asia,stable,other (new),tier2,0.162463636363636,0.513653914078397,dry sub-humid,0.06
Central Coromandel Fractured Charnockite and Gneiss Aquifers (Coromandel Coastal Plain),1.67125206967558,0.0730170672215846,17492,79.462808418888,12.3190028570273,110,0.17,S Asia,deepening,other (new),tier2,0.159018181818182,0.561436404494382,dry sub-humid,0.17
Intermediate Aquifer (Floridan Aquifer System),1.68052848297883,0.241811729875531,17405,-81.9288116583228,27.407039799312,388,-0.01,N America,stable,other (new),tier2,0.158227272727273,0.774995572552448,humid,0.01
Malm Valangnian Aquifer,0.4767413699387,0.502609192703455,17275,27.1901232551705,43.7317197374005,16,0.03,Europe,stable,other (new),tier2,0.157045454545455,0.564816928779645,dry sub-humid,0.03
Southwestern Khorat Plateau (Khorat Plateau Aquifer System),0.84958735587935,0.303625587568337,17185,102.809561064045,14.8316077241398,2,0.27,Other,deepening,other (new),tier2,0.156227272727273,0.717811070981412,humid,0.27
Western Cambay Basin (Cambay Basin),8.43610506520325,0.0362928470746773,17184,71.8775807146866,23.1007697912058,47,0.01,S Asia,stable,other (new),tier2,0.156218181818182,0.281046236411174,semi-arid,0.01
Western Pilbara Granite-Greenstone Terrane (Pilbara Craton),0.832799172184575,0.334028302427851,16960,117.599144705425,-21.0360137559946,9,0.03,Oceania,stable,other (new),tier2,0.154181818181818,0.118947862361537,arid,0.03
Mississippi Delta (Gulf Coast Regional Aquifer System),1.35354653675824,0.248984215039585,16784,-90.446899132075,29.640967786361,4,0.07,N America,stable,other (new),tier2,0.152581818181818,1.0526045177913,humid,0.07
Central Cambay Basin (Cambay Basin),6.92632351039288,0.0423808865763603,16772,72.2805606755821,23.5952646658308,97,0.05,S Asia,stable,other (new),tier2,0.152472727272727,0.316942419702219,semi-arid,0.05
Eastern Duero Basin (Duero Basin),1.14124084721222,0.259377064789232,16257,-3.61403822882469,41.6740462001012,63,-0.04,Europe,stable,other (new),tier2,0.147790909090909,0.394009890196698,semi-arid,0.04
Eastern Pennyroyal Plateau (Interior Low Plateaus),6.41723217974096,0.0628923946021055,16219,-85.435792476196,37.1861673810257,31,-0.1,N America,stable,other (new),tier2,0.147445454545455,1.17355137734655,humid,0.1
Gunnedah Basin and Liverpool Plains,0.889820046920046,0.279048604191909,16086,150.327695016195,-31.1117394597993,649,0.05,Oceania,stable,other (new),tier2,0.146236363636364,0.431825937599927,semi-arid,0.05
Northern Piedmont Upland (Piedmont Plateau),50.2596169490037,0.00979171920166036,15989,-75.3047874727955,40.314279032376,261,0,N America,stable,other (new),tier2,0.145354545454545,1.12174448042632,humid,0
Lower Athabasca (Lower Athabasca Basin),3.84754416833467,0.354866701777795,15814,-111.367288764698,57.3841547539868,12,0.03,N America,stable,other (new),tier2,0.143763636363636,0.645079608765995,dry sub-humid,0.03
Southern Nuomin-Taoer System (Songnen Plain),0.84246488981834,0.527976674562989,15583,122.824079140869,45.8153375220725,9,0.04,E Asia,stable,other (new),tier2,0.141663636363636,0.35886148336414,semi-arid,0.04
Umatilla Basin and Horse Heaven Hills (Columbia Plateau Regional Aquifer System),1.88625058067789,0.208826555113574,15408,-119.408014272445,45.6688196390803,16,-0.02,N America,stable,other (new),tier2,0.140072727272727,0.279295565444822,semi-arid,0.02
Palouse Slope (Columbia Plateau Regional Aquifer System),1.30122852611809,0.317614482237455,15260,-117.826960157103,46.8060807258855,3,-0.01,N America,stable,other (new),tier2,0.138727272727273,0.391506283329469,semi-arid,0.01
Letaba Lowveld,0.517494072886394,0.24965464173284,15251,30.7339120608753,-23.4005040065606,16,0.29,Africa,deepening,other (new),tier2,0.138645454545455,0.410969965993405,semi-arid,0.29
Landes Plain (Aquitaine Basin),5.45892429512071,0.0550634076333953,15042,-0.716104650479007,44.3981056229811,381,0.02,Europe,stable,other (new),tier2,0.136745454545455,1.13621144935235,humid,0.02
Transboundary Odanah Shale,3.96083660707731,0.204075643926028,14918,-98.9555861231715,48.9441997003454,32,-0.01,N America,stable,other (new),tier2,0.135618181818182,0.60158554029443,dry sub-humid,0.01
Northern Hirri Basin (Chhattisgarh Basin),1.66886833837899,0.199137662390674,14830,81.8369197026748,21.7876259009778,82,0.1,S Asia,stable,other (new),tier2,0.134818181818182,0.71645869297164,humid,0.1
Western Second Songhuajiang System (Songnen Plain),0.917477325197049,0.379808253603937,14776,125.263168962489,44.3501220575193,3,0.64,E Asia,rapidly deepening,other (new),tier2,0.134327272727273,0.553172094766207,dry sub-humid,0.64
Tifton Upland (Floridan Aquifer System),1.62547691101338,0.23631715913206,14658,-83.6775157078619,31.1388621121427,76,-0.02,N America,stable,other (new),tier2,0.133254545454545,0.944197415088668,humid,0.02
South-central High Plains (High Plains),1.28107150875342,1.01874331780405,14464,-100.853656027774,35.438446422466,982,0.09,N America,stable,HP,tier2,0.131490909090909,0.296020612678779,semi-arid,0.09
Northern Khorat Plateau (Khorat Plateau Aquifer System),1.64726212526404,0.127476283706611,14425,103.372808614162,16.4360183051617,15,0.02,E Asia,stable,other (new),tier2,0.131136363636364,0.769518070574844,humid,0.02
Hill Country (Edwards-Trinity Aquifer System),0.835767604434616,0.524733117562595,14375,-98.8597279179865,29.9176401364107,365,0.17,N America,deepening,other (new),tier2,0.130681818181818,0.47516569818539,semi-arid,0.17
Northern St. Lawrence Lowlands (St. Lawrence Lowlands),0.739915331716851,0.830570275231117,14318,-72.3341043344664,46.2306467586437,27,0,N America,stable,other (new),tier2,0.130163636363636,1.41324300037442,humid,0
Chicxulub Sedimentary Basin (Yucatan Peninsula),1.60584914883538,0.164396011139415,14250,-89.3121637816177,20.9576313031215,10,0,N America,stable,other (new),tier2,0.129545454545455,0.587274772854739,dry sub-humid,0
West Jutland Quaternary and Tertiary Sand Aquifer System,0.760941202241843,0.391870921215748,14018,8.84533041937349,55.7349078154465,180,0,Europe,stable,other (new),tier2,0.127436363636364,1.28723125844331,humid,0
South Platte Basin,4.11788597741506,0.120422367825412,13779,-104.111200634492,40.4177602835806,15,-0.02,N America,stable,other (new),tier2,0.125263636363636,0.24902541189877,semi-arid,0.02
North Rewa Basin (Son-Mahandai Valley Basins),3.63110130543224,0.095930103422581,13718,81.5808866899741,23.7673085861496,38,0.03,S Asia,stable,other (new),tier2,0.124709090909091,0.719368912509286,humid,0.03
Southern Coromandel Fractured Charnockite and Gneiss Aquifers (Coromandel Coastal Plain),1.64157149408932,0.0759148569147118,13538,77.801439735012,9.1677143661248,92,0.35,S Asia,deepening,other (new),tier2,0.123072727272727,0.426227179327522,semi-arid,0.35
Chaj Doab (Indus Basin),0.306377925139529,1.24475014707544,13536,73.0980975292621,32.2140172120545,254,-0.05,S Asia,stable,other (new),tier2,0.123054545454545,0.341847550648515,semi-arid,0.05
Rush Springs Aquifer,1.04450180448883,0.709690354144403,13372,-98.7266688831357,35.5306736704541,68,0.02,N America,stable,other (new),tier2,0.121563636363636,0.430878836310457,semi-arid,0.02
Silurian and Overlying Unconsolidated Aquifers (Southern Ontario Paleozoic Aquifer System),1.38462775680143,0.480604697968139,13360,-80.5624824857224,43.8847678204683,69,-0.02,N America,stable,other (new),tier2,0.121454545454545,1.31434636355192,humid,0.02
Bangkok Basin (Lower Chao Phraya Basin),0.700069084046886,0.555738426351365,13316,100.405228688274,14.0780065659038,72,-0.16,Other,shallowing,other (new),tier2,0.121054545454545,0.706189278594568,humid,0.16
Gypsum Hills,1.39156712802856,0.747661131310711,13266,-99.310938717184,37.0166321728233,10,0.09,N America,stable,other (new),tier2,0.1206,0.366452987697715,semi-arid,0.09
Clarence-Moreton Basin and Cecil Plains (Great Artesian Basin),0.999768201273231,0.223389811008233,13238,151.593601476623,-27.5630977841621,488,0.02,Oceania,stable,other (new),tier2,0.120345454545455,0.437393597473442,semi-arid,0.02
Hetao Basin,0.70644136357688,0.348682395156122,13190,107.605846789838,40.9014690712404,1,0.09,E Asia,stable,other (new),tier2,0.119909090909091,0.115813041122876,arid,0.09
Western C Aquifer (The C Aquifer),0.794223649441875,0.490456083279394,13082,-110.98592677553,35.0358836644391,17,0.03,N America,stable,other (new),tier2,0.118927272727273,0.216339796905222,semi-arid,0.03
Arrowsmith and Dandaragan Plateau (Perth Basin),16.6210920184031,0.0140101173372378,12802,115.487572416194,-29.8988169713564,131,-0.11,Oceania,shallowing,other (new),tier2,0.116381818181818,0.247235006681773,semi-arid,0.11
Gambier Embayment (Otway Basin),14.4021908062119,0.0174048050751409,12773,140.563682469014,-37.4369856840861,758,0.03,Oceania,stable,other (new),tier2,0.116118181818182,0.559321427045503,dry sub-humid,0.03
Northern Columbia River Basin (Columbia Plateau Regional Aquifer System),1.24280373256669,0.4123189884672,12773,-118.968281906879,47.6276435592805,9,0.05,N America,stable,other (new),tier2,0.116118181818182,0.278750238560458,semi-arid,0.05
San Luis Valley (Middle Rio Grande),0.802228127244445,0.534393054399906,12667,-105.83278241629,37.3048462578882,305,0.04,N America,stable,other (new),tier2,0.115154545454545,0.216763889338295,semi-arid,0.04
Southern Cumberland Plateau - Pottsville Aquifer (Appalachian Plateaus),3.80797624437723,0.100139394436657,12662,-87.1265097928522,33.9411833660818,2,-0.04,N America,stable,other (new),tier2,0.115109090909091,1.21078692030617,humid,0.04
Sylhet Basin (Bengal Basin),0.346067805735421,0.549451832020706,12618,91.2135821897053,24.6479839312452,21,0.08,S Asia,stable,other (new),tier2,0.114709090909091,2.11478069493304,humid,0.08
Tuli Karoo Aquifer,1.09044724892876,0.192708056886358,12618,29.3732953716205,-21.9543689599799,2,-0.08,Africa,stable,other (new),tier2,0.114709090909091,0.213220889420053,semi-arid,0.08
Antlers Aquifer,16.5709573594416,0.0253297220523961,12607,-95.7710622983025,33.984843288047,24,0.07,N America,stable,other (new),tier2,0.114609090909091,0.805283659872396,humid,0.07
New Jersey Coastal Plain (North Atlantic Coastal Plain),5.67169357497016,0.0857415697205733,12554,-74.7077232294855,39.7488866627637,1007,-0.05,N America,stable,other (new),tier2,0.114127272727273,0.97134695231077,humid,0.05
Upper Deschutes Basin,1.46806925876105,0.355991988502055,12455,-121.308471479175,44.0977479439721,24,0.09,N America,stable,other (new),tier2,0.113227272727273,0.498593087534736,semi-arid,0.09
Southwestern Flatwoods (Floridan Aquifer System),2.28005594127382,0.153310739863033,12393,-81.3314414199494,26.2352413794052,207,0,N America,stable,other (new),tier2,0.112663636363636,0.78773104283054,humid,0
Central Cumberland Plateau and Sequatchie Valley (Appalachian Plateaus),2.19626309664235,0.168082316783524,12392,-85.7653915924238,35.0657257512409,2,0.01,N America,stable,other (new),tier2,0.112654545454545,1.35087842036628,humid,0.01
Eastern Malwa Plateau Alluvial Aquifer (Malwa Plateau),0.891920780313738,1.62355208893501,12262,75.7556858466488,26.5562789874371,26,-0.4,S Asia,shallowing,other (new),tier2,0.111472727272727,0.337211588492808,semi-arid,0.4
Northern Duero Basin (Duero Basin),1.49423255955227,0.17639877331801,12093,-4.74547075604125,42.1145864684633,63,-0.04,Europe,stable,other (new),tier2,0.109936363636364,0.466905409256425,semi-arid,0.04
Central Littoral Plain (North China Plain),0.645039748681954,0.340059203353199,11974,117.374034846981,38.7366603850514,20,0.11,E Asia,deepening,other (new),tier2,0.108854545454545,0.404385821438567,semi-arid,0.11
Red River Delta,0.65555706259901,0.332732669961562,11968,106.106881680301,20.7389018319852,24,0.09,E Asia,stable,other (new),tier2,0.1088,1.44416116017664,humid,0.09
Tipton Till Plain (Central Lowland Till Plain),31.2228807055949,0.0159382908720831,11793,-86.5547581416635,40.1233094772451,15,-0.01,N America,stable,other (new),tier2,0.107209090909091,1.02790734941773,humid,0.01
Upper Carbonate Aquifer (Northern Midwest Aquifer System),4.31608013252108,0.123401125803244,11793,-93.1882370554393,43.5435950917478,7,0,N America,stable,other (new),tier2,0.107209090909091,0.862090994559764,humid,0
Northern Saurashtra Deccan Trap Basalts (Saurashtra Deccan Trap Basalts),10.6678038705371,0.0343197871739189,11532,70.3996781819493,22.4396684573324,1,0.2,S Asia,deepening,other (new),tier2,0.104836363636364,0.278701860624785,semi-arid,0.2
Kurnool Basin (Cuddapah Sedimentary Basin),0.418564360998835,0.431610501850385,11364,78.427702007835,15.3385753300893,17,0.23,S Asia,deepening,other (new),tier2,0.103309090909091,0.359858040638607,semi-arid,0.23
Coatzacoalcos Coastal Aquifer (Coastal Plain of Veracruz),1.16126395683065,0.305891566366434,11209,-94.6641530199983,17.7614620123886,24,-0.01,N America,stable,other (new),tier2,0.1019,1.50857613851302,humid,0.01
Northern Nuomin-Taoer System (Songnen Plain),0.761522320270659,0.644088294521193,10909,123.663389081566,47.5566918867155,1,-0.02,E Asia,stable,other (new),tier2,0.0991727272727273,0.430741666666667,semi-arid,0.02
Hatfield Valley,21.783250268712,0.0329216958769692,10899,-104.921602164253,51.5253044544494,4,-0.04,N America,stable,other (new),tier2,0.0990818181818182,0.503499079996064,dry sub-humid,0.04
Northcentral Coromandel Schist Aquifers (Coromandel Coastal Plain),0.388778842109914,0.285872815165996,10679,79.6619854741136,14.5856253860161,13,0.28,S Asia,deepening,other (new),tier2,0.0970818181818182,0.464832588800993,semi-arid,0.28
Alsatian Aquifer and Upper Rhine Valley,0.810431160856281,0.352424016413597,10659,7.95623673393674,48.8429119615276,183,0.01,Europe,stable,other (new),tier2,0.0969,0.957312776478094,humid,0.01
Southern Odanah Shale,2.08084563038977,0.590142966988729,10541,-100.906382645206,49.5860139361486,78,-0.03,N America,stable,other (new),tier2,0.0958272727272727,0.575273748344371,dry sub-humid,0.03
Eastern Satpura Basalt Aquifers (Satpura Basalts),0.806225839934406,0.815431265370597,10338,77.5234123312215,21.6201376229411,10,0.15,S Asia,deepening,other (new),tier2,0.0939818181818182,0.642169906872932,dry sub-humid,0.15
Southern Hirri Basin (Chhattisgarh Basin),1.02921875590612,0.313543945588075,10335,81.4332041123891,21.0487906694355,64,0.06,S Asia,stable,other (new),tier2,0.0939545454545455,0.758913264753655,humid,0.06
Limpopo Plateau,1.03232275017856,0.132756974898241,10209,29.4147753556136,-23.4950583076585,35,0.09,Africa,stable,other (new),tier2,0.0928090909090909,0.414587746153846,semi-arid,0.09
Southeastern Bengal Basin (Bengal Basin),0.561080038923082,0.350693181698746,10016,90.9990416022847,23.2118588774846,29,0.04,S Asia,stable,other (new),tier2,0.0910545454545455,1.7659346803994,humid,0.04
