Study_area,n_recipes,n_pos,n_neg,min_trend,max_trend,median_trend,frac_pos,frac_neg,sign_agree,spans_zero,tier,area_km2
Eastern Eromanga Basin (Great Artesian Basin),1920,963,957,-0.235005285491416,0.262753150828366,0.000896614176085023,0.5015625,0.4984375,0.5015625,TRUE,tier1,290867
Delmarva Peninsula (North Atlantic Coastal Plain),1920,972,948,-0.946648096325717,0.724637655920529,0.00946668382322355,0.50625,0.49375,0.50625,TRUE,tier2,18153
Northeastern Judith River (Bearpaw-Judith River Aquifer System),1920,974,946,-1.05185726704849,0.819971570935789,0.00957119180174459,0.507291666666667,0.492708333333333,0.507291666666667,TRUE,tier2,23407
Lake Frome Embayment (Great Artesian Basin),1920,943,977,-0.307511194444259,0.336656448769838,-0.00945168371125271,0.491145833333333,0.508854166666667,0.508854166666667,TRUE,tier2,34046
Northern Mallee (Murray Basin),1920,982,938,-0.273188420070651,0.326499496779248,0.0144082428387808,0.511458333333333,0.488541666666667,0.511458333333333,TRUE,tier2,21895
Northern Eromanga Basin (Great Artesian Basin),1920,931,989,-0.273130522405519,0.27808555366434,-0.00640447829893631,0.484895833333333,0.515104166666667,0.515104166666667,TRUE,tier1,281571
Eastside Lower Indus Valley (Indus Basin),1920,926,994,-0.815042024069238,1.59989817323798,-0.0224463816567225,0.482291666666667,0.517708333333333,0.517708333333333,TRUE,tier1,57275
Northern Piedmont Upland (Piedmont Plateau),1920,994,926,-0.863537214054084,0.831951390953223,0.00979171920166036,0.517708333333333,0.482291666666667,0.517708333333333,TRUE,tier2,15989
Flint Hills Upland (Osage Cuestas Aquifer System),1920,924,996,-0.840079427614402,0.565503923565561,-0.0096450416346667,0.48125,0.51875,0.51875,TRUE,tier2,22649
Tipton Till Plain (Central Lowland Till Plain),1920,1003,917,-1.00897364424379,0.68263500225571,0.0159382908720831,0.522395833333333,0.477604166666667,0.522395833333333,TRUE,tier2,11793
Central Piedmont Upland (Piedmont Plateau),1920,1005,915,-0.898591305127973,0.618665317080614,0.0172610091966411,0.5234375,0.4765625,0.5234375,TRUE,tier1,57273
Eastern Otway Basin (Otway Basin),1920,1007,913,-0.386994457170536,0.293040691319822,0.00991296962382477,0.524479166666667,0.475520833333333,0.524479166666667,TRUE,tier2,17980
Northern Allegheny Plateau (Appalachian Plateaus),1920,911,1009,-0.857453461255385,1.05322730183688,-0.0490521111424751,0.474479166666667,0.525520833333333,0.525520833333333,TRUE,tier2,27131
Daly Basin (Daly-Wiso-Georgina Basins),1920,1010,910,-0.51389595510358,0.310778115221574,0.00873887315066564,0.526041666666667,0.473958333333333,0.526041666666667,TRUE,tier2,26597
Arrowsmith and Dandaragan Plateau (Perth Basin),1920,906,1014,-0.357261399784708,0.510366084142327,-0.0140101173372378,0.471875,0.528125,0.528125,TRUE,tier2,12802
Northern Saurashtra Deccan Trap Basalts (Saurashtra Deccan Trap Basalts),1920,1015,905,-0.673795988029872,0.55048572513957,0.0343197871739189,0.528645833333333,0.471354166666667,0.528645833333333,TRUE,tier2,11532
Hatfield Valley,1920,902,1018,-1.4864987963875,0.991799434423651,-0.0329216958769692,0.469791666666667,0.530208333333333,0.530208333333333,TRUE,tier2,10899
Wimmera Plain (Murray Basin),1920,1022,898,-0.274946577445005,0.300943235370296,0.0243948223893581,0.532291666666667,0.467708333333333,0.532291666666667,TRUE,tier2,20408
Eastern Vindhyan Basin,1920,1023,897,-0.489795227687491,0.757402939529819,0.0362608391480634,0.5328125,0.4671875,0.5328125,TRUE,tier2,23103
Lower Limestone Coast Aquifer System (Murray Basin),1920,1025,895,-0.353848655065423,0.31150552562756,0.0149978709197235,0.533854166666667,0.466145833333333,0.533854166666667,TRUE,tier2,25446
Gambier Embayment (Otway Basin),1920,1035,885,-0.375915473089626,0.316804269253119,0.0174048050751409,0.5390625,0.4609375,0.5390625,TRUE,tier2,12773
Antlers Aquifer,1920,1037,883,-0.770794443241032,0.949885086382285,0.0253297220523961,0.540104166666667,0.459895833333333,0.540104166666667,TRUE,tier2,12607
Northern Cumberland Plateau and Mountains (Appalachian Plateaus),1920,1038,882,-0.745348281982037,0.552261949895912,0.0263653779895959,0.540625,0.459375,0.540625,TRUE,tier2,28114
Central Mallee (Murray Basin),1920,1047,873,-0.281748962307637,0.358455067529628,0.0323692763393675,0.5453125,0.4546875,0.5453125,TRUE,tier2,27348
Bluffton Till Plain (Central Lowland Till Plain),1920,870,1050,-0.928939035921392,0.833371697167618,-0.0485579722949124,0.453125,0.546875,0.546875,TRUE,tier2,23952
Ribstone Creek and Northern Judith River Aquifer (Bearpaw-Judith River Aquifer System),1920,1057,863,-0.592692902619729,0.754419451175083,0.0436396488137901,0.550520833333333,0.449479166666667,0.550520833333333,TRUE,tier2,47412
Springfield Plain (Central Lowland Till Plain),1920,1069,851,-0.966059552910192,0.665177188041955,0.0669165367451105,0.556770833333333,0.443229166666667,0.556770833333333,TRUE,tier2,39234
Northcentral Piedmont Upland (Piedmont Plateau),1920,849,1071,-0.99856423569641,0.736837522191054,-0.0653204552739777,0.4421875,0.5578125,0.5578125,TRUE,tier2,24072
Bighorn Basin,1920,1082,838,-1.14040114815654,0.751994230724792,0.0596912261930655,0.563541666666667,0.436458333333333,0.563541666666667,TRUE,tier2,20257
Jiangsu Coastal Plain (Huaihe River Basin),1920,1083,837,-0.232256166758325,1.1219447742582,0.0253877350755101,0.5640625,0.4359375,0.5640625,TRUE,tier1,56925
Springbok Flats Karoo Basin,1920,837,1083,-0.272294385304537,0.310359233502095,-0.0184160581077741,0.4359375,0.5640625,0.5640625,TRUE,tier2,18345
Lower Liaohe River Plain (Liaohe River Basin),1920,1085,835,-0.386284203608584,0.395527218060783,0.0190795339737342,0.565104166666667,0.434895833333333,0.565104166666667,TRUE,tier1,69968
Central Cambay Basin (Cambay Basin),1920,826,1094,-0.78708614372089,0.547350861032686,-0.0423808865763603,0.430208333333333,0.569791666666667,0.569791666666667,TRUE,tier2,16772
Milk River,1920,1097,823,-0.576957552170162,0.731876782080438,0.0457654108101253,0.571354166666667,0.428645833333333,0.571354166666667,TRUE,tier2,22986
Canning Basin,1920,1101,819,-0.243046443027124,0.73634124988415,0.0267579736715719,0.5734375,0.4265625,0.5734375,TRUE,tier1,130597
Eastern Malwa Plateau (Malwa Plateau),1920,1106,814,-0.522383220221613,1.92224401166717,0.172831264048394,0.576041666666667,0.423958333333333,0.576041666666667,TRUE,tier2,25218
Northcentral Valley and Ridge (Valley and Ridge Aquifer System),1920,811,1109,-1.05413154351255,0.593763167303193,-0.070616966739873,0.422395833333333,0.577604166666667,0.577604166666667,TRUE,tier2,45635
Western Cambay Basin (Cambay Basin),1920,1112,808,-0.554287769292189,0.65678044165372,0.0362928470746773,0.579166666666667,0.420833333333333,0.579166666666667,TRUE,tier2,17184
Eastern Pennyroyal Plateau (Interior Low Plateaus),1920,1115,805,-0.721994219418609,0.665241881059153,0.0628923946021055,0.580729166666667,0.419270833333333,0.580729166666667,TRUE,tier2,16219
Newcastle Till Plain (Central Lowland Till Plain),1920,800,1120,-1.1101675497593,0.661370194579243,-0.0817069261428778,0.416666666666667,0.583333333333333,0.583333333333333,TRUE,tier2,20988
Western Allegheny Plateau (Appalachian Plateaus),1920,798,1122,-0.892254103865912,0.866390794426017,-0.0830587279556995,0.415625,0.584375,0.584375,TRUE,tier2,17977
Landes Plain (Aquitaine Basin),1920,797,1123,-0.594722040716119,0.668210671109888,-0.0550634076333953,0.415104166666667,0.584895833333333,0.584895833333333,TRUE,tier2,15042
Eastern Carrizo-Wilcox (Carrizo-Wilcox),1920,1125,795,-0.65207461342978,0.616280908094586,0.0647123105304513,0.5859375,0.4140625,0.5859375,TRUE,tier1,57217
Southern Mallee (Murray Basin),1920,1132,788,-0.250110596771017,0.396167941577334,0.0627313896610475,0.589583333333333,0.410416666666667,0.589583333333333,TRUE,tier2,31573
Central Wabash and Bloomington Ridged Plain (Central Lowland Till Plain),1920,1136,784,-0.905657741718457,0.673904615379687,0.0747318841666923,0.591666666666667,0.408333333333333,0.591666666666667,TRUE,tier2,25827
Eastern Dakota Aquifer,1920,1138,782,-0.814470492074461,0.758063027775582,0.073467194333586,0.592708333333333,0.407291666666667,0.592708333333333,TRUE,tier2,39395
Central Allegheny Plateau (Appalachian Plateaus),1920,779,1141,-1.1181218553582,0.771878425565457,-0.0827299404378283,0.405729166666667,0.594270833333333,0.594270833333333,TRUE,tier1,52939
North Carolina and Virginia Coastal Plain (North Atlantic Coastal Plain),1920,1154,766,-0.896826108752701,0.548206099338764,0.0924524688761717,0.601041666666667,0.398958333333333,0.601041666666667,TRUE,tier2,49143
Upper Carbonate Aquifer (Northern Midwest Aquifer System),1920,1154,766,-0.866171451004909,0.976601251229654,0.123401125803244,0.601041666666667,0.398958333333333,0.601041666666667,TRUE,tier2,11793
Southcentral Valley and Ridge (Valley and Ridge Aquifer System),1920,1156,764,-0.704038920219838,0.708248373807544,0.0847101737265817,0.602083333333333,0.397916666666667,0.602083333333333,TRUE,tier2,18344
New Jersey Coastal Plain (North Atlantic Coastal Plain),1920,1158,762,-0.854640039019226,0.8160484248068,0.0857415697205733,0.603125,0.396875,0.603125,TRUE,tier2,12554
Northern Valley and Ridge (Valley and Ridge Aquifer System),1920,761,1159,-0.840435301745788,0.843380634274793,-0.09182948734336,0.396354166666667,0.603645833333333,0.603645833333333,TRUE,tier2,43020
Denver Basin,1920,757,1163,-0.921391392832314,1.10049322476938,-0.0874601984136884,0.394270833333333,0.605729166666667,0.605729166666667,TRUE,tier2,18104
Mount Vernon Hill County (Central Lowland Till Plain),1920,1164,756,-0.717351141964693,0.589544533264686,0.093715764535364,0.60625,0.39375,0.60625,TRUE,tier2,27711
Central Eromanga Depocenter (Great Artesian Basin),1920,738,1182,-0.343436804291264,0.219565012019355,-0.0624164133262279,0.384375,0.615625,0.615625,TRUE,tier1,214471
Middle-Upper Devonian Aquifer System (Baltic Artesian Basin),1920,1182,738,-0.524291013464823,1.04053003987609,0.0520159021708567,0.615625,0.384375,0.615625,TRUE,tier2,34615
Southern Huaihe River Basin (Huaihe River Basin),1920,736,1184,-0.817567442243586,0.46849822416842,-0.0685547457026615,0.383333333333333,0.616666666666667,0.616666666666667,TRUE,tier2,29395
Black Warrior River Aquifer System (Eutaw and McShan Formations and Tuscaloosa Group),1920,1185,735,-0.833826233423487,0.564854834252716,0.0909482961015654,0.6171875,0.3828125,0.6171875,TRUE,tier1,50216
North Rewa Basin (Son-Mahandai Valley Basins),1920,1206,714,-0.442909846398607,0.566908870841962,0.095930103422581,0.628125,0.371875,0.628125,TRUE,tier2,13718
Western Armorican Massif (Armorican Massif),1920,708,1212,-0.813962583970775,0.417821746981633,-0.0766621163897959,0.36875,0.63125,0.63125,TRUE,tier2,23180
South Platte Basin,1920,1214,706,-0.818336821510172,1.48860335401859,0.120422367825412,0.632291666666667,0.367708333333333,0.632291666666667,TRUE,tier2,13779
Transboundary Odanah Shale,1920,704,1216,-1.82108712639109,0.928424851903113,-0.204075643926028,0.366666666666667,0.633333333333333,0.633333333333333,TRUE,tier2,14918
Northwestern Malwa Plateau (Malwa Plateau),1920,1221,699,-0.512515561062795,2.48824616441405,0.224857418799036,0.6359375,0.3640625,0.6359375,TRUE,tier2,22557
Shawnee Hills (Interior Low Plateaus),1920,1223,697,-0.651552349533217,0.717032785912573,0.100477597846299,0.636979166666667,0.363020833333333,0.636979166666667,TRUE,tier2,22911
Southeastern Allegheny Plateau (Appalachian Plateaus),1920,697,1223,-0.995228035326454,0.544148188663791,-0.104611267048652,0.363020833333333,0.636979166666667,0.636979166666667,TRUE,tier2,23152
Northeast Missouri Carbonates (Northern Midwest Aquifer System),1920,1233,687,-1.02914939693757,0.670037505324081,0.144554903647053,0.6421875,0.3578125,0.6421875,TRUE,tier2,29764
Southwestern Chaco-Lower Parana Basin (Guarani Aquifer System),1920,686,1234,-0.331229251117107,0.421518124773647,-0.0613319041004562,0.357291666666667,0.642708333333333,0.642708333333333,TRUE,tier1,330826
Southern Cumberland Plateau - Pottsville Aquifer (Appalachian Plateaus),1920,1237,683,-0.662241575405732,0.517949712834776,0.100139394436657,0.644270833333333,0.355729166666667,0.644270833333333,TRUE,tier2,12662
Western Surat Basin (Great Artesian Basin),1920,1239,681,-0.211518431529074,0.30042705293801,0.0559186726429755,0.6453125,0.3546875,0.6453125,TRUE,tier1,65684
Osage Plains (Osage Cuestas Aquifer System),1920,1263,657,-0.743341067501536,1.13526543782063,0.119925156275778,0.6578125,0.3421875,0.6578125,TRUE,tier2,23975
Western Cambrian-Ordovician Aquifers (Northern Midwest Aquifer System),1920,1264,656,-0.805790543011235,1.26084051988405,0.189889461300215,0.658333333333333,0.341666666666667,0.658333333333333,TRUE,tier1,59488
Eastern Mississippi Embayment (Mississippi Embayment),1920,1267,653,-0.778093868986365,0.60956176796007,0.116473772792321,0.659895833333333,0.340104166666667,0.659895833333333,TRUE,tier1,60634
Eastern Armorican Massif (Armorican Massif),1920,652,1268,-0.889118514155907,0.4564332442693,-0.102961911366663,0.339583333333333,0.660416666666667,0.660416666666667,TRUE,tier2,36418
Southern Valley and Ridge (Valley and Ridge Aquifer System),1920,1274,646,-0.601332682328592,0.570566812064645,0.127984026630049,0.663541666666667,0.336458333333333,0.663541666666667,TRUE,tier2,23782
Nanyang Basin,1920,1278,642,-0.225524716099105,1.2008985602678,0.0774538837080081,0.665625,0.334375,0.665625,TRUE,tier2,21139
Southcentral Piedmont Upland (Piedmont Plateau),1920,1280,640,-0.715936813806387,0.870374157884216,0.153944623790211,0.666666666666667,0.333333333333333,0.666666666666667,TRUE,tier2,44094
Southern Piedmont Upland (Piedmont Plateau),1920,1283,637,-0.588369791954594,0.548732198438115,0.136574924971916,0.668229166666667,0.331770833333333,0.668229166666667,TRUE,tier1,61856
Southwestern Allegheny Plateau (Appalachian Plateaus),1920,624,1296,-1.12105404805344,0.618455881853456,-0.157405477582506,0.325,0.675,0.675,TRUE,tier2,19131
Southwestern Flatwoods (Floridan Aquifer System),1920,1302,618,-0.597066268013561,0.656047020730197,0.153310739863033,0.678125,0.321875,0.678125,TRUE,tier2,12393
Lower Athabasca (Lower Athabasca Basin),1920,608,1312,-1.2336210016613,2.21437970557208,-0.354866701777795,0.316666666666667,0.683333333333333,0.683333333333333,TRUE,tier2,15814
Ivanhoe Plains (Murray Basin),1920,1315,605,-0.266172741684779,0.519503391557523,0.104983609587772,0.684895833333333,0.315104166666667,0.684895833333333,TRUE,tier2,45266
Mississippian-Silurian-Devonian Carbonates (Northern Midwest Aquifer System),1920,1333,587,-0.805779103644621,0.78265288023148,0.198257777677928,0.694270833333333,0.305729166666667,0.694270833333333,TRUE,tier1,87887
Peedee and Black Creek and Cape Fear Aquifers,1920,1333,587,-0.728642199667355,0.804749169175555,0.193004268332743,0.694270833333333,0.305729166666667,0.694270833333333,TRUE,tier2,34016
Southcentral Karoo Basin (Main Karoo Basin),1920,1334,586,-0.506613019565482,0.252839493560024,0.0538420201211052,0.694791666666667,0.305208333333333,0.694791666666667,TRUE,tier1,72357
Central Mississippi Embayment (Mississippi Embayment),1920,1337,583,-0.684086761588266,0.667563100336415,0.157514679435668,0.696354166666667,0.303645833333333,0.696354166666667,TRUE,tier1,89580
Pearl and Chattahoochee Aquifer System,1920,1338,582,-0.585998014583157,0.574049378981523,0.164061268987822,0.696875,0.303125,0.696875,TRUE,tier2,35594
Northern Aquitaine Basin (Aquitaine Basin),1920,581,1339,-0.626753196469653,0.627294640968356,-0.108404857367728,0.302604166666667,0.697395833333333,0.697395833333333,TRUE,tier2,25909
Central Cumberland Plateau and Sequatchie Valley (Appalachian Plateaus),1920,1340,580,-0.589121222101097,0.758387137926444,0.168082316783524,0.697916666666667,0.302083333333333,0.697916666666667,TRUE,tier2,12392
Central Eucla Basin (Eucla Basin),1920,578,1342,-0.41943284489094,0.181526530833132,-0.102168440629784,0.301041666666667,0.698958333333333,0.698958333333333,TRUE,tier1,63315
Eastern Flatwoods Southshores (Floridan Aquifer System),1920,1351,569,-0.567529321307464,0.664169252589034,0.177526023485895,0.703645833333333,0.296354166666667,0.703645833333333,TRUE,tier2,25461
Central Minnesota Surficial and Buried Sand and Gravel Aquifers,1920,566,1354,-1.67809978275265,0.800788522065935,-0.322508266934809,0.294791666666667,0.705208333333333,0.705208333333333,TRUE,tier1,75252
Northeastern Karoo Basin (Main Karoo Basin),1920,1358,562,-0.16818005622246,0.548460345424008,0.0746846502039183,0.707291666666667,0.292708333333333,0.707291666666667,TRUE,tier1,52358
Lafayette Area (Gulf Coast Regional Aquifer System),1920,1363,557,-0.532896183745047,0.701519712651175,0.131208618680273,0.709895833333333,0.290104166666667,0.709895833333333,TRUE,tier1,65824
Lannemezan Plateau (Aquitaine Basin),1920,557,1363,-0.573828929908416,0.472036415371063,-0.10037237648837,0.290104166666667,0.709895833333333,0.709895833333333,TRUE,tier2,18348
Williston Basin (Northern Great Plains),1920,1372,548,-0.460764900207718,1.02271878527424,0.188787618685333,0.714583333333333,0.285416666666667,0.714583333333333,TRUE,tier1,242272
Western Liaohe River Basin (Liaohe River Basin),1920,1373,547,-0.591101258407193,0.472131875923191,0.0893183253466108,0.715104166666667,0.284895833333333,0.715104166666667,TRUE,tier2,43494
Alabama Coastal Lowlands (Gulf Coast Regional Aquifer System),1920,1382,538,-0.646048362934488,0.553939069051092,0.166185551391624,0.719791666666667,0.280208333333333,0.719791666666667,TRUE,tier2,21894
Western Mississippi Embayment (Mississippi Embayment),1920,1384,536,-0.53660858487368,0.717112189178302,0.18084193322259,0.720833333333333,0.279166666666667,0.720833333333333,TRUE,tier2,34240
Northern High Plains (High Plains),1920,1393,527,-0.686453967974823,0.900070945110845,0.243483955430572,0.725520833333333,0.274479166666667,0.725520833333333,TRUE,tier1,259376
Great Plains Dakota Aquifer,1920,519,1401,-1.23612034464471,0.535722463806358,-0.21237511289403,0.2703125,0.7296875,0.7296875,TRUE,tier2,23221
Catahoula Area (Gulf Coast Regional Aquifer System),1920,1402,518,-0.531154854951714,0.568730142983093,0.180408254262433,0.730208333333333,0.269791666666667,0.730208333333333,TRUE,tier2,23047
Lower Coastal Plain (Floridan Aquifer System),1920,1406,514,-0.645586235411541,0.876022549635041,0.237229453559597,0.732291666666667,0.267708333333333,0.732291666666667,TRUE,tier2,18560
Central Parana Basin and Torres Syncline (Guarani Aquifer System),1920,1407,513,-0.205757484457307,0.544794855103967,0.140169909668077,0.7328125,0.2671875,0.7328125,TRUE,tier1,494871
Roma Shelf and Northern Surat Basin (Great Artesian Basin),1920,1414,506,-0.138558304474424,0.44291756560683,0.127432721849597,0.736458333333333,0.263541666666667,0.736458333333333,TRUE,tier2,33598
Vidalia Upland (Floridan Aquifer System),1920,1418,502,-0.598115389162518,0.810354027065596,0.225020350967296,0.738541666666667,0.261458333333333,0.738541666666667,TRUE,tier2,23831
Dougherty Plain and Marianna Lowlands (Floridan Aquifer System),1920,1421,499,-0.597223699361226,0.607206584196836,0.221022453268593,0.740104166666667,0.259895833333333,0.740104166666667,TRUE,tier2,18608
Northern Pitted Karst Plain (Yucatan Peninsula),1920,1422,498,-0.433070351043863,0.636588265484894,0.144550135190158,0.740625,0.259375,0.740625,TRUE,tier2,19270
Ozark Plateaus Aquifer System,1920,1427,493,-0.607695350138342,0.849602506227214,0.226562370543875,0.743229166666667,0.256770833333333,0.743229166666667,TRUE,tier1,172612
Westside Middle Indus Plain (Indus Basin),1920,487,1433,-1.39845069959662,1.42200250149774,-0.70920159828949,0.253645833333333,0.746354166666667,0.746354166666667,TRUE,tier2,24478
Northern Khorat Plateau (Khorat Plateau Aquifer System),1920,477,1443,-0.532176612277451,0.258333134632107,-0.127476283706611,0.2484375,0.7515625,0.7515625,TRUE,tier2,14425
Northern Paris Basin (Paris Basin),1920,476,1444,-0.730079495661265,0.432019544715729,-0.13578728862914,0.247916666666667,0.752083333333333,0.752083333333333,TRUE,tier2,23814
Intermediate Aquifer (Floridan Aquifer System),1920,1445,475,-0.552762913791651,0.994452159034574,0.241811729875531,0.752604166666667,0.247395833333333,0.752604166666667,TRUE,tier2,17405
Tifton Upland (Floridan Aquifer System),1920,1446,474,-0.551555914945411,0.855475779831331,0.23631715913206,0.753125,0.246875,0.753125,TRUE,tier2,14658
Powder River Basin (Northern Great Plains),1920,1455,465,-0.901043651660414,0.935965284394598,0.378713261224424,0.7578125,0.2421875,0.7578125,TRUE,tier1,63642
Poolowanna Trough and Western Eromanga Basin (Great Artesian Basin),1920,463,1457,-0.377857846034792,0.255143530389193,-0.0969105778390422,0.241145833333333,0.758854166666667,0.758854166666667,TRUE,tier1,292840
Chicxulub Sedimentary Basin (Yucatan Peninsula),1920,1474,446,-0.397077746383898,0.648461226210947,0.164396011139415,0.767708333333333,0.232291666666667,0.767708333333333,TRUE,tier2,14250
Southern Coromandel Fractured Charnockite and Gneiss Aquifers (Coromandel Coastal Plain),1920,1474,446,-0.350733583440966,0.357554510221158,0.0759148569147118,0.767708333333333,0.232291666666667,0.767708333333333,TRUE,tier2,13538
Transboundary Judith River Aquifer (Bearpaw-Judith River Aquifer System),1920,1478,442,-0.489034345968867,0.977609369569298,0.244524048749842,0.769791666666667,0.230208333333333,0.769791666666667,TRUE,tier2,22275
Blue Mountains and Clearwater Embayment (Columbia Plateau Regional Aquifer System),1920,437,1483,-0.918160204263773,0.325785952385229,-0.181553491635964,0.227604166666667,0.772395833333333,0.772395833333333,TRUE,tier2,26297
Silurian and Overlying Unconsolidated Aquifers (Southern Ontario Paleozoic Aquifer System),1920,1483,437,-0.838185912594545,1.28449107346561,0.480604697968139,0.772395833333333,0.227604166666667,0.772395833333333,TRUE,tier2,13360
Sea Island (Floridan Aquifer System),1920,1486,434,-0.582618080801351,0.940535276822027,0.273095484564958,0.773958333333333,0.226041666666667,0.773958333333333,TRUE,tier2,22877
Southern Hills (Gulf Coast Regional Aquifer System),1920,1486,434,-0.487250166938021,0.815355567748163,0.219211808470735,0.773958333333333,0.226041666666667,0.773958333333333,TRUE,tier2,34191
Southern St. Lawrence Lowlands (St. Lawrence Lowlands),1920,1496,424,-0.732292089413089,1.17733152554428,0.471262766566302,0.779166666666667,0.220833333333333,0.779166666666667,TRUE,tier2,24965
Ocala Uplift (Floridan Aquifer System),1920,1515,405,-0.544621557353833,1.18245736146853,0.279396951425407,0.7890625,0.2109375,0.7890625,TRUE,tier2,35660
Southern Riverine Plains (Murray Basin),1920,1515,405,-0.108434157164584,0.47346586098067,0.163764807769406,0.7890625,0.2109375,0.7890625,TRUE,tier1,51599
Tuli Karoo Aquifer,1920,403,1517,-0.457221608420039,0.3071454492333,-0.192708056886358,0.209895833333333,0.790104166666667,0.790104166666667,TRUE,tier2,12618
Dakota Aquifer System,1920,1518,402,-0.44025826695235,0.8197289667313,0.269654488032693,0.790625,0.209375,0.790625,TRUE,tier1,110336
Central Coromandel Fractured Charnockite and Gneiss Aquifers (Coromandel Coastal Plain),1920,1520,400,-0.169604156828161,0.327595375318676,0.0730170672215846,0.791666666666667,0.208333333333333,0.791666666666667,TRUE,tier2,17492
Southern Odanah Shale,1920,400,1520,-2.80134790513724,0.832297287773469,-0.590142966988729,0.208333333333333,0.791666666666667,0.791666666666667,TRUE,tier2,10541
New Brunswick Carboniferous Basin (Maritimes Basin),1920,1521,399,-0.795525207402708,1.39306328962316,0.396910634595981,0.7921875,0.2078125,0.7921875,TRUE,tier2,19211
Western Karoo Basin (Main Karoo Basin),1920,1532,388,-0.17363094971829,0.262809512698509,0.0706391884285274,0.797916666666667,0.202083333333333,0.797916666666667,TRUE,tier1,146433
Western Paris Basin (Paris Basin),1920,388,1532,-1.01096730584095,0.360255498197609,-0.179654754901706,0.202083333333333,0.797916666666667,0.797916666666667,TRUE,tier2,28758
Mississippi Delta (Gulf Coast Regional Aquifer System),1920,1536,384,-0.468097435506889,0.974525675252437,0.248984215039585,0.8,0.2,0.8,TRUE,tier2,16784
Thal Doab (Indus Basin),1920,384,1536,-1.51972116052257,1.15500992695787,-0.959801213188319,0.2,0.8,0.8,TRUE,tier2,33296
Black Hills Uplift,1920,1548,372,-0.666824647714531,0.98672593426574,0.48879640738389,0.80625,0.19375,0.80625,TRUE,tier2,18954
Eastern Poti and Piaui and Cabecas and Serra Grande Aquifers (Parnaiba Basin),1920,1552,368,-0.372988630211373,0.53528581188701,0.163550668938176,0.808333333333333,0.191666666666667,0.808333333333333,TRUE,tier1,117926
Umatilla Basin and Horse Heaven Hills (Columbia Plateau Regional Aquifer System),1920,361,1559,-1.07239937671051,0.2785434348183,-0.208826555113574,0.188020833333333,0.811979166666667,0.811979166666667,TRUE,tier2,15408
Southcentral Mega Aquifer System (Mega Aquifer System),1920,344,1576,-0.547202441805537,0.333376182407422,-0.175576451680654,0.179166666666667,0.820833333333333,0.820833333333333,TRUE,tier1,89916
Southern Malwa Plateau (Malwa Plateau),1920,1581,339,-0.265631850667698,2.32360858854489,0.561505906740233,0.8234375,0.1765625,0.8234375,TRUE,tier2,38079
Northern Duero Basin (Duero Basin),1920,321,1599,-0.590223807314714,0.282997710737723,-0.17639877331801,0.1671875,0.8328125,0.8328125,TRUE,tier2,12093
Sundarbans and Southern Delta (Bengal Basin),1920,318,1602,-0.506205968032642,0.192786518597246,-0.095302190236946,0.165625,0.834375,0.834375,TRUE,tier2,22556
Palouse Slope (Columbia Plateau Regional Aquifer System),1920,317,1603,-0.885790554780676,0.459718759679511,-0.317614482237455,0.165104166666667,0.834895833333333,0.834895833333333,TRUE,tier2,15260
Mimosa Syncline and Eastern Surat Basin (Great Artesian Basin),1920,1609,311,-0.0739126563998517,0.392924095626803,0.153836064560225,0.838020833333333,0.161979166666667,0.838020833333333,TRUE,tier1,64955
Eastern Cambrian-Ordovician Aquifers (Northern Midwest Aquifer System),1920,1613,307,-0.447672672617146,0.994300381381338,0.432227400416268,0.840104166666667,0.159895833333333,0.840104166666667,TRUE,tier1,55195
Southern Paris Basin (Paris Basin),1920,300,1620,-0.738049445313057,0.312450457554068,-0.23110938410948,0.15625,0.84375,0.84375,TRUE,tier2,24635
Central Paris Basin (Paris Basin),1920,298,1622,-0.875032969824096,0.34498715246349,-0.235376503711317,0.155208333333333,0.844791666666667,0.844791666666667,TRUE,tier2,31880
Paskapoo-Scollard,1920,292,1628,-1.39889780744238,0.403797946869388,-0.322977990667824,0.152083333333333,0.847916666666667,0.847916666666667,TRUE,tier1,65768
Houston-Galveston Area (Gulf Coast Regional Aquifer System),1920,284,1636,-1.18962838446389,0.231712560546915,-0.238081086166297,0.147916666666667,0.852083333333333,0.852083333333333,TRUE,tier2,29004
Upper Deschutes Basin,1920,284,1636,-1.62820896976094,0.196601105750247,-0.355991988502055,0.147916666666667,0.852083333333333,0.852083333333333,TRUE,tier2,12455
Southwestern Bengal Basin (Bengal Basin),1920,281,1639,-0.461156094288516,0.242234760571569,-0.132323456723776,0.146354166666667,0.853645833333333,0.853645833333333,TRUE,tier2,20073
Northern Hirri Basin (Chhattisgarh Basin),1920,1640,280,-0.534557065053456,0.757158293893153,0.199137662390674,0.854166666666667,0.145833333333333,0.854166666666667,TRUE,tier2,14830
Great Bend Prairie (High Plains),1920,276,1644,-1.78348065498161,0.437560493467617,-0.469504597008362,0.14375,0.85625,0.85625,TRUE,tier2,18167
Trinity Aquifer System (Edwards-Trinity Aquifer System),1920,258,1662,-0.954446203150832,0.213873327510946,-0.250586903040339,0.134375,0.865625,0.865625,TRUE,tier1,67070
Eastern Karoo Basin (Main Karoo Basin),1920,1663,257,-0.12133471629499,0.264823234528617,0.0844130878187499,0.866145833333333,0.133854166666667,0.866145833333333,TRUE,tier2,41725
Western Riverine Plains (Murray Basin),1920,1664,256,-0.0879275597506304,0.517808648122901,0.190141030442266,0.866666666666667,0.133333333333333,0.866666666666667,TRUE,tier2,23144
North-central High Plains (High Plains),1920,253,1667,-1.86252180490171,0.402031734583441,-0.540288421339857,0.131770833333333,0.868229166666667,0.868229166666667,TRUE,tier2,18173
Northern St. Lawrence Lowlands (St. Lawrence Lowlands),1920,1670,250,-0.49057121070589,1.61864327189893,0.830570275231117,0.869791666666667,0.130208333333333,0.869791666666667,TRUE,tier2,14318
Northern Columbia River Basin (Columbia Plateau Regional Aquifer System),1920,249,1671,-1.29042272393255,0.487206044129747,-0.4123189884672,0.1296875,0.8703125,0.8703125,TRUE,tier2,12773
Southern Carpentaria Basin (Great Artesian Basin),1920,1675,245,-0.118525445911775,0.421567660729282,0.139763098574614,0.872395833333333,0.127604166666667,0.872395833333333,TRUE,tier1,124001
Southern Saurashtra Deccan Trap Basalts (Saurashtra Deccan Trap Basalts),1920,1683,237,-0.411928640682878,0.694844526198311,0.213408491249056,0.8765625,0.1234375,0.8765625,TRUE,tier2,30217
Central Karoo Basin (Main Karoo Basin),1920,1711,209,-0.0746952251435808,0.541620812035848,0.130066806479593,0.891145833333333,0.108854166666667,0.891145833333333,TRUE,tier1,128536
Southeastern Coastal Karoo Basin (Main Karoo Basin),1920,1715,205,-0.082836290526648,0.529187190095422,0.13207102046691,0.893229166666667,0.106770833333333,0.893229166666667,TRUE,tier2,28053
Eastern C Aquifer (The C Aquifer),1920,197,1723,-1.3385067451479,0.310955276547915,-0.5181370902959,0.102604166666667,0.897395833333333,0.897395833333333,TRUE,tier2,29532
Ghaap Plateau Dolomite Aquifer System,1920,1727,193,-0.295764838990748,0.648685643495992,0.139747033074988,0.899479166666667,0.100520833333333,0.899479166666667,TRUE,tier2,20319
Eastern Duero Basin (Duero Basin),1920,192,1728,-1.01329898571154,0.241614277730401,-0.259377064789232,0.1,0.9,0.9,TRUE,tier2,16257
Arckaringa Basin and Southwestern Great Artesian Basin (Great Artesian Basin),1920,190,1730,-0.409641943184015,0.121583777837523,-0.16639946075655,0.0989583333333333,0.901041666666667,0.901041666666667,TRUE,tier1,107715
Eastern Paris Basin (Paris Basin),1920,190,1730,-0.703302560989844,0.297593858468681,-0.277089912205492,0.0989583333333333,0.901041666666667,0.901041666666667,TRUE,tier2,41666
Eastern Silurian-Devonian Aquifers (Northern Midwest Aquifer System),1920,1735,185,-0.282027118627146,1.05794690808402,0.301602399264053,0.903645833333333,0.0963541666666667,0.903645833333333,TRUE,tier2,30268
Rio Grande Delta (Gulf Coast Regional Aquifer System),1920,181,1739,-1.02285868357101,0.228970210328689,-0.287591680837426,0.0942708333333333,0.905729166666667,0.905729166666667,TRUE,tier1,62984
Northern Cambrian-Ordovician Aquifers (Northern Midwest Aquifer System),1920,1740,180,-0.251236595347966,1.07263326225675,0.312973057940391,0.90625,0.09375,0.90625,TRUE,tier2,20460
Victoria Area (Gulf Coast Regional Aquifer System),1920,170,1750,-1.66391019316781,0.203417782689308,-0.370917307150214,0.0885416666666667,0.911458333333333,0.911458333333333,TRUE,tier2,31242
Northcentral Mega Aquifer System (Mega Aquifer System),1920,166,1754,-0.738614393073587,0.271652727030417,-0.323156708316219,0.0864583333333333,0.913541666666667,0.913541666666667,TRUE,tier1,179365
Central Carrizo-Wilcox (Carrizo-Wilcox),1920,158,1762,-1.18356734661964,0.200714450118194,-0.308834189720395,0.0822916666666667,0.917708333333333,0.917708333333333,TRUE,tier2,19641
Eastern Mekong Delta (Mekong Delta),1920,154,1766,-0.603593504565289,0.139871852059114,-0.15292782581921,0.0802083333333333,0.919791666666667,0.919791666666667,TRUE,tier2,35001
Missionary Plains Syncline and Mereenie Anticline (Amadeus Basin),1920,152,1768,-0.781658635752381,0.177400407407988,-0.285182975737581,0.0791666666666667,0.920833333333333,0.920833333333333,TRUE,tier2,22819
Coatzacoalcos Coastal Aquifer (Coastal Plain of Veracruz),1920,147,1773,-1.19331626120398,0.202267665872013,-0.305891566366434,0.0765625,0.9234375,0.9234375,TRUE,tier2,11209
Central Huaihe Plain (Huaihe River Basin),1920,138,1782,-1.58700416258891,0.215670383781038,-0.380302814072964,0.071875,0.928125,0.928125,TRUE,tier1,79573
Western Huaihe Plain (Huaihe River Basin),1920,137,1783,-1.24897021379518,0.230926682599641,-0.387205078126679,0.0713541666666667,0.928645833333333,0.928645833333333,TRUE,tier2,29254
Limpopo Plateau,1920,135,1785,-0.376798842807291,0.127044288553675,-0.132756974898241,0.0703125,0.9296875,0.9296875,TRUE,tier2,10209
Jianghan Plain,1920,1789,131,-0.191611070667084,0.925823978969593,0.282928549897152,0.931770833333333,0.0682291666666667,0.931770833333333,TRUE,tier2,34644
Northern San Juan Basin,1920,128,1792,-1.27160013160695,0.239207894126652,-0.465127952825594,0.0666666666666667,0.933333333333333,0.933333333333333,TRUE,tier2,20120
Eastern Riverine Plains (Murray Basin),1920,1795,125,-0.0727589182299859,0.717893005686073,0.280814242541493,0.934895833333333,0.0651041666666667,0.934895833333333,TRUE,tier2,27505
Northern Riverine Plains (Murray Basin),1920,1801,119,-0.0877365913605054,0.656196109504197,0.254952954846041,0.938020833333333,0.0619791666666667,0.938020833333333,TRUE,tier2,25646
Southern Hirri Basin (Chhattisgarh Basin),1920,1804,116,-0.335030598448477,0.899200703846256,0.313543945588075,0.939583333333333,0.0604166666666667,0.939583333333333,TRUE,tier2,10335
Northern Karoo Basin (Main Karoo Basin),1920,1811,109,-0.0688639862369113,0.75199733398407,0.168308182130551,0.943229166666667,0.0567708333333333,0.943229166666667,TRUE,tier1,89072
Southwestern Khorat Plateau (Khorat Plateau Aquifer System),1920,107,1813,-0.718977005953738,0.152163824810796,-0.303625587568337,0.0557291666666667,0.944270833333333,0.944270833333333,TRUE,tier2,17185
Middle Chao Phraya Basin,1920,102,1818,-1.03243966765531,0.137529053531629,-0.351812459537909,0.053125,0.946875,0.946875,TRUE,tier2,22178
Devonian and Overlying Unconsolidated Aquifers (Southern Ontario Paleozoic Aquifer System),1920,1819,101,-0.366650148748562,1.46713703126149,0.557887027685607,0.947395833333333,0.0526041666666667,0.947395833333333,TRUE,tier2,21440
Gypsum Hills,1920,97,1823,-2.51679560875967,0.248916948845362,-0.747661131310711,0.0505208333333333,0.949479166666667,0.949479166666667,TRUE,tier2,13266
Southeastern System (Amadeus Basin),1920,97,1823,-0.698694703404105,0.15205201916264,-0.305718118846322,0.0505208333333333,0.949479166666667,0.949479166666667,TRUE,tier1,59372
Southern Mekong Delta (Mekong Delta),1920,92,1828,-0.915449086055899,0.111015457877761,-0.217282170606987,0.0479166666666667,0.952083333333333,0.952083333333333,TRUE,tier2,20929
Western C Aquifer (The C Aquifer),1920,92,1828,-1.26038388801821,0.35123292063606,-0.490456083279394,0.0479166666666667,0.952083333333333,0.952083333333333,TRUE,tier2,13082
Eastern Huaihe Plain (Huaihe River Basin),1920,88,1832,-1.21403453250568,0.146600557032987,-0.37385314274233,0.0458333333333333,0.954166666666667,0.954166666666667,TRUE,tier1,61827
Alsatian Aquifer and Upper Rhine Valley,1920,86,1834,-0.779150206031379,0.210520417776218,-0.352424016413597,0.0447916666666667,0.955208333333333,0.955208333333333,TRUE,tier2,10659
Rush Springs Aquifer,1920,84,1836,-2.26777159782755,0.21819151591858,-0.709690354144403,0.04375,0.95625,0.95625,TRUE,tier2,13372
Michigan Basin,1920,1839,81,-0.337008507256473,1.60677318253279,0.617960717341416,0.9578125,0.0421875,0.9578125,TRUE,tier1,62295
Western Carrizo-Wilcox (Carrizo-Wilcox),1920,70,1850,-1.51593816766089,0.0831911298613617,-0.509574686027203,0.0364583333333333,0.963541666666667,0.963541666666667,TRUE,tier2,43394
Southeastern Surat Basin (Great Artesian Basin),1920,1854,66,-0.0292159687496892,0.625365780642355,0.208123395771661,0.965625,0.034375,0.965625,TRUE,tier2,29141
Clarence-Moreton Basin and Cecil Plains (Great Artesian Basin),1920,1856,64,-0.0226912669218242,0.677945844949892,0.223389811008233,0.966666666666667,0.0333333333333333,0.966666666666667,TRUE,tier2,13238
Hetao Basin,1920,63,1857,-0.787071564356658,0.152328586268096,-0.348682395156122,0.0328125,0.9671875,0.9671875,TRUE,tier2,13190
Hill Country (Edwards-Trinity Aquifer System),1920,63,1857,-1.50769991396621,0.0670099128021905,-0.524733117562595,0.0328125,0.9671875,0.9671875,TRUE,tier2,14375
Northern Mega Aquifer System (Mega Aquifer System),1920,60,1860,-0.895281611238832,0.179429867766427,-0.597604505668763,0.03125,0.96875,0.96875,TRUE,tier1,143434
San Luis Valley (Middle Rio Grande),1920,56,1864,-1.44056838253802,0.202805882831737,-0.534393054399906,0.0291666666666667,0.970833333333333,0.970833333333333,TRUE,tier2,12667
Weipa Depression and Northern Carpentaria Basin (Great Artesian Basin),1920,1867,53,-0.128354733892576,0.467082620018482,0.192241126250836,0.972395833333333,0.0276041666666667,0.972395833333333,TRUE,tier2,43769
Central High Plains (High Plains),1920,48,1872,-2.80997535884512,0.1669658469498,-0.925677987272023,0.025,0.975,0.975,TRUE,tier1,71803
Lachlan Alluvium,1920,1872,48,-0.0301960657323734,0.941379797621602,0.351772500280997,0.975,0.025,0.975,TRUE,tier2,21569
Eastern Parecis Basin (Parecis Basin),1920,43,1877,-0.648187368409331,0.126305355859248,-0.394565900458618,0.0223958333333333,0.977604166666667,0.977604166666667,TRUE,tier1,118059
Coonamble Embayment (Great Artesian Basin),1920,1878,42,-0.0360339137675988,0.5586756509751,0.246061382895791,0.978125,0.021875,0.978125,TRUE,tier1,65411
Central Littoral Plain (North China Plain),1920,39,1881,-0.66915913320648,0.0633438475843908,-0.340059203353199,0.0203125,0.9796875,0.9796875,TRUE,tier2,11974
South-central High Plains (High Plains),1920,39,1881,-3.00097895922644,0.0973566345243346,-1.01874331780405,0.0203125,0.9796875,0.9796875,TRUE,tier2,14464
West Jutland Quaternary and Tertiary Sand Aquifer System,1920,1885,35,-0.101480750823739,1.01702644761038,0.391870921215748,0.981770833333333,0.0182291666666667,0.981770833333333,TRUE,tier2,14018
Stampriet Kalahari Karoo Aquifer System,1920,1886,34,-0.0270935029083147,0.441913181094252,0.14657153669516,0.982291666666667,0.0177083333333333,0.982291666666667,TRUE,tier1,194772
Laizhou Coastal Plain,1920,32,1888,-0.751231120152195,0.0774364859828341,-0.348203582165406,0.0166666666666667,0.983333333333333,0.983333333333333,TRUE,tier2,17871
Staten River Embayment and Central Carpentaria Basin (Great Artesian Basin),1920,1888,32,-0.0789469866318353,0.465637039300605,0.190940654233997,0.983333333333333,0.0166666666666667,0.983333333333333,TRUE,tier1,81429
Central Alluvial-Laucustrine Plain (North China Plain),1920,24,1896,-1.38839525521316,0.0330791872515027,-0.659523598946021,0.0125,0.9875,0.9875,TRUE,tier2,38442
Yellow River Alluvial Plain (North China Plain),1920,24,1896,-1.74658532476674,0.0591533172803381,-0.651293334600058,0.0125,0.9875,0.9875,TRUE,tier2,37315
Bangkok Basin (Lower Chao Phraya Basin),1920,21,1899,-0.973812641672434,0.0779648276744759,-0.555738426351365,0.0109375,0.9890625,0.9890625,TRUE,tier2,13316
Northcentral Piedmont Plain (North China Plain),1920,18,1902,-1.27073792988646,0.0169374336350132,-0.704660016171799,0.009375,0.990625,0.990625,TRUE,tier2,18327
Seymour-Blaine Aquifer System,1920,16,1904,-1.73598417051989,0.0179092947857136,-0.818282950518137,0.00833333333333333,0.991666666666667,0.991666666666667,TRUE,tier2,38612
Wisconsin Precambrian Aquifer,1920,1904,16,-0.0370806056288148,1.16171388239764,0.480391543281934,0.991666666666667,0.00833333333333333,0.991666666666667,TRUE,tier1,65963
Western Satpura Basalt Aquifers (Satpura Basalts),1920,1907,13,-0.0283518692178879,1.8824520588492,0.821959522189791,0.993229166666667,0.00677083333333333,0.993229166666667,TRUE,tier2,25934
Southeastern Bengal Basin (Bengal Basin),1920,9,1911,-0.827449381383522,0.0612419781443934,-0.350693181698746,0.0046875,0.9953125,0.9953125,TRUE,tier2,10016
Western Pilbara Granite-Greenstone Terrane (Pilbara Craton),1920,8,1912,-1.00080134056789,0.0357261097455943,-0.334028302427851,0.00416666666666667,0.995833333333333,0.995833333333333,TRUE,tier2,16960
Wiso Basin (Daly-Wiso-Georgina Basins),1920,1914,6,-0.0196606032106469,1.35514112020495,0.409525770672695,0.996875,0.003125,0.996875,TRUE,tier1,116966
Central Pilbara Granite-Greenstone Terrane (Pilbara Craton),1920,4,1916,-1.2565913844625,0.0201023087156841,-0.364968328341548,0.00208333333333333,0.997916666666667,0.997916666666667,TRUE,tier2,18871
Eastern Pilbara Granite-Greenstone Terrane (Pilbara Craton),1920,4,1916,-0.929318913778763,0.0231245748968011,-0.345303163548573,0.00208333333333333,0.997916666666667,0.997916666666667,TRUE,tier2,23972
Letaba Lowveld,1920,2,1918,-0.516685681163505,0.0065024158525534,-0.24965464173284,0.00104166666666667,0.998958333333333,0.998958333333333,TRUE,tier2,15251
Western Second Songhuajiang System (Songnen Plain),1920,1919,1,-0.00172877160722142,1.25579328490784,0.379808253603937,0.999479166666667,0.000520833333333333,0.999479166666667,TRUE,tier2,14776
Amazonas Basin and Alter de Chao Aquifer System (Amazon Aquifer System),1920,1920,0,0.22704646512407,0.653396655457738,0.415123030830477,1,0,1,FALSE,tier1,318913
Bari Doab (Indus Basin),1920,0,1920,-2.39466161066503,-0.944892207471094,-1.66562463764168,0,1,1,FALSE,tier2,39776
Barind Tract and Central Floodplains (Bengal Basin),1920,0,1920,-1.37309446249457,-0.219462671412852,-0.693839733110039,0,1,1,FALSE,tier2,23481
Central Dharwar Craton Banded Gneiss Complex (Dharwar Craton Banded Gneiss Complex),1920,1920,0,0.205798903152947,0.957124821526461,0.473016268224053,1,0,1,FALSE,tier1,81286
Central Urucuia Aquifer (Urucuia Aquifer System),1920,0,1920,-1.8603034984884,-0.479224436358189,-1.00432256806524,0,1,1,FALSE,tier2,31045
Chaj Doab (Indus Basin),1920,0,1920,-1.78985636772037,-0.134807168719171,-1.24475014707544,0,1,1,FALSE,tier2,13536
Eastern Deccan Basalt Plateau (Deccan Plateau),1920,1920,0,0.286668471146585,1.16135500016978,0.723498523422999,1,0,1,FALSE,tier2,21575
Eastern Malwa Plateau Alluvial Aquifer (Malwa Plateau),1920,0,1920,-3.40621356019176,-0.596510181512851,-1.62355208893501,0,1,1,FALSE,tier2,12262
Eastern Saq Aquifer (Ram-Saq Aquifer System),1920,0,1920,-2.38539015485729,-0.23014337116961,-0.903862897409158,0,1,1,FALSE,tier1,67601
Eastern Satpura Basalt Aquifers (Satpura Basalts),1920,1920,0,0.0445379591454449,1.59025359010077,0.815431265370597,1,0,1,FALSE,tier2,10338
Eastern Second Songhuajiang System (Songnen Plain),1920,1920,0,0.0358278819320608,1.16934560796467,0.444762160742099,1,0,1,FALSE,tier2,18076
Eastside Middle Indus Plain (Indus Basin),1920,0,1920,-2.05704191633311,-0.787320306452167,-1.33836639147945,0,1,1,FALSE,tier1,53045
Edwards Plateau (Edwards-Trinity Aquifer System),1920,0,1920,-1.23815850354795,-0.0465155946314894,-0.575857367385142,0,1,1,FALSE,tier1,58050
Gunnedah Basin and Liverpool Plains,1920,1920,0,0.00449748334216096,0.794645534792108,0.279048604191909,1,0,1,FALSE,tier2,16086
Kurnool Basin (Cuddapah Sedimentary Basin),1920,1920,0,0.231074516820941,0.881114381805726,0.431610501850385,1,0,1,FALSE,tier2,11364
Madhupur Tract and Eastern Floodplains (Bengal Basin),1920,0,1920,-1.30569321824921,-0.188753053568565,-0.617897098667353,0,1,1,FALSE,tier2,19207
Malm Valangnian Aquifer,1920,0,1920,-1.02427083553158,-0.0435403467179822,-0.502609192703455,0,1,1,FALSE,tier2,17275
Malwa Plateau Gneiss Complex (Malwa Plateau),1920,0,1920,-1.28208348929551,-0.318939070457511,-0.782644090626832,0,1,1,FALSE,tier2,23958
Middle Gangetic Plain (Indo-Gangetic Plain),1920,0,1920,-1.17421375883724,-0.0908608231018227,-0.679511921412402,0,1,1,FALSE,tier1,145648
Northcentral Coromandel Schist Aquifers (Coromandel Coastal Plain),1920,1920,0,0.0917606847202908,0.566427236194382,0.285872815165996,1,0,1,FALSE,tier2,10679
Northcentral Deccan Basalt Plateau (Deccan Plateau),1920,1920,0,0.238762159067535,1.3194044482806,0.725927795531511,1,0,1,FALSE,tier1,53372
Northeastern Deccan Basalt Plateau (Deccan Plateau),1920,1920,0,0.181538764330071,1.37381079158851,0.68472721696204,1,0,1,FALSE,tier2,47763
Northern Dharwar Craton Banded Gneiss Complex (Dharwar Craton Banded Gneiss Complex),1920,1920,0,0.25465883315103,1.15316476719978,0.585606441758707,1,0,1,FALSE,tier1,61216
Northern Georgina Basin (Daly-Wiso-Georgina Basins),1920,1920,0,0.0176457714048386,1.05836028607035,0.41142703356107,1,0,1,FALSE,tier1,116661
Northern Guarani Aquifer (Guarani Aquifer System),1920,0,1920,-1.41290687407088,-0.446449536713407,-0.923266831404929,0,1,1,FALSE,tier1,419237
Northern Nuomin-Taoer System (Songnen Plain),1920,1920,0,0.163940642467775,1.5738112257988,0.644088294521193,1,0,1,FALSE,tier2,10909
Northern Piedmont and Tista Fan (Bengal Basin),1920,0,1920,-1.90853624176812,-0.334035931600452,-0.989337273513922,0,1,1,FALSE,tier2,31898
Northwestern Deccan Basalt Plateau (Deccan Plateau),1920,1920,0,0.133935856102775,1.53192493999259,0.851690148643577,1,0,1,FALSE,tier2,18659
Pecos Valley,1920,0,1920,-1.54436561607481,-0.186302869626393,-0.839338662866549,0,1,1,FALSE,tier2,21799
Rechna Doab (Indus Basin),1920,0,1920,-2.25301606089381,-0.918148518211324,-1.55933072221571,0,1,1,FALSE,tier2,32700
Red River Delta,1920,1920,0,0.130750531874774,1.00736162179039,0.332732669961562,1,0,1,FALSE,tier2,11968
Southcentral Deccan Basalt Plateau (Deccan Plateau),1920,1920,0,0.267459379531689,1.06051294402833,0.632182593004266,1,0,1,FALSE,tier1,57686
Southcentral Floodplains (Bengal Basin),1920,0,1920,-0.951740969848318,-0.0215378117302719,-0.386982485300022,0,1,1,FALSE,tier2,30739
Southern Deccan Basalt Plateau (Deccan Plateau),1920,1920,0,0.230999792170322,0.899005957035228,0.528419070444905,1,0,1,FALSE,tier2,23112
Southern Dharwar Craton Banded Gneiss Complex (Dharwar Craton Banded Gneiss Complex),1920,1920,0,0.113061042961283,0.754112010237009,0.309107436772224,1,0,1,FALSE,tier2,46406
Southern High Plains (High Plains),1920,0,1920,-2.49164326658862,-0.117710138566157,-1.04739968979984,0,1,1,FALSE,tier1,74884
Southern Nuomin-Taoer System (Songnen Plain),1920,1920,0,0.102539121998858,1.53162415590548,0.527976674562989,1,0,1,FALSE,tier2,15583
Stockton Plateau (Edwards-Trinity Aquifer System),1920,0,1920,-1.27533469042467,-0.140714374125886,-0.624291197781252,0,1,1,FALSE,tier2,33245
Sylhet Basin (Bengal Basin),1920,0,1920,-0.973426822280331,-0.183681773550999,-0.549451832020706,0,1,1,FALSE,tier2,12618
Trans Gangetic Plain (Indo-Gangetic Plain),1920,0,1920,-6.25966109279783,-0.994051633702456,-2.62935643400395,0,1,1,FALSE,tier1,100322
Upper Cauvery Banded Gneiss Aquifers (Dharwar Craton Banded Gneiss Complex),1920,1920,0,0.0951568715260512,0.748406106592878,0.301158045047703,1,0,1,FALSE,tier2,34251
Upper Gangetic Plain (Indo-Gangetic Plain),1920,0,1920,-2.47476399890214,-0.640180298275126,-1.64727931435757,0,1,1,FALSE,tier1,199268
Upper Peninsula Jacobsville Sandstone and Cambrian-Ordovician and Silurian-Devonian Aquifers (Northern Midwest Aquifer System),1920,1920,0,0.0664300275831125,1.92405518525581,1.0305399383704,1,0,1,FALSE,tier2,25514
Wadi As-Sirhan Basin,1920,0,1920,-2.1351241981447,-0.541703454901713,-0.997607919319854,0,1,1,FALSE,tier1,68037
Western Bengal Basin (Bengal Basin),1920,0,1920,-0.905646258364491,-0.109110952695053,-0.432943801514614,0,1,1,FALSE,tier2,18026
Western Brahmaputra Basin Aquifer (Brahmaputra Basin Aquifer),1920,0,1920,-1.28429551886358,-0.333370255893085,-0.838096611757188,0,1,1,FALSE,tier2,33634
Western Parecis Basin (Parecis Basin),1920,0,1920,-0.619240072130476,-0.167120502851091,-0.411288742197094,0,1,1,FALSE,tier1,213494
Wuyuer-Shuangyang System (Songnen Plain),1920,1920,0,0.0835497731951181,1.46790148473212,0.523739257914844,1,0,1,FALSE,tier1,63713
