Study_area,n_recipes,recipe_median,recipe_iqr,recipe_p05,recipe_p95,recipe_range,sd_total,sd_nonfootprint,sd_footprint,iqr_canon_nf,dominance_R,area_km2,resolution_ratio,tier,n_wells,continent,trend_cat,anchor
Central Parana Basin and Torres Syncline (Guarani Aquifer System),1920,0.140169909668077,0.261074060248149,-0.130634620718963,0.439088766445572,0.750552339561275,0.169780696111076,0.106223879137346,0.137747102920704,0.166703186235389,1.86255424481883,494871,4.49882727272727,tier1,12,S America,shallowing,other (new)
Northern Guarani Aquifer (Guarani Aquifer System),1920,-0.923266831404929,0.414496438858927,-1.35123569884702,-0.57722361072711,0.966457337357468,0.241929165147968,0.0824665001873965,0.233605045320537,0.144327309569135,0.448945445411692,419237,3.81124545454545,tier1,18,S America,stable,other (new)
Southwestern Chaco-Lower Parana Basin (Guarani Aquifer System),1920,-0.0613319041004562,0.20447610789521,-0.233478973308145,0.208506025438077,0.752747375890754,0.141343174674444,0.127406939259777,0.0746217570162317,0.195392253233132,3.33392727478828,330826,3.00750909090909,tier1,9,S America,shallowing,other (new)
Amazonas Basin and Alter de Chao Aquifer System (Amazon Aquifer System),1920,0.415123030830477,0.110515603193107,0.283997124666903,0.558584338997504,0.426350190333667,0.0809697220250612,0.0635802985347061,0.0521437546113264,0.0855782626988192,0.266223733653164,318913,2.89920909090909,tier1,1,S America,shallowing,other (new)
Poolowanna Trough and Western Eromanga Basin (Great Artesian Basin),1920,-0.0969105778390422,0.212555682216738,-0.315838446066447,0.1185695350241,0.633001376423985,0.135681672289639,0.126107450495827,0.0602072557220032,0.203499320013114,2.19331766414364,292840,2.66218181818182,tier1,23,Oceania,stable,other (new)
Eastern Eromanga Basin (Great Artesian Basin),1920,0.000896614176085023,0.211952238821917,-0.178747401679072,0.179680041956374,0.497758436319782,0.119435016566337,0.11314349920533,0.0431125417607258,0.210646207726284,236.391799812251,290867,2.64424545454545,tier1,184,Oceania,stable,other (new)
Northern Eromanga Basin (Great Artesian Basin),1920,-0.00640447829893631,0.191967657361923,-0.188926262547614,0.174548983427425,0.551216076069859,0.116410753218414,0.107055400599353,0.0490380023002219,0.183928940219146,29.9739726487645,281571,2.55973636363636,tier1,154,Oceania,stable,other (new)
Northern High Plains (High Plains),1920,0.243483955430572,0.513870495691594,-0.430848803204349,0.715549779624949,1.58652491308567,0.34949139407342,0.312381370619926,0.165101332995553,0.479794836227752,2.11049017493935,259376,2.35796363636364,tier1,5421,N America,stable,HP
Williston Basin (Northern Great Plains),1920,0.188787618685333,0.494189354419463,-0.281613784245585,0.754040432546043,1.48348368548196,0.318730768370907,0.28926167906226,0.141135448776514,0.496431932603885,2.61770002641523,242272,2.20247272727273,tier1,77,N America,stable,other (new)
Central Eromanga Depocenter (Great Artesian Basin),1920,-0.0624164133262279,0.209691438620195,-0.245497632478302,0.131370128587951,0.56300181631062,0.123641038853049,0.119518920035319,0.0389028826031151,0.203032696825551,3.35955604376391,214471,1.94973636363636,tier1,7,Oceania,stable,other (new)
Western Parecis Basin (Parecis Basin),1920,-0.411288742197094,0.112015143867653,-0.543569297273081,-0.27569333049679,0.452119569279385,0.0817310340140934,0.0628388508461395,0.061101800951975,0.0961428396424151,0.272351592385609,213494,1.94085454545455,tier1,7,S America,stable,other (new)
Upper Gangetic Plain (Indo-Gangetic Plain),1920,-1.64727931435757,0.90022714488941,-2.34626462275282,-0.890225949292536,1.83458370062701,0.499261266995214,0.103258854539889,0.50177294845771,0.140873248116134,0.546493322075433,199268,1.81152727272727,tier1,397,S Asia,stable,IGP
Stampriet Kalahari Karoo Aquifer System,1920,0.14657153669516,0.112035015290263,0.020371865847804,0.285265421772391,0.469006684002566,0.0805078422478158,0.0672698433097269,0.0547315657690069,0.0861572869850432,0.764370885482859,194772,1.77065454545455,tier1,4,Africa,stable,other (new)
Northcentral Mega Aquifer System (Mega Aquifer System),1920,-0.323156708316219,0.283977393097009,-0.628792916185512,0.0585200335139915,1.010267120104,0.206765065367878,0.0948112602204021,0.190307698279895,0.142379269829534,0.878760631572989,179365,1.63059090909091,tier1,1,Mid East,deepening,other (new)
Ozark Plateaus Aquifer System,1920,0.226562370543875,0.436778633129841,-0.427314894688187,0.693391337457314,1.45729785636556,0.32803723206974,0.289939433445359,0.161694720017577,0.355583900609619,1.92785162020211,172612,1.5692,tier1,283,N America,stable,other (new)
Western Karoo Basin (Main Karoo Basin),1920,0.0706391884285274,0.129645879205815,-0.104753671617746,0.200196884134763,0.436440462416799,0.0888981276282501,0.0759317669344097,0.054683868740568,0.111831068852718,1.83532515151969,146433,1.33120909090909,tier1,54,Africa,stable,other (new)
Middle Gangetic Plain (Indo-Gangetic Plain),1920,-0.679511921412402,0.23873342994345,-1.04181801284796,-0.3894838132393,1.08335293573542,0.190020352816845,0.104524795282002,0.164962757548849,0.150504358530882,0.351330745525744,145648,1.32407272727273,tier1,101,S Asia,stable,IGP
Northern Mega Aquifer System (Mega Aquifer System),1920,-0.597604505668763,0.325155840519521,-0.827675769572656,-0.0404872940856259,1.07471147900526,0.243154694346161,0.0917728523894265,0.233799154822929,0.145563317674111,0.54409870982423,143434,1.30394545454545,tier1,1,Mid East,stable,other (new)
Canning Basin,1920,0.0267579736715719,0.241665092900024,-0.194026283228034,0.413564514187095,0.979387692911273,0.184846658465087,0.112473199701956,0.153783679339497,0.177216141579823,9.03151695514121,130597,1.18724545454545,tier1,23,Oceania,stable,other (new)
Central Karoo Basin (Main Karoo Basin),1920,0.130066806479593,0.144893155264994,-0.038187161883629,0.388956906815642,0.616316037179429,0.122917354379184,0.0877470109220351,0.102947045921292,0.125460007606204,1.11399025767367,128536,1.16850909090909,tier1,9,Africa,stable,other (new)
Southern Carpentaria Basin (Great Artesian Basin),1920,0.139763098574614,0.178325568644323,-0.0344255723641325,0.30984719105295,0.540093106641057,0.109273803626766,0.101176853417961,0.0465117930949479,0.17561557046846,1.2759131019775,124001,1.12728181818182,tier1,89,Oceania,stable,other (new)
Eastern Parecis Basin (Parecis Basin),1920,-0.394565900458618,0.187833004266856,-0.563924241742869,-0.0597320034955975,0.774492724268579,0.151945341289199,0.0995134228447467,0.138325467643648,0.0810524202650941,0.476049765193929,118059,1.07326363636364,tier1,1,S America,deepening,other (new)
Eastern Poti and Piaui and Cabecas and Serra Grande Aquifers (Parnaiba Basin),1920,0.163550668938176,0.161993352748188,-0.220315872523382,0.396236665580276,0.908274442098382,0.183702333636675,0.0612418513384321,0.180182423592536,0.0716488564379965,0.990478081195885,117926,1.07205454545455,tier1,9,S America,deepening,other (new)
Wiso Basin (Daly-Wiso-Georgina Basins),1920,0.409525770672695,0.553607456144634,0.0557698406845857,1.06367244575313,1.3748017234156,0.324602288247308,0.103484242182087,0.317978834704568,0.176410828492926,1.35182568666013,116966,1.06332727272727,tier1,1,Oceania,shallowing,other (new)
Northern Georgina Basin (Daly-Wiso-Georgina Basins),1920,0.41142703356107,0.383334306551278,0.0869738962915625,0.866780945920124,1.04071451466551,0.243262779253345,0.105793096682555,0.228138158416181,0.173235163238133,0.931718811069274,116661,1.06055454545455,tier1,1,Oceania,stable,other (new)
Dakota Aquifer System,1920,0.269654488032693,0.435593326260002,-0.26688369694513,0.671714515964237,1.25998723368365,0.282256295976653,0.264220070174657,0.10796989333313,0.355599215020934,1.61537577007504,110336,1.00305454545455,tier1,49,N America,stable,other (new)
Arckaringa Basin and Southwestern Great Artesian Basin (Great Artesian Basin),1920,-0.16639946075655,0.21837050366366,-0.370178588431724,0.0312798383920503,0.531225721021538,0.127721711290914,0.120431318962645,0.0508554368764787,0.217591439669068,1.3123269911502,107715,0.979227272727273,tier1,30,Oceania,stable,other (new)
Trans Gangetic Plain (Indo-Gangetic Plain),1920,-2.62935643400395,2.7575826280304,-5.9382401127442,-1.2633084720067,5.26560945909538,1.61028946629222,0.112839811948245,1.64803399172033,0.147374875866335,1.04876714026603,100322,0.912018181818182,tier1,422,S Asia,deepening,IGP
Southcentral Mega Aquifer System (Mega Aquifer System),1920,-0.175576451680654,0.281183546054007,-0.453548701979323,0.131965353298905,0.880578624212959,0.182057320749199,0.097556040416805,0.159591342176709,0.13766552677381,1.60148780410163,89916,0.817418181818182,tier1,9,Mid East,deepening,other (new)
Central Mississippi Embayment (Mississippi Embayment),1920,0.157514679435668,0.366312109675703,-0.429285062590486,0.469486365612243,1.35164986192468,0.276619157048284,0.265465865003197,0.0934573845379177,0.338424077036893,2.32557442257509,89580,0.814363636363636,tier1,1844,N America,stable,other (new)
Northern Karoo Basin (Main Karoo Basin),1920,0.168308182130551,0.201092756495759,-0.00375598608124501,0.555232535767966,0.820861320220981,0.167708761888014,0.0733123800994339,0.157463072619818,0.108458264137424,1.19478895173247,89072,0.809745454545455,tier1,33,Africa,deepening,other (new)
Mississippian-Silurian-Devonian Carbonates (Northern Midwest Aquifer System),1920,0.198257777677928,0.511224539298581,-0.509289794045054,0.64258255455755,1.5884319838761,0.350118115186203,0.304748502332818,0.183882173840258,0.359693612660669,2.57858503856061,87887,0.798972727272727,tier1,91,N America,stable,other (new)
Staten River Embayment and Central Carpentaria Basin (Great Artesian Basin),1920,0.190940654233997,0.168927930509616,0.0250804641288555,0.355561273734669,0.54458402593244,0.105179180718636,0.10204137422589,0.0483082569650742,0.160053978934192,0.884714317059979,81429,0.740263636363636,tier1,3,Oceania,stable,other (new)
Central Dharwar Craton Banded Gneiss Complex (Dharwar Craton Banded Gneiss Complex),1920,0.473016268224053,0.234315974686718,0.265517947587133,0.766759544625054,0.751325918373515,0.152977528834768,0.0891060726284229,0.131701552775279,0.124954023286998,0.495365572872284,81286,0.738963636363636,tier1,303,S Asia,deepening,other (new)
Central Huaihe Plain (Huaihe River Basin),1920,-0.380302814072964,0.535285179347928,-1.21789553736991,0.0358425937734363,1.80267454636994,0.376858524713232,0.148260413540729,0.366028131145231,0.149149194822538,1.40752358262916,79573,0.723390909090909,tier1,61,E Asia,deepening,other (new)
Central Minnesota Surficial and Buried Sand and Gravel Aquifers,1920,-0.322508266934809,0.77362904798946,-1.28349315961659,0.496862565470581,2.47888830481858,0.537215678841021,0.419725556379793,0.347901089913418,0.687933199526351,2.39878827089366,75252,0.684109090909091,tier1,256,N America,stable,other (new)
Southern High Plains (High Plains),1920,-1.04739968979984,0.761055812803194,-1.96162135720784,-0.323819125224913,2.37393312802246,0.505773803939358,0.245084994492962,0.457292556136887,0.294938184977864,0.726614510405892,74884,0.680763636363636,tier1,3143,N America,deepening,HP
Southcentral Karoo Basin (Main Karoo Basin),1920,0.0538420201211052,0.161462234901903,-0.224648976297737,0.203939024928703,0.759452513125505,0.133075950957264,0.0846311225551215,0.111726069743949,0.116888887444012,2.99881457899854,72357,0.657790909090909,tier1,56,Africa,deepening,other (new)
Central High Plains (High Plains),1920,-0.925677987272023,1.2059619161669,-2.32156647779278,-0.0841567530026821,2.97694120579492,0.728662062323223,0.274331527938728,0.693582751137845,0.38846996516127,1.30278772180904,71803,0.652754545454546,tier1,1301,N America,deepening,HP
Lower Liaohe River Plain (Liaohe River Basin),1920,0.0190795339737342,0.200861479802645,-0.242803952773361,0.296158681928388,0.781811421669367,0.151675544786861,0.1211999039204,0.0959724556569408,0.16655224706351,10.5275883613908,69968,0.636072727272727,tier1,25,E Asia,stable,other (new)
Wadi As-Sirhan Basin,1920,-0.997607919319854,0.41448179024324,-1.85599423588562,-0.643066524750307,1.59342074324299,0.378827707193997,0.0906175703068809,0.378519090962962,0.148297049112394,0.415475641498339,68037,0.618518181818182,tier1,4,Mid East,deepening,other (new)
Eastern Saq Aquifer (Ram-Saq Aquifer System),1920,-0.903862897409158,0.965533557324288,-2.1620649513938,-0.388394904779783,2.15524678368768,0.590847452405708,0.0841728027462859,0.600453203955343,0.125772518994174,1.06823010446817,67601,0.614554545454546,tier1,29,Mid East,rapidly deepening,other (new)
Trinity Aquifer System (Edwards-Trinity Aquifer System),1920,-0.250586903040339,0.332901585762955,-0.791207085822277,0.0933892598319954,1.16831953066178,0.260669148109057,0.235610877224064,0.118391837102093,0.340092444968083,1.32848756947751,67070,0.609727272727273,tier1,622,N America,stable,other (new)
Wisconsin Precambrian Aquifer,1920,0.480391543281934,0.396122109840085,0.112303458725984,1.04073091838632,1.19879448802645,0.275636711955708,0.271073212184567,0.0648844975676575,0.370513359253587,0.824581771639571,65963,0.599663636363636,tier1,45,N America,stable,other (new)
Lafayette Area (Gulf Coast Regional Aquifer System),1920,0.131208618680273,0.327561688609865,-0.416216877124507,0.522821387008711,1.23441589639622,0.264090458378443,0.23363054322967,0.129707667717902,0.28191212316668,2.49649521429734,65824,0.5984,tier1,431,N America,stable,other (new)
Paskapoo-Scollard,1920,-0.322977990667824,0.57453186473699,-1.01975539009844,0.189990593188528,1.80269575431177,0.375337911872422,0.358214114416203,0.129856413466671,0.518895218051542,1.77885763531139,65768,0.597890909090909,tier1,26,N America,stable,other (new)
Western Surat Basin (Great Artesian Basin),1920,0.0559186726429755,0.213342198439382,-0.117986146819997,0.244039776102477,0.511945484467083,0.121522215392037,0.113086571821621,0.0509106776354101,0.211005771986263,3.81522286484713,65684,0.597127272727273,tier1,109,Oceania,stable,other (new)
Coonamble Embayment (Great Artesian Basin),1920,0.246061382895791,0.224214295135273,0.0228238862975418,0.469635517618571,0.594709564742699,0.139381885541778,0.117305982191282,0.0824097360648447,0.22162212620438,0.911212854681179,65411,0.594645454545455,tier1,792,Oceania,deepening,other (new)
Mimosa Syncline and Eastern Surat Basin (Great Artesian Basin),1920,0.153836064560225,0.208481789394366,-0.0325828565407376,0.299022497982951,0.466836752026655,0.115033520825921,0.110563700458992,0.0413945034365391,0.207456141927083,1.35522050691012,64955,0.5905,tier1,217,Oceania,stable,other (new)
Wuyuer-Shuangyang System (Songnen Plain),1920,0.523739257914844,0.444368767514526,0.213536182372437,1.11749749284938,1.384351711537,0.287899402877113,0.128828523046276,0.26621167795511,0.171593674890765,0.848454189368362,63713,0.579209090909091,tier1,19,E Asia,stable,other (new)
Powder River Basin (Northern Great Plains),1920,0.378713261224424,0.542912765860598,-0.400828591221543,0.774588489573576,1.83700893605501,0.374165045676603,0.342170491904123,0.166307256995471,0.427539059888136,1.43357210176718,63642,0.578563636363636,tier1,12,N America,stable,other (new)
Central Eucla Basin (Eucla Basin),1920,-0.102168440629784,0.22820024213939,-0.298743109779625,0.100727942595561,0.600959375724071,0.133907407567561,0.127621251760781,0.0495701788974719,0.226662313115758,2.23356880786986,63315,0.575590909090909,tier1,87,Oceania,stable,other (new)
Rio Grande Delta (Gulf Coast Regional Aquifer System),1920,-0.287591680837426,0.340947981081988,-0.747439396053151,0.112263368498891,1.25182889389969,0.250726571898677,0.205742363602743,0.151109142909083,0.307268141906004,1.18552796829587,62984,0.572581818181818,tier1,159,N America,stable,other (new)
Michigan Basin,1920,0.617960717341416,0.551292201110624,0.0144231232845579,1.29394092693095,1.94378168978926,0.394743921478629,0.280786165875737,0.286326855600736,0.350903748028141,0.892115284418705,62295,0.566318181818182,tier1,56,N America,stable,other (new)
Southern Piedmont Upland (Piedmont Plateau),1920,0.136574924971916,0.379328915291677,-0.432433070378373,0.484605590559516,1.13710199039271,0.267888704806768,0.261410962398506,0.073538065233328,0.376203356211544,2.77744187206895,61856,0.562327272727273,tier1,112,N America,stable,other (new)
Eastern Huaihe Plain (Huaihe River Basin),1920,-0.37385314274233,0.3444609445613,-0.830949855633123,-0.0257782996479016,1.36063508953867,0.253059324412828,0.143332337449268,0.228748301301414,0.151106728016599,0.921380363515391,61827,0.562063636363636,tier1,33,E Asia,stable,other (new)
Northern Dharwar Craton Banded Gneiss Complex (Dharwar Craton Banded Gneiss Complex),1920,0.585606441758707,0.259794173264485,0.335699712424653,0.923633489919932,0.898505934048747,0.177214812572877,0.0890744752807842,0.159954019353972,0.127878632301727,0.443632710877062,61216,0.556509090909091,tier1,74,S Asia,deepening,other (new)
Eastern Mississippi Embayment (Mississippi Embayment),1920,0.116473772792321,0.411248281025114,-0.447755148459784,0.441930226972495,1.38765563694644,0.283308178101542,0.26800587063552,0.107431756961141,0.359179671296359,3.53082304424355,60634,0.551218181818182,tier1,170,N America,stable,other (new)
Western Cambrian-Ordovician Aquifers (Northern Midwest Aquifer System),1920,0.189889461300215,0.572346536962762,-0.429620580423842,0.982218057727247,2.06663106289528,0.417028609704354,0.334627310080139,0.262709284427448,0.447267217014027,3.01410374774765,59488,0.5408,tier1,82,N America,stable,other (new)
Southeastern System (Amadeus Basin),1920,-0.305718118846322,0.279368216509263,-0.620158474887749,0.00122605682654137,0.850746722566745,0.191935208504726,0.110747130635014,0.162325613608644,0.2020953136947,0.913809811350092,59372,0.539745454545455,tier1,1,Oceania,deepening,other (new)
Edwards Plateau (Edwards-Trinity Aquifer System),1920,-0.575857367385142,0.336437724008167,-1.06233916021238,-0.139214421913503,1.19164290891646,0.262017902730389,0.212008699271539,0.161802712815735,0.26616064052857,0.584237943391895,58050,0.527727272727273,tier1,342,N America,stable,other (new)
Southcentral Deccan Basalt Plateau (Deccan Plateau),1920,0.632182593004266,0.25906201585858,0.340641966417874,0.895985892732254,0.793053564496637,0.168733096065201,0.0871011257899558,0.150191584759931,0.135923401559661,0.409789859330771,57686,0.524418181818182,tier1,95,S Asia,deepening,other (new)
Eastside Lower Indus Valley (Indus Basin),1920,-0.0224463816567225,0.861302507319861,-0.711211883943829,1.19636842280488,2.41494019730721,0.618525945745471,0.10836011654308,0.625451839918779,0.143152845936574,38.3715522836576,57275,0.520681818181818,tier1,2,S Asia,stable,other (new)
Central Piedmont Upland (Piedmont Plateau),1920,0.0172610091966411,0.435214903549998,-0.588140853162652,0.423479151561508,1.51725662220859,0.314453728228656,0.288521818586171,0.134843943543699,0.419154091333063,25.2137577004876,57273,0.520663636363636,tier1,21,N America,stable,other (new)
Eastern Carrizo-Wilcox (Carrizo-Wilcox),1920,0.0647123105304513,0.363014490773026,-0.486740004112184,0.446941756529263,1.26835552152437,0.272411806956285,0.242625581755776,0.130703927920563,0.322605038590742,5.60966665843594,57217,0.520154545454545,tier1,438,N America,stable,other (new)
Jiangsu Coastal Plain (Huaihe River Basin),1920,0.0253877350755101,0.243936085715941,-0.165173999351645,0.669290593343938,1.35420094101652,0.244914818123476,0.159925062077393,0.219142411870374,0.16547575267409,9.60842253121077,56925,0.5175,tier1,28,E Asia,stable,other (new)
Eastern Cambrian-Ordovician Aquifers (Northern Midwest Aquifer System),1920,0.432227400416268,0.447985563522772,-0.207000055153918,0.831154041001161,1.44197305399848,0.317770603415603,0.307532007659604,0.101243407163205,0.388205434827805,1.03645803827182,55195,0.501772727272727,tier1,59,N America,stable,other (new)
Northcentral Deccan Basalt Plateau (Deccan Plateau),1920,0.725927795531511,0.378360593812552,0.315756719339912,1.1157889657363,1.08064228921306,0.245818035717905,0.0919533843614551,0.234468856506434,0.129464841120782,0.521209679725135,53372,0.4852,tier1,48,S Asia,deepening,other (new)
Eastside Middle Indus Plain (Indus Basin),1920,-1.33836639147945,0.450842440261714,-1.89387914206401,-0.975487497683542,1.26972160988094,0.28475928232865,0.110204482981815,0.270509096675353,0.169786756958477,0.336860252268697,53045,0.482227272727273,tier1,355,S Asia,stable,other (new)
Central Allegheny Plateau (Appalachian Plateaus),1920,-0.0827299404378283,0.515263309900561,-0.736639825803383,0.510765720892418,1.89000028092366,0.367038317737199,0.296015490067495,0.228770350385087,0.40270226097484,6.2282567492936,52939,0.481263636363636,tier1,17,N America,stable,other (new)
Northeastern Karoo Basin (Main Karoo Basin),1920,0.0746846502039183,0.184011143963007,-0.125275369054379,0.383296238413843,0.716640401646467,0.146922507578225,0.0715403334197425,0.135509073960084,0.108939233271629,2.46384154522495,52358,0.475981818181818,tier1,30,Africa,stable,other (new)
Southern Riverine Plains (Murray Basin),1920,0.163764807769406,0.240397489363283,-0.05420378419118,0.370050529735097,0.581900018145254,0.140328169457327,0.127956205438687,0.069727415036994,0.234254430788761,1.46794352607052,51599,0.469081818181818,tier1,4073,Oceania,stable,other (new)
Black Warrior River Aquifer System (Eutaw and McShan Formations and Tuscaloosa Group),1920,0.0909482961015654,0.424761019314469,-0.471548148965769,0.435285417883286,1.3986810676762,0.285054789651966,0.259769058952272,0.127882918990029,0.3226802005507,4.67035708772512,50216,0.456509090909091,tier1,39,N America,stable,other (new)
North Carolina and Virginia Coastal Plain (North Atlantic Coastal Plain),1920,0.0924524688761717,0.449279577284163,-0.604141848123605,0.461257478162494,1.44503220809147,0.330169588578094,0.305875455199123,0.138220203227827,0.365208871576488,4.85957360301449,49143,0.446754545454546,tier2,295,N America,stable,other (new)
Northeastern Deccan Basalt Plateau (Deccan Plateau),1920,0.68472721696204,0.422441937895653,0.289604668377262,1.13128814213804,1.19227202725844,0.264503829484009,0.103000914854431,0.254906128520022,0.128560889565334,0.616949242604844,47763,0.434209090909091,tier2,24,S Asia,stable,other (new)
Ribstone Creek and Northern Judith River Aquifer (Bearpaw-Judith River Aquifer System),1920,0.0436396488137901,0.415967235051874,-0.39618680241886,0.539469811232872,1.34711235379481,0.2881308670506,0.257390327623061,0.135718606827075,0.419776932460074,9.53186486048047,47412,0.431018181818182,tier2,17,N America,stable,other (new)
Southern Dharwar Craton Banded Gneiss Complex (Dharwar Craton Banded Gneiss Complex),1920,0.309107436772224,0.177754455359869,0.158095817925285,0.536623928962447,0.641050967275726,0.118133553275525,0.0781530025655614,0.093545426058223,0.119785128851965,0.575057194404719,46406,0.421872727272727,tier2,158,S Asia,deepening,other (new)
Northcentral Valley and Ridge (Valley and Ridge Aquifer System),1920,-0.070616966739873,0.477294229653321,-0.692740232473797,0.387536282134967,1.64789471081575,0.331618968240551,0.288594397885625,0.174382983757543,0.414429117383019,6.75891717937273,45635,0.414863636363636,tier2,44,N America,stable,other (new)
Ivanhoe Plains (Murray Basin),1920,0.104983609587772,0.236611138211228,-0.119398786373277,0.320509374825764,0.785676133242302,0.146771909108474,0.140589855662197,0.0727000230403642,0.232335479670545,2.25379122646194,45266,0.411509090909091,tier2,436,Oceania,stable,other (new)
Southcentral Piedmont Upland (Piedmont Plateau),1920,0.153944623790211,0.449724609909434,-0.451927767685826,0.57475142920288,1.5863109716906,0.316133975164199,0.278269764679132,0.160766556964996,0.418442192136352,2.92134014710575,44094,0.400854545454545,tier2,39,N America,stable,other (new)
Weipa Depression and Northern Carpentaria Basin (Great Artesian Basin),1920,0.192241126250836,0.158428620654859,0.0274477716081867,0.371194943927177,0.595437353911057,0.106380244010083,0.0964755090788161,0.053002094790365,0.14604748483543,0.824114089136897,43769,0.3979,tier2,2,Oceania,stable,other (new)
Western Liaohe River Basin (Liaohe River Basin),1920,0.0893183253466108,0.231721078754693,-0.383247498660961,0.400753874782544,1.06323313433038,0.221342626768563,0.125387193850521,0.190077398206509,0.179229891073979,2.59432851943283,43494,0.3954,tier2,8,E Asia,deepening,other (new)
Western Carrizo-Wilcox (Carrizo-Wilcox),1920,-0.509574686027203,0.454884177025068,-1.09057715047825,-0.0304076660957731,1.59912929752226,0.319291098889416,0.198863278825021,0.259514336345405,0.275038043376388,0.892674203601991,43394,0.394490909090909,tier2,433,N America,deepening,other (new)
Northern Valley and Ridge (Valley and Ridge Aquifer System),1920,-0.09182948734336,0.530374388171792,-0.623689588690345,0.49421626919726,1.68381593602058,0.356074744472315,0.300659337797612,0.200256744457868,0.519409000906791,5.77564357066121,43020,0.391090909090909,tier2,131,N America,stable,other (new)
Eastern Karoo Basin (Main Karoo Basin),1920,0.0844130878187499,0.128622642108463,-0.0779543781835355,0.225333233758557,0.386157950823607,0.0877057070776887,0.0650709496704246,0.0621641784571666,0.123224200444504,1.52372867089803,41725,0.379318181818182,tier2,12,Africa,stable,other (new)
Eastern Paris Basin (Paris Basin),1920,-0.277089912205492,0.277118934244438,-0.589539347931638,0.0543121479710939,1.00089641945853,0.201388551105976,0.166860684817516,0.124308991749414,0.254671104397451,1.00010473870634,41666,0.378781818181818,tier2,129,Europe,stable,other (new)
Bari Doab (Indus Basin),1920,-1.66562463764168,0.441142820832878,-2.23084925246377,-1.14788435375069,1.44976940319393,0.320704802011973,0.117987257028406,0.30799890973151,0.169380719343618,0.2648512821337,39776,0.3616,tier2,405,S Asia,deepening,other (new)
Eastern Dakota Aquifer,1920,0.073467194333586,0.448182912908377,-0.496744011201794,0.537263676662427,1.57253351985004,0.323019298499949,0.266019767681672,0.197486870628454,0.357350419233768,6.10044955403296,39395,0.358136363636364,tier2,18,N America,stable,other (new)
Springfield Plain (Central Lowland Till Plain),1920,0.0669165367451105,0.506534444012142,-0.607525804070989,0.49081442002544,1.63123674095215,0.342346661427883,0.304358426201852,0.167851220420792,0.421401879389724,7.56964524242439,39234,0.356672727272727,tier2,23,N America,stable,other (new)
Seymour-Blaine Aquifer System,1920,-0.818282950518137,0.530007970680844,-1.48772465502848,-0.164910007531513,1.7538934653056,0.383103390941877,0.242949685192516,0.305629525161949,0.332628879392884,0.647707459070537,38612,0.351018181818182,tier2,272,N America,stable,other (new)
Central Alluvial-Laucustrine Plain (North China Plain),1920,-0.659523598946021,0.458437918526853,-1.14046476875836,-0.161187289926142,1.42147444246466,0.299026357856548,0.121476332429065,0.283731346489855,0.168421855923085,0.69510464714148,38442,0.349472727272727,tier2,42,E Asia,deepening,other (new)
Southern Malwa Plateau (Malwa Plateau),1920,0.561505906740233,1.45775017960017,-0.135720177334228,2.00156642605029,2.58924043921258,0.748429489524519,0.100193492512746,0.761479015671958,0.134763346438842,2.59614398014617,38079,0.346172727272727,tier2,137,S Asia,stable,other (new)
Yellow River Alluvial Plain (North China Plain),1920,-0.651293334600058,0.668309859789554,-1.46469483173166,-0.135515447885769,1.80573864204708,0.418769998300934,0.130129505783082,0.412643409322318,0.15953651800908,1.02612728287776,37315,0.339227272727273,tier2,23,E Asia,stable,other (new)
Eastern Armorican Massif (Armorican Massif),1920,-0.102961911366663,0.321292493108866,-0.512867872941962,0.254639518665459,1.34555175842521,0.238540470565551,0.195563257227426,0.14510047409829,0.271542347696672,3.12049853041961,36418,0.331072727272727,tier2,96,Europe,stable,other (new)
Ocala Uplift (Floridan Aquifer System),1920,0.279396951425407,0.403059194611037,-0.305696711722007,0.710568099266234,1.72707891882236,0.304990723409708,0.262843413932386,0.172903393150122,0.343182091919053,1.44260412490093,35660,0.324181818181818,tier2,393,N America,stable,other (new)
Pearl and Chattahoochee Aquifer System,1920,0.164061268987822,0.369875972657765,-0.40400484695012,0.474207941867439,1.16004739356468,0.264545285995607,0.257020314109079,0.0739706770015503,0.363536093147053,2.25449903526724,35594,0.323581818181818,tier2,50,N America,stable,other (new)
Eastern Mekong Delta (Mekong Delta),1920,-0.15292782581921,0.154137395438927,-0.377214374536933,0.0237037572442024,0.743465356624403,0.123478616831533,0.0804586981475362,0.10336433054528,0.0956604411549671,1.00790941487096,35001,0.318190909090909,tier2,28,Other,deepening,other (new)
Jianghan Plain,1920,0.282928549897152,0.290707150734192,-0.0117205004417647,0.631761162917357,1.11743504963668,0.200122465518201,0.152278968914579,0.162707138755121,0.171527864668212,1.02749316334413,34644,0.314945454545455,tier2,5,E Asia,shallowing,other (new)
Middle-Upper Devonian Aquifer System (Baltic Artesian Basin),1920,0.0520159021708567,0.347906985155681,-0.31216871018882,0.518861444278612,1.56482105334091,0.24679850986257,0.227884145178633,0.117790584285071,0.291559370253752,6.68847353666789,34615,0.314681818181818,tier2,15,Europe,stable,other (new)
Upper Cauvery Banded Gneiss Aquifers (Dharwar Craton Banded Gneiss Complex),1920,0.301158045047703,0.206473671204453,0.146701768398361,0.581907512226043,0.653249235066826,0.137723784920818,0.0700634512204808,0.12760213177219,0.0995899132658726,0.685599055378871,34251,0.311372727272727,tier2,220,S Asia,deepening,other (new)
Western Mississippi Embayment (Mississippi Embayment),1920,0.18084193322259,0.369796274541866,-0.409911504234236,0.536457110490158,1.25372077405198,0.275431326262496,0.251083017567747,0.12170985140809,0.301458432164899,2.0448591095667,34240,0.311272727272727,tier2,325,N America,stable,other (new)
Southern Hills (Gulf Coast Regional Aquifer System),1920,0.219211808470735,0.333409248430415,-0.347341618306084,0.58177685306954,1.30260573468618,0.268918733397492,0.243099421761259,0.129461741683774,0.301320142101036,1.5209456587049,34191,0.310827272727273,tier2,224,N America,stable,other (new)
Lake Frome Embayment (Great Artesian Basin),1920,-0.00945168371125271,0.223369058989515,-0.211415179489528,0.184848090204234,0.644167643214097,0.132348994920959,0.132124976888157,0.035446911500995,0.204782832050521,23.6327268043876,34046,0.309509090909091,tier2,1,Oceania,rapidly shallowing,other (new)
Peedee and Black Creek and Cape Fear Aquifers,1920,0.193004268332743,0.47640308980197,-0.439664516099552,0.585315471775386,1.53339136884291,0.317542390200748,0.280852016812403,0.157018175906466,0.395769693503429,2.4683552022831,34016,0.309236363636364,tier2,76,N America,stable,other (new)
Western Brahmaputra Basin Aquifer (Brahmaputra Basin Aquifer),1920,-0.838096611757188,0.320728250720974,-1.17489888424689,-0.483112922876029,0.950925262970497,0.210594957323472,0.103994775777622,0.190179501773947,0.131889485904285,0.382686490103477,33634,0.305763636363636,tier2,10,S Asia,stable,other (new)
Roma Shelf and Northern Surat Basin (Great Artesian Basin),1920,0.127432721849597,0.203569358862656,-0.0605202675806875,0.280438615676072,0.581475870081254,0.116815203373668,0.108052656190434,0.0491782019821157,0.202476683687206,1.59746535982273,33598,0.305436363636364,tier2,41,Oceania,stable,other (new)
Thal Doab (Indus Basin),1920,-0.959801213188319,0.797358084695743,-1.4159548735333,0.703966718657691,2.67473108748044,0.688510420963266,0.127219702471209,0.696145110081739,0.186514968836134,0.83075336198736,33296,0.302690909090909,tier2,177,S Asia,stable,other (new)
Stockton Plateau (Edwards-Trinity Aquifer System),1920,-0.624291197781252,0.330354830217465,-1.09792011399493,-0.219188254259579,1.13462031629879,0.249139614074408,0.195391778622141,0.161255438507776,0.260348225373476,0.529167848900569,33245,0.302227272727273,tier2,127,N America,stable,other (new)
Rechna Doab (Indus Basin),1920,-1.55933072221571,0.415353906157111,-2.07754277662799,-1.14946134165542,1.33486754268249,0.278010123766914,0.127516151302976,0.259062216534885,0.169281606567104,0.266366781747825,32700,0.297272727272727,tier2,430,S Asia,stable,other (new)
Northern Piedmont and Tista Fan (Bengal Basin),1920,-0.989337273513922,0.568882111695811,-1.67311341169896,-0.512102614437483,1.57450031016766,0.359031173150877,0.108128609875444,0.35336849075946,0.139483661347403,0.575013321468481,31898,0.289981818181818,tier2,199,S Asia,stable,other (new)
Central Paris Basin (Paris Basin),1920,-0.235376503711317,0.293957381269428,-0.591202911602019,0.103360249083426,1.22002012228759,0.223420562766947,0.181329503308639,0.143662329384218,0.278795785545715,1.24888158603103,31880,0.289818181818182,tier2,127,Europe,stable,other (new)
Southern Mallee (Murray Basin),1920,0.0627313896610475,0.238837174393042,-0.140178872502862,0.266109991402796,0.646278538348351,0.137892831992938,0.135374381499854,0.0444202789360888,0.238615974709435,3.8072992752677,31573,0.287027272727273,tier2,247,Oceania,stable,other (new)
Victoria Area (Gulf Coast Regional Aquifer System),1920,-0.370917307150214,0.610029942550957,-1.2414306869906,0.0899843777546885,1.86732797585712,0.409004851314991,0.21472811468826,0.358887824871215,0.316832618498733,1.64465213887662,31242,0.284018181818182,tier2,376,N America,stable,other (new)
Central Urucuia Aquifer (Urucuia Aquifer System),1920,-1.00432256806524,0.547317819047811,-1.62103419955134,-0.614134683129672,1.38107906213021,0.322757492330364,0.0661206455997065,0.325011525918617,0.0818680060968184,0.54496218291916,31045,0.282227272727273,tier2,8,S America,deepening,other (new)
Southcentral Floodplains (Bengal Basin),1920,-0.386982485300022,0.182060243939793,-0.751241510266382,-0.151448024952737,0.930203158118046,0.167296010107027,0.104087586885607,0.140922247221015,0.121898186813439,0.470461198776592,30739,0.279445454545455,tier2,97,S Asia,stable,other (new)
Eastern Silurian-Devonian Aquifers (Northern Midwest Aquifer System),1920,0.301602399264053,0.350220799568015,-0.0653863895265555,0.790958859641203,1.33997402671117,0.256410871683987,0.243879803637118,0.0894743097866413,0.349581925070825,1.16120031015203,30268,0.275163636363636,tier2,229,N America,stable,other (new)
Southern Saurashtra Deccan Trap Basalts (Saurashtra Deccan Trap Basalts),1920,0.213408491249056,0.284184297483033,-0.0953252326280689,0.530421881573437,1.10677316688119,0.198660420395529,0.103750159608619,0.183426543424768,0.139895026456962,1.33164475237013,30217,0.2747,tier2,144,S Asia,deepening,other (new)
Northeast Missouri Carbonates (Northern Midwest Aquifer System),1920,0.144554903647053,0.485569194792897,-0.521588674153429,0.531251401332821,1.69918690226165,0.33319257246719,0.315268430077105,0.130467224264838,0.424904682838653,3.35906415169747,29764,0.270581818181818,tier2,30,N America,stable,other (new)
Eastern C Aquifer (The C Aquifer),1920,-0.5181370902959,0.366876599164721,-1.06115661988236,0.0760687102095727,1.64946202169582,0.3391292175558,0.221626072777958,0.265098847555357,0.291004957498343,0.708068590409545,29532,0.268472727272727,tier2,7,N America,stable,other (new)
Southern Huaihe River Basin (Huaihe River Basin),1920,-0.0685547457026615,0.264277778758843,-0.443587124721535,0.265251777993241,1.28606566641201,0.212654564135639,0.128314907880997,0.183601959652995,0.137306049222861,3.85498882754346,29395,0.267227272727273,tier2,1,E Asia,shallowing,other (new)
Western Huaihe Plain (Huaihe River Basin),1920,-0.387205078126679,0.496371509218161,-1.01052848147511,0.0579158144282905,1.47989689639483,0.328399922521103,0.14489121759113,0.313154923485604,0.168792440585271,1.28193439925849,29254,0.265945454545455,tier2,23,E Asia,deepening,other (new)
Southeastern Surat Basin (Great Artesian Basin),1920,0.208123395771661,0.21824013456966,0.00797388543525133,0.363767609180307,0.654581749392044,0.12846592228684,0.118587303881721,0.0664772157039763,0.213548086666122,1.04860932986649,29141,0.264918181818182,tier2,208,Oceania,stable,other (new)
Houston-Galveston Area (Gulf Coast Regional Aquifer System),1920,-0.238081086166297,0.40821387522669,-0.79508516114637,0.10180783877936,1.42134094501081,0.278392489924068,0.217282120795893,0.183709107046825,0.29812787212249,1.71460018853223,29004,0.263672727272727,tier2,863,N America,shallowing,other (new)
Western Paris Basin (Paris Basin),1920,-0.179654754901706,0.308874676221523,-0.595888989903925,0.158315224102671,1.37122280403856,0.238281037295207,0.184279284600668,0.161967365847777,0.269818388646673,1.71926802822735,28758,0.261436363636364,tier2,154,Europe,stable,other (new)
Northern Cumberland Plateau and Mountains (Appalachian Plateaus),1920,0.0263653779895959,0.404438056480396,-0.563111475684247,0.391944820732235,1.29761023187795,0.28796239210692,0.273448542625613,0.0990938759241881,0.383727225160649,15.3397404975567,28114,0.255581818181818,tier2,1,N America,stable,other (new)
Southeastern Coastal Karoo Basin (Main Karoo Basin),1920,0.13207102046691,0.146601286820909,-0.033845749448577,0.337044243655901,0.61202348062207,0.112077231707769,0.0916247676082779,0.0823720405144322,0.13467161186055,1.11001858168909,28053,0.255027272727273,tier2,2,Africa,deepening,other (new)
Mount Vernon Hill County (Central Lowland Till Plain),1920,0.093715764535364,0.446578303310019,-0.522956712182395,0.442930016917267,1.30689567522938,0.303504402968589,0.295531216844366,0.0831835605393875,0.410660192184495,4.76524206491962,27711,0.251918181818182,tier2,6,N America,stable,other (new)
Eastern Riverine Plains (Murray Basin),1920,0.280814242541493,0.269433869756618,-0.0124996061030304,0.582445050372159,0.790651923916059,0.182171951392157,0.124398102253743,0.140611236893365,0.235096341359228,0.959473662440061,27505,0.250045454545455,tier2,247,Oceania,stable,other (new)
Central Mallee (Murray Basin),1920,0.0323692763393675,0.236695870016943,-0.17143454784456,0.239702398530157,0.640204029837265,0.137768671411152,0.13686725847774,0.0361123829668404,0.236456329172462,7.31236211571013,27348,0.248618181818182,tier2,1610,Oceania,stable,other (new)
Northern Allegheny Plateau (Appalachian Plateaus),1920,-0.0490521111424751,0.651394215853373,-0.599954949478861,0.701959651677271,1.91068076309226,0.417778695813158,0.380855535505441,0.182431309024568,0.59693035186706,13.279636710464,27131,0.246645454545455,tier2,53,N America,stable,other (new)
Daly Basin (Daly-Wiso-Georgina Basins),1920,0.00873887315066564,0.219299968908636,-0.336112123543498,0.215681773514668,0.824674070325155,0.172197744854784,0.0977820019615757,0.151681495507814,0.158305434750016,25.0947650947345,26597,0.241790909090909,tier2,43,Oceania,deepening,other (new)
Blue Mountains and Clearwater Embayment (Columbia Plateau Regional Aquifer System),1920,-0.181553491635964,0.36904104483709,-0.656155362429464,0.162986199100286,1.243946156649,0.25557432225896,0.244005352410364,0.0889094413610706,0.332104618868118,2.03268492118599,26297,0.239063636363636,tier2,13,N America,stable,other (new)
Western Satpura Basalt Aquifers (Satpura Basalts),1920,0.821959522189791,1.10511114959315,0.0859347114113476,1.67290876357115,1.91080392806709,0.551302777992817,0.0993944925390641,0.557093468853276,0.130225917245262,1.34448366344003,25934,0.235763636363636,tier2,69,S Asia,stable,other (new)
Northern Aquitaine Basin (Aquitaine Basin),1920,-0.108404857367728,0.308235537059674,-0.423298613887756,0.288886605148399,1.25404783743801,0.218552849221025,0.173078080758711,0.14111901798689,0.274655487964239,2.84337385375719,25909,0.235536363636364,tier2,267,Europe,stable,other (new)
Central Wabash and Bloomington Ridged Plain (Central Lowland Till Plain),1920,0.0747318841666923,0.492274272959932,-0.573679647892592,0.537192398225956,1.57956235709814,0.335178710399292,0.288169584969188,0.181244282737488,0.401260247463847,6.58720542709583,25827,0.234790909090909,tier2,50,N America,stable,other (new)
Northern Riverine Plains (Murray Basin),1920,0.254952954846041,0.242889444776268,-0.0143938677990424,0.537254968913801,0.743932700864702,0.166399747126516,0.124920423420043,0.118015650355316,0.231995690564494,0.952683387893828,25646,0.233145454545455,tier2,144,Oceania,deepening,other (new)
Upper Peninsula Jacobsville Sandstone and Cambrian-Ordovician and Silurian-Devonian Aquifers (Northern Midwest Aquifer System),1920,1.0305399383704,0.534100874385661,0.393519971646294,1.63594891237046,1.8576251576727,0.376046860955548,0.297442980351821,0.239502393861904,0.423385762434963,0.518272853384252,25514,0.231945454545455,tier2,8,N America,stable,other (new)
Eastern Flatwoods Southshores (Floridan Aquifer System),1920,0.177526023485895,0.37448066435779,-0.343211327867153,0.483659800704086,1.2316985738965,0.258341726173408,0.237119402369931,0.115651594322645,0.311871869104426,2.10944095408943,25461,0.231463636363636,tier2,171,N America,stable,other (new)
Lower Limestone Coast Aquifer System (Murray Basin),1920,0.0149978709197235,0.243539324705794,-0.211296924254053,0.249508104246185,0.665354180692983,0.147520937437033,0.145215156189022,0.0452572336167801,0.229924988005081,16.2382598176331,25446,0.231327272727273,tier2,699,Oceania,stable,other (new)
Eastern Malwa Plateau (Malwa Plateau),1920,0.172831264048394,1.14831114287865,-0.409246930854932,1.49300839899404,2.44462723188878,0.654943808969264,0.103529294163494,0.665334450728274,0.126378835374934,6.64411701899668,25218,0.229254545454545,tier2,80,S Asia,stable,other (new)
Southern St. Lawrence Lowlands (St. Lawrence Lowlands),1920,0.471262766566302,0.670215034684235,-0.438492484286894,1.00166976414426,1.90962361495737,0.453616359937155,0.434398181142237,0.145770864863524,0.630499413637763,1.4221684423905,24965,0.226954545454545,tier2,91,N America,stable,other (new)
Southern Paris Basin (Paris Basin),1920,-0.23110938410948,0.28441535589198,-0.572344239555019,0.104078935131186,1.05049990286712,0.208589070673838,0.17937214615905,0.117959846900628,0.275568689797691,1.2306525630186,24635,0.223954545454545,tier2,116,Europe,stable,other (new)
Westside Middle Indus Plain (Indus Basin),1920,-0.70920159828949,1.05196284933098,-1.27740056246005,1.03589682372524,2.82045320109437,0.753495376507635,0.137508735964108,0.762947310879574,0.170102162048667,1.48330580735885,24478,0.222527272727273,tier2,113,S Asia,stable,other (new)
Northcentral Piedmont Upland (Piedmont Plateau),1920,-0.0653204552739777,0.484233913102896,-0.712712963828244,0.481615196906039,1.73540175788746,0.356520132157974,0.30903334267524,0.186685495378383,0.433864631846927,7.41320480807801,24072,0.218836363636364,tier2,76,N America,stable,other (new)
Osage Plains (Osage Cuestas Aquifer System),1920,0.119925156275778,0.454522967838688,-0.55915592153087,0.597259171025547,1.87860650532217,0.345922841400489,0.309161276838951,0.169990370004156,0.435685498404602,3.79005524740342,23975,0.217954545454545,tier2,2,N America,stable,other (new)
Eastern Pilbara Granite-Greenstone Terrane (Pilbara Craton),1920,-0.345303163548573,0.264238944628599,-0.789813937544489,-0.0985515930749467,0.952443488675564,0.20342535402112,0.104998312889555,0.181138120158118,0.185164093932833,0.765237543476573,23972,0.217927272727273,tier2,1,Oceania,stable,other (new)
Malwa Plateau Gneiss Complex (Malwa Plateau),1920,-0.782644090626832,0.267056635989165,-1.06424719351981,-0.490298285304575,0.963144418837997,0.178046503938371,0.114742065308176,0.147014620306347,0.161634284463831,0.341223602385186,23958,0.2178,tier2,60,S Asia,shallowing,other (new)
Bluffton Till Plain (Central Lowland Till Plain),1920,-0.0485579722949124,0.503522630297566,-0.620680742335193,0.536311519655755,1.76231073308901,0.350784475823948,0.273687199248207,0.227544517347648,0.372746814137824,10.3695151691975,23952,0.217745454545455,tier2,26,N America,stable,other (new)
Vidalia Upland (Floridan Aquifer System),1920,0.225020350967296,0.417953162872467,-0.365022035352385,0.593102909773763,1.40846941622811,0.294321430766792,0.270333951400424,0.134145294935824,0.353844896145517,1.85740161312437,23831,0.216645454545455,tier2,55,N America,stable,other (new)
Northern Paris Basin (Paris Basin),1920,-0.13578728862914,0.295119673803811,-0.471848778167314,0.205976366846408,1.16209904037699,0.212971311771878,0.187031030593436,0.116947785351385,0.304503134073545,2.17339691206175,23814,0.216490909090909,tier2,116,Europe,stable,other (new)
Southern Valley and Ridge (Valley and Ridge Aquifer System),1920,0.127984026630049,0.387041763391997,-0.445475936087922,0.450987322838262,1.17189949439324,0.266533925177689,0.264525880215959,0.0515045577270968,0.345372997484378,3.02414116498132,23782,0.2162,tier2,11,N America,stable,other (new)
Barind Tract and Central Floodplains (Bengal Basin),1920,-0.693839733110039,0.29202826203458,-1.15340309694197,-0.369083548840514,1.15363179108172,0.228872972435327,0.105828130810187,0.212559164081341,0.130936419928078,0.420887199304087,23481,0.213463636363636,tier2,135,S Asia,deepening,other (new)
Northeastern Judith River (Bearpaw-Judith River Aquifer System),1920,0.00957119180174459,0.463654753426488,-0.540218190851232,0.563639149557905,1.87182883798428,0.343573380164679,0.219805335200056,0.274301822575665,0.309275985979823,48.4427397371741,23407,0.212790909090909,tier2,6,N America,stable,other (new)
Great Plains Dakota Aquifer,1920,-0.21237511289403,0.508251892335651,-0.907771536731001,0.298936666992803,1.77184280845107,0.368969646747147,0.311301500164364,0.209110562844461,0.476151103113247,2.39318009257165,23221,0.2111,tier2,31,N America,stable,other (new)
Western Armorican Massif (Armorican Massif),1920,-0.0766621163897959,0.32033460451583,-0.459553112480624,0.287697448378738,1.23178433095241,0.222339770081961,0.199515220448763,0.109627935548234,0.270449837473063,4.17852545169844,23180,0.210727272727273,tier2,42,Europe,stable,other (new)
Southeastern Allegheny Plateau (Appalachian Plateaus),1920,-0.104611267048652,0.444075197485672,-0.727250470192658,0.338607550057664,1.53937622399025,0.319837806716569,0.27709503106007,0.16785816343596,0.387267818340095,4.24500352604604,23152,0.210472727272727,tier2,6,N America,stable,other (new)
Western Riverine Plains (Murray Basin),1920,0.190141030442266,0.235181266473037,-0.0562708186753829,0.432025486990263,0.605736207873531,0.149829780989563,0.129850783558167,0.0874658901068633,0.23431208775181,1.23687804744724,23144,0.2104,tier2,144,Oceania,stable,other (new)
Southern Deccan Basalt Plateau (Deccan Plateau),1920,0.528419070444905,0.19482571951708,0.319516828044083,0.745823002179644,0.668006164864907,0.130779910109173,0.0808069495182254,0.109535208925491,0.128394743416832,0.368695473751629,23112,0.210109090909091,tier2,78,S Asia,deepening,other (new)
Eastern Vindhyan Basin,1920,0.0362608391480634,0.526051790396018,-0.370723325255814,0.55896511368341,1.24719816721731,0.305806739807181,0.107129838329227,0.296786356874126,0.137539902989093,14.5074356456009,23103,0.210027272727273,tier2,84,S Asia,stable,other (new)
Catahoula Area (Gulf Coast Regional Aquifer System),1920,0.180408254262433,0.342608777927547,-0.36775209237869,0.459910918867295,1.09988499793481,0.252261543966896,0.2486247046702,0.0715649609451076,0.332608171851962,1.89907484736905,23047,0.209518181818182,tier2,36,N America,stable,other (new)
Milk River,1920,0.0457654108101253,0.369886142644335,-0.332887249849477,0.56759640166392,1.3088343342506,0.264829435387618,0.25572910863892,0.0969064754086237,0.342538902039852,8.08222052630411,22986,0.208963636363636,tier2,9,N America,stable,other (new)
Shawnee Hills (Interior Low Plateaus),1920,0.100477597846299,0.421482986385541,-0.520254469621324,0.457314306280431,1.36858513544579,0.295081093145483,0.284752525475433,0.0900745140853827,0.371884868282824,4.19479561036366,22911,0.208281818181818,tier2,37,N America,stable,other (new)
Sea Island (Floridan Aquifer System),1920,0.273095484564958,0.419073996747316,-0.311650251596365,0.681311291733077,1.52315335762338,0.30281275636923,0.261970079323273,0.164362976442428,0.361168466941854,1.53453286646208,22877,0.207972727272727,tier2,244,N America,stable,other (new)
Missionary Plains Syncline and Mereenie Anticline (Amadeus Basin),1920,-0.285182975737581,0.358247033021302,-0.689185486578517,0.0218869712753479,0.959059043160369,0.221381450983244,0.111100080399869,0.198564862277173,0.197197554836078,1.25620062731568,22819,0.207445454545455,tier2,14,Oceania,deepening,other (new)
Flint Hills Upland (Osage Cuestas Aquifer System),1920,-0.0096450416346667,0.426354839053261,-0.676242817594215,0.377040505338996,1.40558335117996,0.318367510127207,0.305042966957842,0.103055954105248,0.447858526918011,44.2045618051907,22649,0.2059,tier2,21,N America,stable,other (new)
Northwestern Malwa Plateau (Malwa Plateau),1920,0.224857418799036,1.33863880134392,-0.398520572355662,2.04951512960527,3.00076172547684,0.841187897376002,0.101188932169907,0.857220218670655,0.136555530283802,5.95327834186478,22557,0.205063636363636,tier2,79,S Asia,stable,other (new)
Sundarbans and Southern Delta (Bengal Basin),1920,-0.095302190236946,0.128881986431572,-0.254180548793028,0.0719367731451163,0.698992486629888,0.102601624353354,0.0727535825625408,0.0834993290687369,0.0828758234085191,1.35235072888816,22556,0.205054545454545,tier2,4,S Asia,stable,other (new)
Transboundary Judith River Aquifer (Bearpaw-Judith River Aquifer System),1920,0.244524048749842,0.435797458928049,-0.252867640583383,0.732892961137437,1.46664371553817,0.298979244417225,0.278370860813629,0.117131602244694,0.389962335723392,1.78222739708472,22275,0.2025,tier2,5,N America,stable,other (new)
Middle Chao Phraya Basin,1920,-0.351812459537909,0.390782473938337,-0.901464753541416,0.00851104709373524,1.16996872118694,0.268420713249929,0.102389012632131,0.260616859095279,0.114150556320811,1.11076928444096,22178,0.201618181818182,tier2,47,E Asia,deepening,other (new)
Northern Mallee (Murray Basin),1920,0.0144082428387808,0.233646877224441,-0.173823120691952,0.218110865306352,0.5996879168499,0.134306319962148,0.133135717186124,0.036142182404692,0.216387569672566,16.2161951210014,21895,0.199045454545455,tier2,1,Oceania,stable,other (new)
Alabama Coastal Lowlands (Gulf Coast Regional Aquifer System),1920,0.166185551391624,0.397681239191839,-0.376874597324031,0.450898856949971,1.19998743198558,0.257120118418669,0.251177228755998,0.0822232285449129,0.326786606406617,2.3929952746294,21894,0.199036363636364,tier2,2,N America,stable,other (new)
Pecos Valley,1920,-0.839338662866549,0.34665252773071,-1.34728052166495,-0.308534402844613,1.35806274644842,0.293121878121846,0.220145173643834,0.201416418514783,0.274098477579293,0.413006743364837,21799,0.198172727272727,tier2,170,N America,stable,other (new)
Eastern Deccan Basalt Plateau (Deccan Plateau),1920,0.723498523422999,0.288213549650523,0.362209190125514,0.995125044066987,0.874686529023198,0.192341061420168,0.0953023016848366,0.174664315949038,0.141333584933437,0.39836093691931,21575,0.196136363636364,tier2,48,S Asia,stable,other (new)
Lachlan Alluvium,1920,0.351772500280997,0.346497485441467,0.0295147410357096,0.794473459139527,0.971575863353975,0.231463639348534,0.122367500735284,0.204040859880092,0.232183187386758,0.985004470686833,21569,0.196081818181818,tier2,249,Oceania,deepening,other (new)
Devonian and Overlying Unconsolidated Aquifers (Southern Ontario Paleozoic Aquifer System),1920,0.557887027685607,0.566328851911682,-0.00380963326268123,1.26247471867767,1.83378718001005,0.381278119592203,0.344512417908252,0.172308358252943,0.477377769338122,1.01513178082146,21440,0.194909090909091,tier2,70,N America,stable,other (new)
Nanyang Basin,1920,0.0774538837080081,0.259392636039564,-0.167730202521246,0.53603800610602,1.4264232763669,0.225822900929499,0.175145115164658,0.189661129962751,0.174221497209694,3.34899457098166,21139,0.192172727272727,tier2,14,E Asia,deepening,other (new)
Newcastle Till Plain (Central Lowland Till Plain),1920,-0.0817069261428778,0.523589560946855,-0.786810153468699,0.451547535719639,1.77153774433855,0.375349692272579,0.280789142952631,0.25807582241754,0.41694845540429,6.40814170430636,20988,0.1908,tier2,144,N America,stable,other (new)
Southern Mekong Delta (Mekong Delta),1920,-0.217282170606987,0.214740760851593,-0.55789104507119,-0.00265604279418301,1.02646454393366,0.16969766901834,0.104141597940874,0.155706347980593,0.0946051014433035,0.988303643376286,20929,0.190263636363636,tier2,8,Other,stable,other (new)
Northern Cambrian-Ordovician Aquifers (Northern Midwest Aquifer System),1920,0.312973057940391,0.379636590916773,-0.064583984285401,0.806228075435936,1.32386985760472,0.26349136211032,0.244240155846579,0.108427201832515,0.305313977853209,1.21300086791841,20460,0.186,tier2,80,N America,stable,other (new)
Wimmera Plain (Murray Basin),1920,0.0243948223893581,0.242258218993394,-0.147948267754413,0.236003779764884,0.575889812815301,0.135246568353307,0.132870499844713,0.0422540243555755,0.23597952525604,9.93072280366655,20408,0.185527272727273,tier2,345,Oceania,stable,other (new)
Ghaap Plateau Dolomite Aquifer System,1920,0.139747033074988,0.151674634037612,-0.0642190566015518,0.398548262236479,0.94445048248674,0.136106598957233,0.121208992090083,0.105386209484975,0.128834490799893,1.08535137169048,20319,0.184718181818182,tier2,56,Africa,stable,other (new)
Bighorn Basin,1920,0.0596912261930655,0.535642124356205,-0.628553423294318,0.525691437049974,1.89239537888134,0.369287202593089,0.291192808613895,0.235678426086623,0.384143720241499,8.97354868576032,20257,0.184154545454545,tier2,3,N America,stable,other (new)
Northern San Juan Basin,1920,-0.465127952825594,0.352315220238878,-1.03119953860295,0.0759209969919611,1.5108080257336,0.307585687416073,0.254909379738422,0.198235755375387,0.322189935926355,0.757458712379264,20120,0.182909090909091,tier2,15,N America,stable,other (new)
Southwestern Bengal Basin (Bengal Basin),1920,-0.132323456723776,0.152658492528435,-0.281184471496974,0.0703251704672892,0.703390854860085,0.111820332771348,0.0823357769375865,0.0826819092525592,0.112948516290795,1.15367672752918,20073,0.182481818181818,tier2,3,S Asia,stable,other (new)
Central Carrizo-Wilcox (Carrizo-Wilcox),1920,-0.308834189720395,0.415766101879332,-0.839003288803604,0.0696921595533668,1.38428179673783,0.281574043548469,0.21993049461971,0.183644547107138,0.334388565017824,1.34624376354104,19641,0.178554545454545,tier2,313,N America,stable,other (new)
Northern Pitted Karst Plain (Yucatan Peninsula),1920,0.144550135190158,0.27780165031399,-0.242785398604214,0.443322173492206,1.06965861652876,0.205437918805825,0.182782867860027,0.112196597548,0.205684606635001,1.92183597717525,19270,0.175181818181818,tier2,4,N America,stable,other (new)
New Brunswick Carboniferous Basin (Maritimes Basin),1920,0.396910634595981,0.679247939200608,-0.448461109273241,1.17456996172605,2.18858849702587,0.48626415052783,0.387339522411985,0.304978090937828,0.645686858145231,1.71133721295228,19211,0.174645454545455,tier2,4,N America,stable,other (new)
Madhupur Tract and Eastern Floodplains (Bengal Basin),1920,-0.617897098667353,0.263827356163982,-1.05897347218876,-0.326073774115229,1.11694016468065,0.212859341269636,0.111598248723573,0.194436238750221,0.117512254726821,0.426976201592451,19207,0.174609090909091,tier2,70,S Asia,stable,other (new)
Southwestern Allegheny Plateau (Appalachian Plateaus),1920,-0.157405477582506,0.48792651433281,-0.81975850458652,0.378114697574384,1.7395099299069,0.359985500902001,0.275343712915229,0.240681542213659,0.3928513841254,3.09980644782237,19131,0.173918181818182,tier2,28,N America,stable,other (new)
Black Hills Uplift,1920,0.48879640738389,0.526264548285637,-0.335099353985615,0.869512580169175,1.65355058198027,0.369993266251881,0.349804512697652,0.13426447275979,0.42637098897976,1.07665387947977,18954,0.172309090909091,tier2,23,N America,stable,other (new)
Central Pilbara Granite-Greenstone Terrane (Pilbara Craton),1920,-0.364968328341548,0.307681772875172,-0.964946826865179,-0.104686062518315,1.27669369317818,0.259603459567747,0.11944910893439,0.24392243467542,0.18546833480396,0.843036913020118,18871,0.171554545454545,tier2,2,Oceania,deepening,other (new)
Northwestern Deccan Basalt Plateau (Deccan Plateau),1920,0.851690148643577,0.610378105734594,0.219167212394134,1.31829612532722,1.39798908388982,0.348907790023717,0.0988175078367791,0.344040948230749,0.139038230874388,0.716666861424541,18659,0.169627272727273,tier2,4,S Asia,stable,other (new)
Dougherty Plain and Marianna Lowlands (Floridan Aquifer System),1920,0.221022453268593,0.366747487692511,-0.376820927499789,0.487681822266799,1.20443028355806,0.266898497338803,0.25867306208088,0.0786086311987225,0.328999498028755,1.65932230987785,18608,0.169163636363636,tier2,246,N America,stable,other (new)
Lower Coastal Plain (Floridan Aquifer System),1920,0.237229453559597,0.4457343615465,-0.381011601663353,0.629226278099171,1.52160878504658,0.309045341227084,0.27089185691187,0.161292379892605,0.369686184530523,1.8789166136764,18560,0.168727272727273,tier2,47,N America,stable,other (new)
Lannemezan Plateau (Aquitaine Basin),1920,-0.10037237648837,0.275212670558788,-0.405631683855978,0.219537618001973,1.04586534527948,0.191535279841147,0.173844431190789,0.0902113023586702,0.261768556635009,2.74191645338472,18348,0.1668,tier2,94,Europe,stable,other (new)
Springbok Flats Karoo Basin,1920,-0.0184160581077741,0.134204125773676,-0.190930517100522,0.1559289667748,0.582653618806631,0.104109530124535,0.0727409618799611,0.0844684926059687,0.102407385154706,7.28734265434487,18345,0.166772727272727,tier2,19,Africa,stable,other (new)
Southcentral Valley and Ridge (Valley and Ridge Aquifer System),1920,0.0847101737265817,0.406925939849664,-0.525366307799698,0.474135043480166,1.41228729402738,0.294997246150722,0.273779588625182,0.117526167222263,0.387658573469651,4.80374342240278,18344,0.166763636363636,tier2,1,N America,shallowing,other (new)
Northcentral Piedmont Plain (North China Plain),1920,-0.704660016171799,0.451186734980658,-1.11764274759668,-0.187073778416788,1.28767536352147,0.286751180460901,0.120607631463462,0.268114515321541,0.178399649868183,0.640289962004395,18327,0.166609090909091,tier2,23,E Asia,rapidly deepening,other (new)
North-central High Plains (High Plains),1920,-0.540288421339857,0.682966409977409,-1.38100227945416,0.160859213347494,2.26455353948515,0.467243926072501,0.305514518635882,0.367227787877409,0.444201407099403,1.26407745012141,18173,0.165209090909091,tier2,221,N America,deepening,HP
Great Bend Prairie (High Plains),1920,-0.469504597008362,0.685953519588816,-1.32023819405559,0.201178142406447,2.22104114844923,0.463140955698221,0.306016689146196,0.361139262828624,0.463322464181077,1.46101555545919,18167,0.165154545454545,tier2,358,N America,stable,HP
Delmarva Peninsula (North Atlantic Coastal Plain),1920,0.00946668382322355,0.497719095123749,-0.675499524037753,0.475321691992179,1.67128575224625,0.353299706706789,0.318428188876886,0.167314583606616,0.432079911679502,52.5758654686185,18153,0.165027272727273,tier2,294,N America,stable,other (new)
Denver Basin,1920,-0.0874601984136884,0.45770025865913,-0.750670876160123,0.412900507661316,2.02188461760169,0.353454738781173,0.304513684638214,0.2039263000024,0.37490343731357,5.23324057069021,18104,0.164581818181818,tier2,185,N America,stable,other (new)
Eastern Second Songhuajiang System (Songnen Plain),1920,0.444762160742099,0.392885002166928,0.158081506064692,0.958085189424292,1.13351772603261,0.250385051235645,0.1293473018833,0.222738274454799,0.170041319012317,0.883359774831986,18076,0.164327272727273,tier2,4,E Asia,stable,other (new)
Western Bengal Basin (Bengal Basin),1920,-0.432943801514614,0.157061052684974,-0.699953076973494,-0.207501056109739,0.796535305669438,0.139821299883916,0.100730079599411,0.103260346897637,0.126181633251878,0.362774688390294,18026,0.163872727272727,tier2,119,S Asia,deepening,other (new)
Eastern Otway Basin (Otway Basin),1920,0.00991296962382477,0.25086612609223,-0.192024293284342,0.24580829103629,0.680035148490358,0.146803015144457,0.14231417067454,0.0540088960102945,0.24755967075561,25.3068591564429,17980,0.163454545454545,tier2,304,Oceania,stable,other (new)
Western Allegheny Plateau (Appalachian Plateaus),1920,-0.0830587279556995,0.513937491130189,-0.642406190428845,0.543121969001455,1.75864489829193,0.361309087716793,0.289013600080958,0.226640967303326,0.406017504064924,6.18763980354123,17977,0.163427272727273,tier2,24,N America,stable,other (new)
Laizhou Coastal Plain,1920,-0.348203582165406,0.247785284377064,-0.641507666433218,-0.0387007416025831,0.828667606135029,0.177144042880483,0.126027429672398,0.13791544712141,0.149868417010977,0.711610382742586,17871,0.162463636363636,tier2,10,E Asia,stable,other (new)
Central Coromandel Fractured Charnockite and Gneiss Aquifers (Coromandel Coastal Plain),1920,0.0730170672215846,0.122029924715714,-0.0584260115031147,0.230144419738047,0.497199532146837,0.0888693581354565,0.075941863478146,0.0504888566268199,0.115904455571578,1.67125206967558,17492,0.159018181818182,tier2,110,S Asia,deepening,other (new)
Intermediate Aquifer (Floridan Aquifer System),1920,0.241811729875531,0.406371499574212,-0.345622225116014,0.688430594376465,1.54721507282622,0.298497334612731,0.266191966847493,0.162315299625036,0.334015421676349,1.68052848297883,17405,0.158227272727273,tier2,388,N America,stable,other (new)
Malm Valangnian Aquifer,1920,-0.502609192703455,0.239614595073229,-0.776711106284262,-0.246704529348231,0.980730488813599,0.171879783459186,0.131323188697426,0.117914729458979,0.211456415236038,0.4767413699387,17275,0.157045454545455,tier2,16,Europe,stable,other (new)
Southwestern Khorat Plateau (Khorat Plateau Aquifer System),1920,-0.303625587568337,0.257956460119497,-0.571074981944997,0.0167609997254965,0.871140830764533,0.174258736006396,0.101142232702234,0.152260113400566,0.155471110777534,0.84958735587935,17185,0.156227272727273,tier2,2,Other,deepening,other (new)
Western Cambay Basin (Cambay Basin),1920,0.0362928470746773,0.306170271037332,-0.278359492356055,0.441881011828533,1.21106821094591,0.219428500412618,0.105161434117649,0.202890057226408,0.150600854807902,8.43610506520325,17184,0.156218181818182,tier2,47,S Asia,stable,other (new)
Western Pilbara Granite-Greenstone Terrane (Pilbara Craton),1920,-0.334028302427851,0.278178493748133,-0.779583629862199,-0.077757281182969,1.03652745031349,0.210206929695631,0.108343443483022,0.187491137208347,0.181170944760938,0.832799172184575,16960,0.154181818181818,tier2,9,Oceania,stable,other (new)
Mississippi Delta (Gulf Coast Regional Aquifer System),1920,0.248984215039585,0.337011721974299,-0.318929451968009,0.722889770590383,1.44262311075933,0.295409571799512,0.242911619586537,0.181608721995743,0.300320591796679,1.35354653675824,16784,0.152581818181818,tier2,4,N America,stable,other (new)
Central Cambay Basin (Cambay Basin),1920,-0.0423808865763603,0.293543731085139,-0.415302902458098,0.322139134037949,1.33443700475358,0.222614947138735,0.104765673199156,0.204494590742181,0.154000214870945,6.92632351039288,16772,0.152472727272727,tier2,97,S Asia,stable,other (new)
Eastern Duero Basin (Duero Basin),1920,-0.259377064789232,0.296011701167481,-0.638120987491552,0.0750806979296663,1.25491326344194,0.216223209385301,0.169526752589857,0.142034963724245,0.238753979296652,1.14124084721222,16257,0.147790909090909,tier2,63,Europe,stable,other (new)
Eastern Pennyroyal Plateau (Interior Low Plateaus),1920,0.0628923946021055,0.403595098501599,-0.555434803579095,0.432396965502498,1.38723610047776,0.295475643906991,0.279402939596515,0.104710263677326,0.367111701110665,6.41723217974096,16219,0.147445454545455,tier2,31,N America,stable,other (new)
Gunnedah Basin and Liverpool Plains,1920,0.279048604191909,0.248303042075018,0.0456134109588504,0.554685842438942,0.790148051449947,0.15985779719337,0.117165420614746,0.115310093968354,0.222400337944671,0.889820046920046,16086,0.146236363636364,tier2,649,Oceania,stable,other (new)
Northern Piedmont Upland (Piedmont Plateau),1920,0.00979171920166036,0.492128056347654,-0.577252644318748,0.559358679365812,1.69548860500731,0.350562476583158,0.302530255840614,0.192687858529935,0.43990616484593,50.2596169490037,15989,0.145354545454545,tier2,261,N America,stable,other (new)
Lower Athabasca (Lower Athabasca Basin),1920,-0.354866701777795,1.36536530896131,-1.0203958567036,1.73794468078916,3.44800070723338,0.950545091970795,0.932951435920005,0.218023689254931,1.06004882146723,3.84754416833467,15814,0.143763636363636,tier2,12,N America,stable,other (new)
Southern Nuomin-Taoer System (Songnen Plain),1920,0.527976674562989,0.444801810962362,0.221833870140782,1.18864273751019,1.42908503390662,0.305874162220858,0.132034430749488,0.285907720655438,0.174239079170369,0.84246488981834,15583,0.141663636363636,tier2,9,E Asia,stable,other (new)
Umatilla Basin and Horse Heaven Hills (Columbia Plateau Regional Aquifer System),1920,-0.208826555113574,0.393899210843943,-0.731513096335994,0.109032246259863,1.35094281152881,0.266279408574061,0.24809301494384,0.104719241776346,0.351353131317962,1.88625058067789,15408,0.140072727272727,tier2,16,N America,stable,other (new)
Palouse Slope (Columbia Plateau Regional Aquifer System),1920,-0.317614482237455,0.413289024595603,-0.737231635926253,0.160947690301183,1.34550931446019,0.282288469306126,0.254688564952177,0.130954602755603,0.411632826480574,1.30122852611809,15260,0.138727272727273,tier2,3,N America,stable,other (new)
Letaba Lowveld,1920,-0.24965464173284,0.129194797365321,-0.417452168455661,-0.09964636936089,0.523188097016059,0.0949399875481819,0.0716495129625911,0.0781212459584284,0.0977471916048386,0.517494072886394,15251,0.138645454545455,tier2,16,Africa,deepening,other (new)
Landes Plain (Aquitaine Basin),1920,-0.0550634076333953,0.300586973702077,-0.390771695875708,0.342526073700836,1.26293271182601,0.22417805763163,0.182982548870812,0.140451073235377,0.237428684820348,5.45892429512071,15042,0.136745454545455,tier2,381,Europe,stable,other (new)
Transboundary Odanah Shale,1920,-0.204075643926028,0.808310281075085,-1.35623308336016,0.639120444364871,2.7495119782942,0.586660524554613,0.460342004372398,0.376526156933164,0.564758541849333,3.96083660707731,14918,0.135618181818182,tier2,32,N America,stable,other (new)
Northern Hirri Basin (Chhattisgarh Basin),1920,0.199137662390674,0.332334539742601,-0.108248950746802,0.597319916484736,1.29171535894661,0.228761729603318,0.1098389907813,0.211600276659324,0.144041836114667,1.66886833837899,14830,0.134818181818182,tier2,82,S Asia,stable,other (new)
Western Second Songhuajiang System (Songnen Plain),1920,0.379808253603937,0.348465460604303,0.104858208887264,0.911113860333722,1.25752205651506,0.25041000184747,0.135367789993954,0.223094995300648,0.185862759532761,0.917477325197049,14776,0.134327272727273,tier2,3,E Asia,rapidly deepening,other (new)
Tifton Upland (Floridan Aquifer System),1920,0.23631715913206,0.384128085845438,-0.323821599845958,0.550314216414408,1.40703169477674,0.274621776748323,0.258595965818958,0.10669424339061,0.354256735444471,1.62547691101338,14658,0.133254545454545,tier2,76,N America,stable,other (new)
South-central High Plains (High Plains),1920,-1.01874331780405,1.3050830391717,-2.53480904345152,-0.143438638350564,3.09833559375078,0.77780161239014,0.265385949311461,0.750703125291724,0.370758753301953,1.28107150875342,14464,0.131490909090909,tier2,982,N America,stable,HP
Northern Khorat Plateau (Khorat Plateau Aquifer System),1920,-0.127476283706611,0.209986854019313,-0.345381106685415,0.160502635784381,0.790509746909558,0.147069805093868,0.10340833225544,0.114939754683344,0.146879108803368,1.64726212526404,14425,0.131136363636364,tier2,15,E Asia,stable,other (new)
Hill Country (Edwards-Trinity Aquifer System),1920,-0.524733117562595,0.438554940632797,-1.07345056304281,-0.0398589284559737,1.5747098267684,0.308831703556657,0.208738816403278,0.23628458492254,0.268606803922152,0.835767604434616,14375,0.130681818181818,tier2,365,N America,deepening,other (new)
Northern St. Lawrence Lowlands (St. Lawrence Lowlands),1920,0.830570275231117,0.614551680711789,-0.211423849048693,1.31180920520654,2.10921448260482,0.472687376042198,0.440916451008936,0.181704127293046,0.498363129479075,0.739915331716851,14318,0.130163636363636,tier2,27,N America,stable,other (new)
Chicxulub Sedimentary Basin (Yucatan Peninsula),1920,0.164396011139415,0.263995194560161,-0.236291705051169,0.453913344017164,1.04553897259484,0.201436011169092,0.179673163534227,0.1048117174801,0.208326156994688,1.60584914883538,14250,0.129545454545455,tier2,10,N America,stable,other (new)
West Jutland Quaternary and Tertiary Sand Aquifer System,1920,0.391870921215748,0.29819072991353,0.0568917365967985,0.761978600189407,1.11850719843412,0.21612436933727,0.187397004345215,0.113785881776579,0.270684980856384,0.760941202241843,14018,0.127436363636364,tier2,180,Europe,stable,other (new)
South Platte Basin,1920,0.120422367825412,0.495885579835383,-0.5771852552596,0.708667457459594,2.30694017552876,0.399645585400211,0.32021318821818,0.257051114379103,0.426000801471577,4.11788597741506,13779,0.125263636363636,tier2,15,N America,stable,other (new)
North Rewa Basin (Son-Mahandai Valley Basins),1920,0.095930103422581,0.348331923767983,-0.272713136077454,0.427988758253927,1.00981871724057,0.217780799052413,0.124738571443357,0.195934283671339,0.129415581729146,3.63110130543224,13718,0.124709090909091,tier2,38,S Asia,stable,other (new)
Southern Coromandel Fractured Charnockite and Gneiss Aquifers (Coromandel Coastal Plain),1920,0.0759148569147118,0.12461966508906,-0.163839183439471,0.222930086268833,0.708288093662123,0.111404081031397,0.0695985518485001,0.097278912594677,0.0681944129182735,1.64157149408932,13538,0.123072727272727,tier2,92,S Asia,deepening,other (new)
Chaj Doab (Indus Basin),1920,-1.24475014707544,0.381363967378098,-1.64723914373108,-0.443240004533657,1.6550491990012,0.353934349839343,0.12566785471187,0.342689339660782,0.165065320197317,0.306377925139529,13536,0.123054545454545,tier2,254,S Asia,stable,other (new)
Rush Springs Aquifer,1920,-0.709690354144403,0.741272855532145,-1.63672211587784,-0.0393067628350405,2.48596311374613,0.493702781644856,0.27901624174885,0.422759716327074,0.394757381133502,1.04450180448883,13372,0.121563636363636,tier2,68,N America,stable,other (new)
Silurian and Overlying Unconsolidated Aquifers (Southern Ontario Paleozoic Aquifer System),1920,0.480604697968139,0.665458604855853,-0.481835310313185,0.994935602738244,2.12267698606015,0.459920514805102,0.421159969374048,0.197196451262528,0.56833767750441,1.38462775680143,13360,0.121454545454545,tier2,69,N America,stable,other (new)
Bangkok Basin (Lower Chao Phraya Basin),1920,-0.555738426351365,0.389055291105458,-0.86507570337405,-0.0996878753008643,1.05177746934691,0.239587546459653,0.122001540939768,0.226577525371899,0.126288494434138,0.700069084046886,13316,0.121054545454545,tier2,72,Other,shallowing,other (new)
Gypsum Hills,1920,-0.747661131310711,1.04042065323663,-1.99076717523836,0.002102433485381,2.76571255760503,0.639050043691129,0.274581582978807,0.593831583550711,0.399254904470154,1.39156712802856,13266,0.1206,tier2,10,N America,stable,other (new)
Clarence-Moreton Basin and Cecil Plains (Great Artesian Basin),1920,0.223389811008233,0.223338029534468,0.00602848123648774,0.465997906622774,0.700637111871716,0.147386006209405,0.10877582414239,0.104536366497839,0.207850102701433,0.999768201273231,13238,0.120345454545455,tier2,488,Oceania,stable,other (new)
Hetao Basin,1920,-0.348682395156122,0.246323666689343,-0.596246059245716,-0.0350111616082404,0.939400150624754,0.173114260362108,0.129230546049406,0.125023194697802,0.165814927419198,0.70644136357688,13190,0.119909090909091,tier2,1,E Asia,stable,other (new)
Western C Aquifer (The C Aquifer),1920,-0.490456083279394,0.389531820353129,-1.01532539909317,-0.00532755382637575,1.61161680865427,0.301375043151052,0.237514373052551,0.198772734586375,0.2790679038702,0.794223649441875,13082,0.118927272727273,tier2,17,N America,stable,other (new)
Arrowsmith and Dandaragan Plateau (Perth Basin),1920,-0.0140101173372378,0.232863449450854,-0.277499895826537,0.26082038795488,0.867627483927035,0.161876478445738,0.135695100562293,0.0982385514573522,0.218419930825984,16.6210920184031,12802,0.116381818181818,tier2,131,Oceania,shallowing,other (new)
Gambier Embayment (Otway Basin),1920,0.0174048050751409,0.250667323637104,-0.227745658876145,0.260874608914673,0.692719742342745,0.155184492207887,0.1503803274404,0.0513318642140385,0.241025940274259,14.4021908062119,12773,0.116118181818182,tier2,758,Oceania,stable,other (new)
Northern Columbia River Basin (Columbia Plateau Regional Aquifer System),1920,-0.4123189884672,0.512431577875159,-1.08360193402141,0.199803426517407,1.7776287680623,0.375157170994836,0.320196368470241,0.204620158735686,0.497526824759926,1.24280373256669,12773,0.116118181818182,tier2,9,N America,stable,other (new)
San Luis Valley (Middle Rio Grande),1920,-0.534393054399906,0.428705139243675,-1.13508403358397,-0.0514551896573365,1.64337426536976,0.319866879092404,0.263685460840925,0.193742066101522,0.315546590023846,0.802228127244445,12667,0.115154545454545,tier2,305,N America,stable,other (new)
Southern Cumberland Plateau - Pottsville Aquifer (Appalachian Plateaus),1920,0.100139394436657,0.381328435141113,-0.446401900446067,0.417220326808647,1.18019128824051,0.268336482178037,0.258098412172895,0.0834662336933855,0.317073329968539,3.80797624437723,12662,0.115109090909091,tier2,2,N America,stable,other (new)
Sylhet Basin (Bengal Basin),1920,-0.549451832020706,0.190147589864713,-0.764127890890513,-0.309937659666567,0.789745048729332,0.13816066713248,0.105411072282382,0.103151594607122,0.122889766937283,0.346067805735421,12618,0.114709090909091,tier2,21,S Asia,stable,other (new)
Tuli Karoo Aquifer,1920,-0.192708056886358,0.210137970478135,-0.373182597527021,0.195789237133567,0.764367057653339,0.175897358549465,0.0547137845828424,0.172624195225335,0.0888756185224685,1.09044724892876,12618,0.114709090909091,tier2,2,Africa,stable,other (new)
Antlers Aquifer,1920,0.0253297220523961,0.419737744056763,-0.564277927917719,0.678322425182501,1.72067952962332,0.356938853107856,0.248143271834625,0.266038904460742,0.356009376337077,16.5709573594416,12607,0.114609090909091,tier2,24,N America,stable,other (new)
New Jersey Coastal Plain (North Atlantic Coastal Plain),1920,0.0857415697205733,0.486299910092031,-0.580724930330004,0.563543895512894,1.67068846382603,0.355596763876942,0.317616841218305,0.173315574790494,0.427778564186265,5.67169357497016,12554,0.114127272727273,tier2,1007,N America,stable,other (new)
Upper Deschutes Basin,1920,-0.355991988502055,0.522620894685082,-1.04221817544994,0.0988449361351446,1.82481007551119,0.356651837850923,0.262375561152116,0.253172280592921,0.372840979267415,1.46806925876105,12455,0.113227272727273,tier2,24,N America,stable,other (new)
Southwestern Flatwoods (Floridan Aquifer System),1920,0.153310739863033,0.349557063285792,-0.392865359325169,0.462658463746992,1.25311328874376,0.260528172092413,0.243965742636249,0.112490410596627,0.323266453765018,2.28005594127382,12393,0.112663636363636,tier2,207,N America,stable,other (new)
Central Cumberland Plateau and Sequatchie Valley (Appalachian Plateaus),1920,0.168082316783524,0.369152989549803,-0.456810228164541,0.515552982782996,1.34750836002754,0.288549845701393,0.279685044928135,0.082742761336507,0.349584026147033,2.19626309664235,12392,0.112654545454545,tier2,2,N America,stable,other (new)
Eastern Malwa Plateau Alluvial Aquifer (Malwa Plateau),1920,-1.62355208893501,1.44807984604292,-3.1434724150917,-0.860469139214839,2.80970337867891,0.778402675547762,0.10766041344111,0.791476258322441,0.128904322663256,0.891920780313738,12262,0.111472727272727,tier2,26,S Asia,shallowing,other (new)
Northern Duero Basin (Duero Basin),1920,-0.17639877331801,0.263580790556851,-0.467630632992543,0.135498421953715,0.873221518052437,0.181977992467584,0.171014481427987,0.0678618488218369,0.259203870156496,1.49423255955227,12093,0.109936363636364,tier2,63,Europe,stable,other (new)
Central Littoral Plain (North China Plain),1920,-0.340059203353199,0.219351703067933,-0.606231017384922,-0.0573782425484779,0.732502980790871,0.157597642327347,0.114655377404984,0.115590475256278,0.168001669436232,0.645039748681954,11974,0.108854545454545,tier2,20,E Asia,deepening,other (new)
Red River Delta,1920,0.332732669961562,0.218125251750728,0.175003659831126,0.694644042738352,0.876611089915619,0.160943479122451,0.0966421234945154,0.140143874923133,0.135728331015433,0.65555706259901,11968,0.1088,tier2,24,E Asia,stable,other (new)
Tipton Till Plain (Central Lowland Till Plain),1920,0.0159382908720831,0.497639354550122,-0.62404845286415,0.511869939407335,1.6916086464995,0.345998588863491,0.282775395657622,0.210337224017963,0.398094526391404,31.2228807055949,11793,0.107209090909091,tier2,15,N America,stable,other (new)
Upper Carbonate Aquifer (Northern Midwest Aquifer System),1920,0.123401125803244,0.532609147410116,-0.536547558903646,0.687271329867571,1.84277270223456,0.376401860769337,0.281255821321674,0.259887254212459,0.350827944245551,4.31608013252108,11793,0.107209090909091,tier2,7,N America,stable,other (new)
Northern Saurashtra Deccan Trap Basalts (Saurashtra Deccan Trap Basalts),1920,0.0343197871739189,0.366116758449939,-0.342453229641254,0.377457078927528,1.22428171316944,0.237417021024665,0.0991458511455079,0.228170719156509,0.116706835509998,10.6678038705371,11532,0.104836363636364,tier2,1,S Asia,deepening,other (new)
Kurnool Basin (Cuddapah Sedimentary Basin),1920,0.431610501850385,0.180656773907393,0.285918046589758,0.702880477341417,0.650039864984785,0.125499416845645,0.08443311398672,0.107159570727568,0.0991045929950035,0.418564360998835,11364,0.103309090909091,tier2,17,S Asia,deepening,other (new)
Coatzacoalcos Coastal Aquifer (Coastal Plain of Veracruz),1920,-0.305891566366434,0.355220850719809,-0.8464986817782,0.0435049884218177,1.395583927076,0.265599566477901,0.151519891516223,0.2287766876443,0.215846631319655,1.16126395683065,11209,0.1019,tier2,24,N America,stable,other (new)
Northern Nuomin-Taoer System (Songnen Plain),1920,0.644088294521193,0.490487612502951,0.298903431963334,1.2891267191046,1.40987058333102,0.309358429006222,0.12734318669892,0.29030053491924,0.172614529769874,0.761522320270659,10909,0.0991727272727273,tier2,1,E Asia,stable,other (new)
Hatfield Valley,1920,-0.0329216958769692,0.717141540558445,-0.964655151803359,0.73383599814789,2.47829823081115,0.50900274677888,0.423767243121064,0.294530234968984,0.668870395369294,21.783250268712,10899,0.0990818181818182,tier2,4,N America,stable,other (new)
Northcentral Coromandel Schist Aquifers (Coromandel Coastal Plain),1920,0.285872815165996,0.111141302070938,0.172385023086727,0.433053531744438,0.474666551474091,0.0787187005399175,0.0703137059451719,0.0523610327313171,0.100291354963969,0.388778842109914,10679,0.0970818181818182,tier2,13,S Asia,deepening,other (new)
Alsatian Aquifer and Upper Rhine Valley,1920,-0.352424016413597,0.285615404735704,-0.640558845836952,-0.00972654971398977,0.989670623807597,0.194199546956733,0.158724637084995,0.120188549419794,0.236921675354457,0.810431160856281,10659,0.0969,tier2,183,Europe,stable,other (new)
Southern Odanah Shale,1920,-0.590142966988729,1.22799641416375,-2.16400870929325,0.472766969067495,3.63364519291071,0.818220098047545,0.724144389056463,0.399873469082755,1.16330785550089,2.08084563038977,10541,0.0958272727272727,tier2,78,N America,stable,other (new)
Eastern Satpura Basalt Aquifers (Satpura Basalts),1920,0.815431265370597,0.657421756832185,0.165938950915391,1.4053634074508,1.54571563095533,0.393124613150555,0.112775949772132,0.392126923198651,0.126964132948108,0.806225839934406,10338,0.0939818181818182,tier2,10,S Asia,deepening,other (new)
Southern Hirri Basin (Chhattisgarh Basin),1920,0.313543945588075,0.322705309600054,-0.0150151528623898,0.693315689180753,1.23423130229473,0.225962778083816,0.111151453229121,0.208293912911861,0.137931134761881,1.02921875590612,10335,0.0939545454545455,tier2,64,S Asia,stable,other (new)
Limpopo Plateau,1920,-0.132756974898241,0.137048045432338,-0.304904517898827,0.016105173948863,0.503843131360966,0.0973621403759538,0.0588053013479892,0.0829502541313325,0.0964676003322277,1.03232275017856,10209,0.0928090909090909,tier2,35,Africa,stable,other (new)
Southeastern Bengal Basin (Bengal Basin),1920,-0.350693181698746,0.196766944037592,-0.637008423375396,-0.102114018579887,0.888691359527915,0.154275610762036,0.10539533444904,0.125563062350111,0.113471877242401,0.561080038923082,10016,0.0910545454545455,tier2,29,S Asia,stable,other (new)
