estimator,aquifer_idx,study_area,tau_gw,median_rec,q25,q75,frac_neg,frac_pos,p_sign,bias,brackets,median_sign_ok,tau_stipulated_cm_yr
era5,0,Central Parana Basin and Torres Syncline (Guarani Aquifer System),-0.277010179856598,-0.105954209127675,-0.219544396558135,0.0138610353931999,0.729166666666667,0.270833333333333,0.729166666666667,0.171055970728923,FALSE,TRUE,-0.3085
era5,1,Northern Guarani Aquifer (Guarani Aquifer System),-0.123926472295637,0.168432261861065,0.0248205824182729,0.298858809943249,0.2296875,0.7703125,0.2296875,0.292358734156702,FALSE,FALSE,-0.1315
era5,2,Southwestern Chaco-Lower Parana Basin (Guarani Aquifer System),-0.28738312471001,-0.0919443323939578,-0.256052873344791,0.0645141318296629,0.654166666666667,0.345833333333333,0.654166666666667,0.195438792316052,FALSE,TRUE,-0.3266
era5,3,Amazonas Basin and Alter de Chao Aquifer System (Amazon Aquifer System),-1.0323077771439,-0.266426764305931,-0.5374836149186,-0.136799135945823,0.946875,0.053125,0.946875,0.765881012837971,FALSE,TRUE,-1.3532
era5,4,Poolowanna Trough and Western Eromanga Basin (Great Artesian Basin),-0.310719975778223,-0.579923016657023,-0.678905077050755,-0.481430699633588,1,0,1,-0.2692030408788,FALSE,TRUE,-0.1957
era5,5,Eastern Eromanga Basin (Great Artesian Basin),-0.866490385496745,-0.714206615520403,-0.976707084021813,-0.576851515998613,1,0,1,0.152283769976342,TRUE,TRUE,-0.8111
era5,6,Northern Eromanga Basin (Great Artesian Basin),-2.29452584545237,-1.04919116590977,-1.34978539892041,-0.881506667221667,1,0,1,1.2453346795426,FALSE,TRUE,-2.6775
era5,7,Northern High Plains (High Plains),-0.253016634810256,-0.0609055590534623,-0.265811389418815,0.117295590035292,0.608333333333333,0.391666666666667,0.608333333333333,0.192111075756794,TRUE,TRUE,-0.2914
era5,8,Williston Basin (Northern Great Plains),-0.616874212318743,-0.619530501495908,-0.923856578730641,-0.335104446830779,0.919791666666667,0.0802083333333333,0.919791666666667,-0.00265628917716432,TRUE,TRUE,-0.7239
era5,9,Central Eromanga Depocenter (Great Artesian Basin),-1.75799068421252,-0.924214779273584,-1.156015929869,-0.758431178060222,1,0,1,0.83377590493894,FALSE,TRUE,-1.9035
era5,10,Western Parecis Basin (Parecis Basin),-0.919660549852969,-0.484863223292179,-0.689959985523178,-0.354698467945785,1,0,1,0.434797326560791,FALSE,TRUE,-1.141
era5,11,Upper Gangetic Plain (Indo-Gangetic Plain),-1.40041201141126,-0.592321796794205,-0.903430000537312,-0.453836792665688,0.996875,0.003125,0.996875,0.808090214617052,FALSE,TRUE,-1.6989
era5,12,Stampriet Kalahari Karoo Aquifer System,-0.0637631813158569,0.00793022834973442,-0.11075186755131,0.181552766194351,0.478125,0.521875,0.478125,0.0716934096655913,TRUE,FALSE,-0.0788
era5,13,Northcentral Mega Aquifer System (Mega Aquifer System),-0.130407550589928,-0.372317116582693,-0.494676555012424,-0.303635923149753,1,0,1,-0.241909565992765,FALSE,TRUE,-0.1473
era5,14,Ozark Plateaus Aquifer System,-1.72916843380832,-0.554122824366408,-0.903861524649627,-0.27889465759371,0.979166666666667,0.0208333333333333,0.979166666666667,1.17504560944191,FALSE,TRUE,-2.0149
era5,15,Western Karoo Basin (Main Karoo Basin),-2.34403768902184,-0.591750723933397,-1.17421433641694,-0.44433256521651,1,0,1,1.75228696508844,FALSE,TRUE,-3
era5,16,Middle Gangetic Plain (Indo-Gangetic Plain),-0.125551843320866,-0.138190490995863,-0.243076565469926,0.00710410095081059,0.740104166666667,0.259895833333333,0.740104166666667,-0.0126386476749977,TRUE,TRUE,-0.05
era5,17,Northern Mega Aquifer System (Mega Aquifer System),-0.115528431098234,-0.227664009038024,-0.311137269831548,-0.16234652634512,0.9734375,0.0265625,0.9734375,-0.112135577939791,FALSE,TRUE,-0.1392
era5,18,Canning Basin,-0.40947757029745,-0.260856862631255,-0.40646207155636,-0.196018544724173,0.990104166666667,0.00989583333333333,0.990104166666667,0.148620707666195,FALSE,TRUE,-0.5448
era5,19,Central Karoo Basin (Main Karoo Basin),-0.203710046337612,-0.243679648006856,-0.379260588940626,-0.15450134785017,0.983333333333333,0.0166666666666667,0.983333333333333,-0.0399696016692448,TRUE,TRUE,-0.1173
era5,20,Southern Carpentaria Basin (Great Artesian Basin),-0.28941627949501,-0.447923459666721,-0.580257153106639,-0.304495894620887,0.85,0.15,0.85,-0.158507180171711,FALSE,TRUE,-0.1747
era5,21,Eastern Parecis Basin (Parecis Basin),-0.837469463576525,-0.220708525500081,-0.335845160902771,-0.104585326734243,0.902083333333333,0.0979166666666667,0.902083333333333,0.616760938076444,FALSE,TRUE,-1.0183
era5,22,Eastern Poti and Piaui and Cabecas and Serra Grande Aquifers (Parnaiba Basin),-0.33991238224853,0.26166966614669,0.183031959722597,0.339100625691917,0.0484375,0.9515625,0.0484375,0.601582048395221,FALSE,FALSE,-0.4593
era5,23,Wiso Basin (Daly-Wiso-Georgina Basins),-0.633721754525257,-0.100198246817515,-0.226063625519191,-0.0431211422962048,0.880729166666667,0.119270833333333,0.880729166666667,0.533523507707743,FALSE,TRUE,-0.8586
era5,24,Northern Georgina Basin (Daly-Wiso-Georgina Basins),-0.100423068799875,-0.239697991744855,-0.387996426539965,-0.147559251589771,0.930208333333333,0.0697916666666667,0.930208333333333,-0.13927492294498,FALSE,TRUE,-0.0834
era5,25,Dakota Aquifer System,-0.189428682640584,-0.550583454830403,-0.79420793275397,-0.303908572261701,0.9375,0.0625,0.9375,-0.361154772189819,FALSE,TRUE,-0.2072
era5,26,Arckaringa Basin and Southwestern Great Artesian Basin (Great Artesian Basin),-0.0822027424402772,-0.309111399587939,-0.415649257624568,-0.213807861928331,0.936979166666667,0.0630208333333333,0.936979166666667,-0.226908657147661,FALSE,TRUE,-0.0883
era5,27,Trans Gangetic Plain (Indo-Gangetic Plain),-0.943344193847052,-0.725094718269235,-1.12701311627053,-0.536832497913687,1,0,1,0.218249475577816,TRUE,TRUE,-1.0779
era5,28,Southcentral Mega Aquifer System (Mega Aquifer System),-0.202575612193466,-0.000600877040546122,-0.0878506235209413,0.0884817407722378,0.500520833333333,0.499479166666667,0.500520833333333,0.20197473515292,FALSE,TRUE,-0.2753
era5,29,Central Mississippi Embayment (Mississippi Embayment),-2.02554252923471,-0.681458080202775,-1.09520354551852,-0.369444628419319,1,0,1,1.34408444903193,FALSE,TRUE,-2.5295
era5,30,Northern Karoo Basin (Main Karoo Basin),-0.208061309120025,-0.318789568419044,-0.420739742504735,-0.235146393045874,0.93125,0.06875,0.93125,-0.110728259299019,FALSE,TRUE,-0.0529
era5,31,Mississippian-Silurian-Devonian Carbonates (Northern Midwest Aquifer System),-0.18628133260784,-0.0282526231639486,-0.45718134072447,0.152605331942277,0.5390625,0.4609375,0.5390625,0.158028709443891,TRUE,TRUE,-0.2457
era5,32,Staten River Embayment and Central Carpentaria Basin (Great Artesian Basin),-1.02840917912348,-0.468960726844007,-0.608818422593239,-0.322027372708379,0.974479166666667,0.0255208333333333,0.974479166666667,0.559448452279473,FALSE,TRUE,-1.4324
era5,33,Central Dharwar Craton Banded Gneiss Complex (Dharwar Craton Banded Gneiss Complex),-0.0643158301943879,-0.853698895237269,-0.995062649551956,-0.601317779628733,0.93125,0.06875,0.93125,-0.78938306504288,FALSE,TRUE,-0.0703
era5,34,Central Huaihe Plain (Huaihe River Basin),-0.504273229354172,0.227763202849721,0.0509486386472753,0.385924499626471,0.197916666666667,0.802083333333333,0.197916666666667,0.732036432203893,FALSE,FALSE,-0.6839
era5,35,Central Minnesota Surficial and Buried Sand and Gravel Aquifers,-1.00473079384545,-0.755586181931323,-1.17131389914304,-0.384313297108135,0.9703125,0.0296875,0.9703125,0.249144611914127,TRUE,TRUE,-1.2784
era5,36,Southern High Plains (High Plains),-0.311300787986317,0.318368008113575,0.0145389130802864,0.462881013014687,0.243229166666667,0.756770833333333,0.243229166666667,0.629668796099892,FALSE,FALSE,-0.3659
era5,37,Southcentral Karoo Basin (Main Karoo Basin),-1.1157887726878,-0.451525027622543,-0.714486970679832,-0.298290006765105,0.966666666666667,0.0333333333333333,0.966666666666667,0.66426374506526,FALSE,TRUE,-1.2077
era5,38,Central High Plains (High Plains),-1.19662847190973,0.137853567329179,-0.24110337901783,0.297833742932666,0.368229166666667,0.631770833333333,0.368229166666667,1.33448203923891,FALSE,FALSE,-1.7983
era5,39,Lower Liaohe River Plain (Liaohe River Basin),-0.0471755910833669,-0.167882930719107,-0.263390984983558,-0.0371525656840932,0.791145833333333,0.208854166666667,0.791145833333333,-0.12070733963574,TRUE,TRUE,-0.056
era5,40,Wadi As-Sirhan Basin,-0.0498452816378775,-0.0242857420928656,-0.107369681908501,0.0565656408629597,0.586979166666667,0.413020833333333,0.586979166666667,0.0255595395450119,TRUE,TRUE,-0.0744
era5,41,Eastern Saq Aquifer (Ram-Saq Aquifer System),-0.94414589323051,-0.313686591159389,-0.430917812364069,-0.245889870711166,0.95,0.05,0.95,0.630459302071122,FALSE,TRUE,-1.5162
era5,42,Trinity Aquifer System (Edwards-Trinity Aquifer System),-0.125031833316488,0.137178750178199,-0.0635908612569658,0.285777678127278,0.301041666666667,0.698958333333333,0.301041666666667,0.262210583494687,FALSE,FALSE,-0.1849
era5,43,Wisconsin Precambrian Aquifer,-0.179052329564541,-0.372076197376306,-0.654103068310968,-0.135447576117561,0.8546875,0.1453125,0.8546875,-0.193023867811765,TRUE,TRUE,-0.165
era5,44,Lafayette Area (Gulf Coast Regional Aquifer System),-1.99925379305196,-0.164010645754762,-0.438847139095411,-0.00764102721138592,0.7640625,0.2359375,0.7640625,1.8352431472972,FALSE,TRUE,-2.8342
era5,45,Paskapoo-Scollard,-0.0402741666665767,0.0739374571307727,-0.361006815727489,0.326286689184628,0.4390625,0.5609375,0.4390625,0.114211623797349,TRUE,FALSE,-0.0593
era5,46,Western Surat Basin (Great Artesian Basin),-1.58514343309429,-0.439518987779211,-0.559945109562829,-0.338610413038307,0.93125,0.06875,0.93125,1.14562444531508,FALSE,TRUE,-2.1328
era5,47,Coonamble Embayment (Great Artesian Basin),-0.20019387158101,-0.225321003411605,-0.308556288164623,-0.0263156452047443,0.767708333333333,0.232291666666667,0.767708333333333,-0.0251271318305946,TRUE,TRUE,-0.1242
era5,48,Mimosa Syncline and Eastern Surat Basin (Great Artesian Basin),-0.44136895627299,-0.480553156213158,-0.583981847261931,-0.349434059059588,0.8609375,0.1390625,0.8609375,-0.0391841999401686,TRUE,TRUE,-0.3873
era5,49,Wuyuer-Shuangyang System (Songnen Plain),-0.300090815923139,-0.266805120907599,-0.402504677702006,-0.104285381968273,0.842708333333333,0.157291666666667,0.842708333333333,0.0332856950155405,TRUE,TRUE,-0.4339
era5,50,Powder River Basin (Northern Great Plains),-0.289783016952721,-0.160419223322662,-0.666559757244343,0.0170906795197534,0.715104166666667,0.284895833333333,0.715104166666667,0.129363793630059,TRUE,TRUE,-0.3457
era5,51,Central Eucla Basin (Eucla Basin),-0.443680628338799,-0.0426292787444679,-0.115311078157365,0.0195978538892592,0.680208333333333,0.319791666666667,0.680208333333333,0.401051349594331,FALSE,TRUE,-0.7663
era5,52,Rio Grande Delta (Gulf Coast Regional Aquifer System),-0.145027800471938,0.472265368044187,0.224109352887367,0.632711559610827,0.0802083333333333,0.919791666666667,0.0802083333333333,0.617293168516125,FALSE,FALSE,-0.2322
era5,53,Michigan Basin,-0.0646455762359169,-0.0999288343813742,-0.40549191729963,0.134623255728165,0.6390625,0.3609375,0.6390625,-0.0352832581454573,TRUE,TRUE,-0.0935
era5,54,Southern Piedmont Upland (Piedmont Plateau),-0.367003147862189,-0.113615616594698,-0.28338198717769,0.170114174683298,0.6375,0.3625,0.6375,0.253387531267491,FALSE,TRUE,-0.5147
era5,55,Eastern Huaihe Plain (Huaihe River Basin),-0.257007617875508,-0.0562947803632532,-0.297996997557479,0.0902150820666005,0.609375,0.390625,0.609375,0.200712837512255,TRUE,TRUE,-0.0628
era5,56,Northern Dharwar Craton Banded Gneiss Complex (Dharwar Craton Banded Gneiss Complex),-0.109526203100072,-0.577328917006085,-0.747452905971186,-0.431035555847595,0.995833333333333,0.00416666666666667,0.995833333333333,-0.467802713906014,FALSE,TRUE,-0.1559
era5,57,Eastern Mississippi Embayment (Mississippi Embayment),-0.679399638063679,-0.586015332677655,-0.919729801334529,-0.272466637943871,0.977604166666667,0.0223958333333333,0.977604166666667,0.0933843053860237,TRUE,TRUE,-0.4862
era5,58,Western Cambrian-Ordovician Aquifers (Northern Midwest Aquifer System),-0.533572579262345,-0.571825977870805,-0.838712980811725,-0.290771952466621,0.875,0.125,0.875,-0.0382533986084597,TRUE,TRUE,-0.6461
era5,59,Southeastern System (Amadeus Basin),-1.06569585147493,-0.0920218425747192,-0.206726014492997,0.00351763602760935,0.74375,0.25625,0.74375,0.973674008900208,FALSE,TRUE,-1.6049
era5,60,Edwards Plateau (Edwards-Trinity Aquifer System),-0.0762709983541942,-0.0301306788202796,-0.388497162333249,0.228340788049146,0.527604166666667,0.472395833333333,0.527604166666667,0.0461403195339146,TRUE,TRUE,-0.0989
era5,61,Southcentral Deccan Basalt Plateau (Deccan Plateau),-0.266941214732763,-0.388354120986302,-0.560602274960096,-0.0663927075588374,0.76875,0.23125,0.76875,-0.121412906253539,TRUE,TRUE,-0.41
era5,62,Eastside Lower Indus Valley (Indus Basin),-0.197308626238934,-0.195292429378303,-0.309284480940485,-0.0637031039933429,0.819791666666667,0.180208333333333,0.819791666666667,0.00201619686063109,TRUE,TRUE,-0.2601
era5,63,Central Piedmont Upland (Piedmont Plateau),-0.045717336934691,-0.219221830838462,-0.616111185261015,-0.034971556720053,0.796354166666667,0.203645833333333,0.796354166666667,-0.173504493903771,TRUE,TRUE,-0.0664
era5,64,Eastern Carrizo-Wilcox (Carrizo-Wilcox),-0.625986197695278,-0.393124805908144,-0.703076430018974,-0.275460239159753,0.941666666666667,0.0583333333333333,0.941666666666667,0.232861391787134,TRUE,TRUE,-0.5767
era5,65,Jiangsu Coastal Plain (Huaihe River Basin),-1.53074533852398,-0.287234527494039,-0.45352778639746,-0.155140131013443,0.913020833333333,0.0869791666666667,0.913020833333333,1.24351081102994,FALSE,TRUE,-2.3897
era5,66,Eastern Cambrian-Ordovician Aquifers (Northern Midwest Aquifer System),-0.13625760314877,0.0375157859059824,-0.238457912633335,0.169749895074331,0.470833333333333,0.529166666666667,0.470833333333333,0.173773389054752,TRUE,FALSE,-0.1047
era5,67,Northcentral Deccan Basalt Plateau (Deccan Plateau),-0.0880265620017594,-0.244721741927564,-0.377132910536407,-0.0680726434987039,0.817708333333333,0.182291666666667,0.817708333333333,-0.156695179925804,TRUE,TRUE,-0.1108
era5,68,Eastside Middle Indus Plain (Indus Basin),-1.39726569754714,-0.436961951331074,-0.599020282791479,-0.321417800000091,0.957291666666667,0.0427083333333333,0.957291666666667,0.960303746216063,FALSE,TRUE,-2.2576
era5,69,Central Allegheny Plateau (Appalachian Plateaus),-0.62209753501434,0.0195583791064423,-0.259706591871327,0.239146254771246,0.478645833333333,0.521354166666667,0.478645833333333,0.641655914120783,FALSE,FALSE,-0.962
era5,70,Northeastern Karoo Basin (Main Karoo Basin),-0.612016620031773,0.0547049315996166,-0.0424340473813513,0.173850603644325,0.336979166666667,0.663020833333333,0.336979166666667,0.666721551631389,FALSE,FALSE,-0.9089
era5,71,Southern Riverine Plains (Murray Basin),-0.142284495136856,-0.00846045288063887,-0.106464598985991,0.108507358799515,0.522395833333333,0.477604166666667,0.522395833333333,0.133824042256217,FALSE,TRUE,-0.2193
era5,72,Black Warrior River Aquifer System (Eutaw and McShan Formations and Tuscaloosa Group),-0.468278839327796,-0.279012723809421,-0.563319183510073,-0.137837751642127,0.903125,0.096875,0.903125,0.189266115518374,TRUE,TRUE,-0.6104
gldas,0,Central Parana Basin and Torres Syncline (Guarani Aquifer System),-0.277010179856598,-0.197995736513137,-0.311585923943597,-0.0781804919922622,0.857291666666667,0.142708333333333,0.857291666666667,0.079014443343461,TRUE,TRUE,-0.3085
gldas,1,Northern Guarani Aquifer (Guarani Aquifer System),-0.123926472295637,-0.406124170525758,-0.54973584996855,-0.275697622443574,0.998958333333333,0.00104166666666667,0.998958333333333,-0.282197698230121,FALSE,TRUE,-0.1315
gldas,2,Southwestern Chaco-Lower Parana Basin (Guarani Aquifer System),-0.28738312471001,-0.447252483890724,-0.611361024841557,-0.290794019667103,0.988020833333333,0.0119791666666667,0.988020833333333,-0.159869359180714,FALSE,TRUE,-0.3266
gldas,3,Amazonas Basin and Alter de Chao Aquifer System (Amazon Aquifer System),-1.0323077771439,-0.468651147934922,-0.739707998547592,-0.339023519574815,1,0,1,0.563656629208979,FALSE,TRUE,-1.3532
gldas,4,Poolowanna Trough and Western Eromanga Basin (Great Artesian Basin),-0.310719975778223,-0.446828890533203,-0.545810950926935,-0.348336573509767,0.9953125,0.0046875,0.9953125,-0.136108914754979,FALSE,TRUE,-0.1957
gldas,5,Eastern Eromanga Basin (Great Artesian Basin),-0.866490385496745,-0.689271048510821,-0.95177151701223,-0.55191594898903,1,0,1,0.177219336985924,TRUE,TRUE,-0.8111
gldas,6,Northern Eromanga Basin (Great Artesian Basin),-2.29452584545237,-0.782983340292115,-1.08357757330276,-0.615298841604015,1,0,1,1.51154250516025,FALSE,TRUE,-2.6775
gldas,7,Northern High Plains (High Plains),-0.253016634810256,0.0384014024840422,-0.16650442788131,0.216602551572797,0.425,0.575,0.425,0.291418037294298,FALSE,FALSE,-0.2914
gldas,8,Williston Basin (Northern Great Plains),-0.616874212318743,-0.662272697710901,-0.966598774945635,-0.377846643045772,0.938541666666667,0.0614583333333333,0.938541666666667,-0.0453984853921577,TRUE,TRUE,-0.7239
gldas,9,Central Eromanga Depocenter (Great Artesian Basin),-1.75799068421252,-0.869149996065394,-1.1009511466608,-0.703366394852032,1,0,1,0.88884068814713,FALSE,TRUE,-1.9035
gldas,10,Western Parecis Basin (Parecis Basin),-0.919660549852969,-0.330290065667553,-0.535386827898552,-0.200125310321159,0.991666666666667,0.00833333333333333,0.991666666666667,0.589370484185416,FALSE,TRUE,-1.141
gldas,11,Upper Gangetic Plain (Indo-Gangetic Plain),-1.40041201141126,-0.377744018346612,-0.688852222089719,-0.239259014218095,0.972916666666667,0.0270833333333333,0.972916666666667,1.02266799306465,FALSE,TRUE,-1.6989
gldas,12,Stampriet Kalahari Karoo Aquifer System,-0.0637631813158569,0.627847148917631,0.509165053016587,0.801469686762248,0,1,0,0.691610330233488,FALSE,FALSE,-0.0788
gldas,13,Northcentral Mega Aquifer System (Mega Aquifer System),-0.130407550589928,-0.281513251926813,-0.403872690356544,-0.212832058493873,1,0,1,-0.151105701336885,FALSE,TRUE,-0.1473
gldas,14,Ozark Plateaus Aquifer System,-1.72916843380832,-0.39402364304051,-0.743762343323729,-0.118795476267812,0.883333333333333,0.116666666666667,0.883333333333333,1.33514479076781,FALSE,TRUE,-2.0149
gldas,15,Western Karoo Basin (Main Karoo Basin),-2.34403768902184,-0.375343054111898,-0.957806666595444,-0.227924895395011,0.96875,0.03125,0.96875,1.96869463490994,FALSE,TRUE,-3
gldas,16,Middle Gangetic Plain (Indo-Gangetic Plain),-0.125551843320866,-0.0208353851185098,-0.125721459592573,0.124459206828164,0.542708333333333,0.457291666666667,0.542708333333333,0.104716458202356,TRUE,TRUE,-0.05
gldas,17,Northern Mega Aquifer System (Mega Aquifer System),-0.115528431098234,-0.246382457989673,-0.329855718783197,-0.181064975296769,0.981770833333333,0.0182291666666667,0.981770833333333,-0.13085402689144,FALSE,TRUE,-0.1392
gldas,18,Canning Basin,-0.40947757029745,-0.0807783165231067,-0.226383525448212,-0.0159399986160241,0.801041666666667,0.198958333333333,0.801041666666667,0.328699253774343,FALSE,TRUE,-0.5448
gldas,19,Central Karoo Basin (Main Karoo Basin),-0.203710046337612,-0.00968311079078479,-0.145264051724555,0.0794951893659016,0.5265625,0.4734375,0.5265625,0.194026935546827,FALSE,TRUE,-0.1173
gldas,20,Southern Carpentaria Basin (Great Artesian Basin),-0.28941627949501,-0.102625978466624,-0.234959671906542,0.0408015865792093,0.69375,0.30625,0.69375,0.186790301028385,FALSE,TRUE,-0.1747
gldas,21,Eastern Parecis Basin (Parecis Basin),-0.837469463576525,-0.234746961702139,-0.349883597104829,-0.118623762936301,0.9125,0.0875,0.9125,0.602722501874385,FALSE,TRUE,-1.0183
gldas,22,Eastern Poti and Piaui and Cabecas and Serra Grande Aquifers (Parnaiba Basin),-0.33991238224853,-0.241011986743489,-0.319649693167582,-0.163581027198262,0.903645833333333,0.0963541666666667,0.903645833333333,0.0989003955050417,FALSE,TRUE,-0.4593
gldas,23,Wiso Basin (Daly-Wiso-Georgina Basins),-0.633721754525257,-0.0367766052403866,-0.162641983942063,0.0203004992809231,0.660416666666667,0.339583333333333,0.660416666666667,0.596945149284871,FALSE,TRUE,-0.8586
gldas,24,Northern Georgina Basin (Daly-Wiso-Georgina Basins),-0.100423068799875,0.00826755628513315,-0.140030878509977,0.100406296440217,0.477083333333333,0.522916666666667,0.477083333333333,0.108690625085008,TRUE,FALSE,-0.0834
gldas,25,Dakota Aquifer System,-0.189428682640584,-0.339659214596906,-0.583283692520474,-0.0929843320282043,0.847916666666667,0.152083333333333,0.847916666666667,-0.150230531956322,TRUE,TRUE,-0.2072
gldas,26,Arckaringa Basin and Southwestern Great Artesian Basin (Great Artesian Basin),-0.0822027424402772,-0.208851142532111,-0.31538900056874,-0.113547604872503,0.872916666666667,0.127083333333333,0.872916666666667,-0.126648400091833,FALSE,TRUE,-0.0883
gldas,27,Trans Gangetic Plain (Indo-Gangetic Plain),-0.943344193847052,-0.741143620978306,-1.1430620189796,-0.552881400622758,1,0,1,0.202200572868745,TRUE,TRUE,-1.0779
gldas,28,Southcentral Mega Aquifer System (Mega Aquifer System),-0.202575612193466,-0.391738684904568,-0.478988431384963,-0.302656067091784,0.926041666666667,0.0739583333333333,0.926041666666667,-0.189163072711102,FALSE,TRUE,-0.2753
gldas,29,Central Mississippi Embayment (Mississippi Embayment),-2.02554252923471,-0.356264494719769,-0.770009960035515,-0.0442510429363132,0.8015625,0.1984375,0.8015625,1.66927803451494,FALSE,TRUE,-2.5295
gldas,30,Northern Karoo Basin (Main Karoo Basin),-0.208061309120025,0.0822825382486606,-0.0196676358370307,0.165925713621831,0.291145833333333,0.708854166666667,0.291145833333333,0.290343847368686,FALSE,FALSE,-0.0529
gldas,31,Mississippian-Silurian-Devonian Carbonates (Northern Midwest Aquifer System),-0.18628133260784,0.227491710167827,-0.201437007392695,0.408349665274052,0.344791666666667,0.655208333333333,0.344791666666667,0.413773042775666,TRUE,FALSE,-0.2457
gldas,32,Staten River Embayment and Central Carpentaria Basin (Great Artesian Basin),-1.02840917912348,-0.0165609274504569,-0.156418623199689,0.130372426685171,0.528645833333333,0.471354166666667,0.528645833333333,1.01184825167302,FALSE,TRUE,-1.4324
gldas,33,Central Dharwar Craton Banded Gneiss Complex (Dharwar Craton Banded Gneiss Complex),-0.0643158301943879,0.429988312649353,0.288624558334666,0.682369428257888,0.0234375,0.9765625,0.0234375,0.494304142843741,FALSE,FALSE,-0.0703
gldas,34,Central Huaihe Plain (Huaihe River Basin),-0.504273229354172,-0.346402649014467,-0.523217213216913,-0.188241352237717,0.90625,0.09375,0.90625,0.157870580339705,TRUE,TRUE,-0.6839
gldas,35,Central Minnesota Surficial and Buried Sand and Gravel Aquifers,-1.00473079384545,-0.479579685145564,-0.895307402357277,-0.108306800322376,0.813020833333333,0.186979166666667,0.813020833333333,0.525151108699887,FALSE,TRUE,-1.2784
gldas,36,Southern High Plains (High Plains),-0.311300787986317,0.18162906112246,-0.122200033910829,0.326142066023573,0.31875,0.68125,0.31875,0.492929849108777,FALSE,FALSE,-0.3659
gldas,37,Southcentral Karoo Basin (Main Karoo Basin),-1.1157887726878,-0.305487925037325,-0.568449868094615,-0.152252904179888,0.951041666666667,0.0489583333333333,0.951041666666667,0.810300847650478,FALSE,TRUE,-1.2077
gldas,38,Central High Plains (High Plains),-1.19662847190973,0.114773731778938,-0.264183214568071,0.274753907382425,0.373958333333333,0.626041666666667,0.373958333333333,1.31140220368867,FALSE,FALSE,-1.7983
gldas,39,Lower Liaohe River Plain (Liaohe River Basin),-0.0471755910833669,-0.286559582140015,-0.382067636404466,-0.155829217105001,0.921875,0.078125,0.921875,-0.239383991056648,FALSE,TRUE,-0.056
gldas,40,Wadi As-Sirhan Basin,-0.0498452816378775,-0.607128563152494,-0.690212502968129,-0.526277180196669,0.916666666666667,0.0833333333333333,0.916666666666667,-0.557283281514617,FALSE,TRUE,-0.0744
gldas,41,Eastern Saq Aquifer (Ram-Saq Aquifer System),-0.94414589323051,-0.418039231236099,-0.535270452440779,-0.350242510787876,0.959375,0.040625,0.959375,0.526106661994411,FALSE,TRUE,-1.5162
gldas,42,Trinity Aquifer System (Edwards-Trinity Aquifer System),-0.125031833316488,0.31108212746964,0.110312516034475,0.459681055418719,0.209895833333333,0.790104166666667,0.209895833333333,0.436113960786128,FALSE,FALSE,-0.1849
gldas,43,Wisconsin Precambrian Aquifer,-0.179052329564541,-0.031208743680078,-0.313235614614741,0.205419877578666,0.535416666666667,0.464583333333333,0.535416666666667,0.147843585884463,TRUE,TRUE,-0.165
gldas,44,Lafayette Area (Gulf Coast Regional Aquifer System),-1.99925379305196,0.095806513016601,-0.179029980324048,0.252176131559977,0.380729166666667,0.619270833333333,0.380729166666667,2.09506030606856,FALSE,FALSE,-2.8342
gldas,45,Paskapoo-Scollard,-0.0402741666665767,0.514007937966753,0.0790636651084906,0.766357170020608,0.177083333333333,0.822916666666667,0.177083333333333,0.554282104633329,FALSE,FALSE,-0.0593
gldas,46,Western Surat Basin (Great Artesian Basin),-1.58514343309429,-0.309477314422364,-0.429903436205981,-0.20856873968146,0.8890625,0.1109375,0.8890625,1.27566611867193,FALSE,TRUE,-2.1328
gldas,47,Coonamble Embayment (Great Artesian Basin),-0.20019387158101,-0.0807528933515161,-0.163988178104534,0.118252464855344,0.646875,0.353125,0.646875,0.119440978229494,FALSE,TRUE,-0.1242
gldas,48,Mimosa Syncline and Eastern Surat Basin (Great Artesian Basin),-0.44136895627299,-0.119058651065816,-0.222487342114588,0.012060446087754,0.736458333333333,0.263541666666667,0.736458333333333,0.322310305207174,FALSE,TRUE,-0.3873
gldas,49,Wuyuer-Shuangyang System (Songnen Plain),-0.300090815923139,-0.189187064492328,-0.324886621286735,-0.0266673255530021,0.768229166666667,0.231770833333333,0.768229166666667,0.110903751430811,TRUE,TRUE,-0.4339
gldas,50,Powder River Basin (Northern Great Plains),-0.289783016952721,-0.0507131198073202,-0.556853653729001,0.126796783035095,0.55,0.45,0.55,0.239069897145401,TRUE,TRUE,-0.3457
gldas,51,Central Eucla Basin (Eucla Basin),-0.443680628338799,0.010770523239136,-0.0619112761737606,0.0729976558728632,0.458333333333333,0.541666666666667,0.458333333333333,0.454451151577935,FALSE,FALSE,-0.7663
gldas,52,Rio Grande Delta (Gulf Coast Regional Aquifer System),-0.145027800471938,0.523012297686465,0.274856282529646,0.683458489253105,0.0625,0.9375,0.0625,0.668040098158403,FALSE,FALSE,-0.2322
gldas,53,Michigan Basin,-0.0646455762359169,0.232465833616348,-0.0730972493019075,0.467017923725888,0.301041666666667,0.698958333333333,0.301041666666667,0.297111409852265,TRUE,FALSE,-0.0935
gldas,54,Southern Piedmont Upland (Piedmont Plateau),-0.367003147862189,0.0279028272264482,-0.141863543356544,0.311632618504444,0.458854166666667,0.541145833333333,0.458854166666667,0.394905975088637,FALSE,FALSE,-0.5147
gldas,55,Eastern Huaihe Plain (Huaihe River Basin),-0.257007617875508,-0.521526555813904,-0.763228773008129,-0.37501669338405,1,0,1,-0.264518937938396,FALSE,TRUE,-0.0628
gldas,56,Northern Dharwar Craton Banded Gneiss Complex (Dharwar Craton Banded Gneiss Complex),-0.109526203100072,0.251644291235357,0.0815203022702558,0.397937652393847,0.194791666666667,0.805208333333333,0.194791666666667,0.361170494335428,FALSE,FALSE,-0.1559
gldas,57,Eastern Mississippi Embayment (Mississippi Embayment),-0.679399638063679,-0.415934725322703,-0.749649193979578,-0.102386030588919,0.8578125,0.1421875,0.8578125,0.263464912740976,TRUE,TRUE,-0.4862
gldas,58,Western Cambrian-Ordovician Aquifers (Northern Midwest Aquifer System),-0.533572579262345,-0.266601761539342,-0.533488764480262,0.0144522638648425,0.738541666666667,0.261458333333333,0.738541666666667,0.266970817723004,FALSE,TRUE,-0.6461
gldas,59,Southeastern System (Amadeus Basin),-1.06569585147493,-0.135957788761489,-0.250661960679766,-0.04041831015916,0.805208333333333,0.194791666666667,0.805208333333333,0.929738062713439,FALSE,TRUE,-1.6049
gldas,60,Edwards Plateau (Edwards-Trinity Aquifer System),-0.0762709983541942,0.206569982445002,-0.151796501067967,0.465041449314428,0.290625,0.709375,0.290625,0.282840980799196,TRUE,FALSE,-0.0989
gldas,61,Southcentral Deccan Basalt Plateau (Deccan Plateau),-0.266941214732763,0.393729613340262,0.221481459366468,0.715691026767727,0.0270833333333333,0.972916666666667,0.0270833333333333,0.660670828073025,FALSE,FALSE,-0.41
gldas,62,Eastside Lower Indus Valley (Indus Basin),-0.197308626238934,-0.19638640172843,-0.310378453290612,-0.0647970763434701,0.8203125,0.1796875,0.8203125,0.000922224510503888,TRUE,TRUE,-0.2601
gldas,63,Central Piedmont Upland (Piedmont Plateau),-0.045717336934691,-0.162550236900984,-0.559439591323537,0.0217000372174255,0.71875,0.28125,0.71875,-0.116832899966293,TRUE,TRUE,-0.0664
gldas,64,Eastern Carrizo-Wilcox (Carrizo-Wilcox),-0.625986197695278,-0.0423043343026667,-0.352255958413497,0.0753602324457244,0.595833333333333,0.404166666666667,0.595833333333333,0.583681863392611,FALSE,TRUE,-0.5767
gldas,65,Jiangsu Coastal Plain (Huaihe River Basin),-1.53074533852398,-0.458559924398651,-0.624853183302072,-0.326465527918056,0.966666666666667,0.0333333333333333,0.966666666666667,1.07218541412533,FALSE,TRUE,-2.3897
gldas,66,Eastern Cambrian-Ordovician Aquifers (Northern Midwest Aquifer System),-0.13625760314877,0.308873320460707,0.0328996219213904,0.441107429629056,0.241145833333333,0.758854166666667,0.241145833333333,0.445130923609477,FALSE,FALSE,-0.1047
gldas,67,Northcentral Deccan Basalt Plateau (Deccan Plateau),-0.0880265620017594,0.247027724004366,0.114616555395523,0.423676822433226,0.0729166666666667,0.927083333333333,0.0729166666666667,0.335054286006125,FALSE,FALSE,-0.1108
gldas,68,Eastside Middle Indus Plain (Indus Basin),-1.39726569754714,-0.386979897954177,-0.549038229414582,-0.271435746623194,0.945833333333333,0.0541666666666667,0.945833333333333,1.01028579959296,FALSE,TRUE,-2.2576
gldas,69,Central Allegheny Plateau (Appalachian Plateaus),-0.62209753501434,0.0838823556256677,-0.195382615352102,0.303470231290471,0.438541666666667,0.561458333333333,0.438541666666667,0.705979890640008,FALSE,FALSE,-0.962
gldas,70,Northeastern Karoo Basin (Main Karoo Basin),-0.612016620031773,0.340803454378167,0.243664475397199,0.459949126422876,0.0765625,0.9234375,0.0765625,0.95282007440994,FALSE,FALSE,-0.9089
gldas,71,Southern Riverine Plains (Murray Basin),-0.142284495136856,0.0518325671738151,-0.0461715789315369,0.168800378853969,0.374479166666667,0.625520833333333,0.374479166666667,0.194117062310671,FALSE,FALSE,-0.2193
gldas,72,Black Warrior River Aquifer System (Eutaw and McShan Formations and Tuscaloosa Group),-0.468278839327796,-0.18345103404815,-0.467757493748802,-0.0422760618808562,0.815625,0.184375,0.815625,0.284827805279645,FALSE,TRUE,-0.6104
none,0,Central Parana Basin and Torres Syncline (Guarani Aquifer System),-0.277010179856598,-0.466915203065108,-0.580505390495567,-0.347099958544233,0.994791666666667,0.00520833333333333,0.994791666666667,-0.18990502320851,FALSE,TRUE,-0.3085
none,1,Northern Guarani Aquifer (Guarani Aquifer System),-0.123926472295637,-0.795941462968984,-0.939553142411776,-0.6655149148868,1,0,1,-0.672014990673347,FALSE,TRUE,-0.1315
none,2,Southwestern Chaco-Lower Parana Basin (Guarani Aquifer System),-0.28738312471001,-0.693662379772788,-0.857770920723621,-0.537203915549167,1,0,1,-0.406279255062778,FALSE,TRUE,-0.3266
none,3,Amazonas Basin and Alter de Chao Aquifer System (Amazon Aquifer System),-1.0323077771439,-0.578792349459863,-0.849849200072532,-0.449164721099755,1,0,1,0.453515427684039,FALSE,TRUE,-1.3532
none,4,Poolowanna Trough and Western Eromanga Basin (Great Artesian Basin),-0.310719975778223,-0.520194230484234,-0.619176290877966,-0.421701913460799,1,0,1,-0.209474254706011,FALSE,TRUE,-0.1957
none,5,Eastern Eromanga Basin (Great Artesian Basin),-0.866490385496745,-0.650241136491457,-0.912741604992866,-0.512886036969666,1,0,1,0.216249249005288,TRUE,TRUE,-0.8111
none,6,Northern Eromanga Basin (Great Artesian Basin),-2.29452584545237,-0.811100874515142,-1.11169510752579,-0.643416375827042,1,0,1,1.48342497093722,FALSE,TRUE,-2.6775
none,7,Northern High Plains (High Plains),-0.253016634810256,-0.0540747344817162,-0.258980564847069,0.124126414607038,0.6015625,0.3984375,0.6015625,0.19894190032854,TRUE,TRUE,-0.2914
none,8,Williston Basin (Northern Great Plains),-0.616874212318743,-0.754457448953411,-1.05878352618814,-0.470031394288282,0.9625,0.0375,0.9625,-0.137583236634668,TRUE,TRUE,-0.7239
none,9,Central Eromanga Depocenter (Great Artesian Basin),-1.75799068421252,-0.822324916595987,-1.0541260671914,-0.656541315382625,0.997916666666667,0.00208333333333333,0.997916666666667,0.935665767616537,FALSE,TRUE,-1.9035
none,10,Western Parecis Basin (Parecis Basin),-0.919660549852969,-0.720171701843683,-0.925268464074682,-0.590006946497289,1,0,1,0.199488848009286,TRUE,TRUE,-1.141
none,11,Upper Gangetic Plain (Indo-Gangetic Plain),-1.40041201141126,-0.354315956569149,-0.665424160312257,-0.215830952440632,0.9625,0.0375,0.9625,1.04609605484211,FALSE,TRUE,-1.6989
none,12,Stampriet Kalahari Karoo Aquifer System,-0.0637631813158569,0.293521685952971,0.174839590051926,0.467144223797587,0.0166666666666667,0.983333333333333,0.0166666666666667,0.357284867268827,FALSE,FALSE,-0.0788
none,13,Northcentral Mega Aquifer System (Mega Aquifer System),-0.130407550589928,-0.328174950737768,-0.4505343891675,-0.259493757304828,1,0,1,-0.197767400147841,FALSE,TRUE,-0.1473
none,14,Ozark Plateaus Aquifer System,-1.72916843380832,-0.429521237714676,-0.779259937997895,-0.154293070941979,0.910416666666667,0.0895833333333333,0.910416666666667,1.29964719609365,FALSE,TRUE,-2.0149
none,15,Western Karoo Basin (Main Karoo Basin),-2.34403768902184,-0.565766242972914,-1.14822985545646,-0.418348084256027,1,0,1,1.77827144604892,FALSE,TRUE,-3
none,16,Middle Gangetic Plain (Indo-Gangetic Plain),-0.125551843320866,-0.0922888348526857,-0.197174909326748,0.0530057570939882,0.6671875,0.3328125,0.6671875,0.0332630084681799,TRUE,TRUE,-0.05
none,17,Northern Mega Aquifer System (Mega Aquifer System),-0.115528431098234,-0.255743528560555,-0.339216789354079,-0.190426045867651,0.985416666666667,0.0145833333333333,0.985416666666667,-0.140215097462321,FALSE,TRUE,-0.1392
none,18,Canning Basin,-0.40947757029745,-0.155637139652055,-0.301242348577161,-0.0907988217449727,0.947916666666667,0.0520833333333333,0.947916666666667,0.253840430645395,FALSE,TRUE,-0.5448
none,19,Central Karoo Basin (Main Karoo Basin),-0.203710046337612,-0.272049840531898,-0.407630781465668,-0.182871540375212,0.990104166666667,0.00989583333333333,0.990104166666667,-0.0683397941942868,TRUE,TRUE,-0.1173
none,20,Southern Carpentaria Basin (Great Artesian Basin),-0.28941627949501,-0.173237859014812,-0.30557155245473,-0.0298102939689782,0.780208333333333,0.219791666666667,0.780208333333333,0.116178420480198,TRUE,TRUE,-0.1747
none,21,Eastern Parecis Basin (Parecis Basin),-0.837469463576525,-0.511607051717058,-0.626743687119748,-0.39548385295122,0.984375,0.015625,0.984375,0.325862411859467,FALSE,TRUE,-1.0183
none,22,Eastern Poti and Piaui and Cabecas and Serra Grande Aquifers (Parnaiba Basin),-0.33991238224853,-0.339563340970463,-0.418201047394557,-0.262132381425237,0.920833333333333,0.0791666666666667,0.920833333333333,0.000349041278067008,TRUE,TRUE,-0.4593
none,23,Wiso Basin (Daly-Wiso-Georgina Basins),-0.633721754525257,-0.228676021001501,-0.354541399703178,-0.171598916480191,0.964583333333333,0.0354166666666667,0.964583333333333,0.405045733523756,FALSE,TRUE,-0.8586
none,24,Northern Georgina Basin (Daly-Wiso-Georgina Basins),-0.100423068799875,-0.231633742187985,-0.379932176983095,-0.139495002032901,0.926041666666667,0.0739583333333333,0.926041666666667,-0.13121067338811,FALSE,TRUE,-0.0834
none,25,Dakota Aquifer System,-0.189428682640584,-0.461580775929677,-0.705205253853244,-0.214905893360974,0.8984375,0.1015625,0.8984375,-0.272152093289093,FALSE,TRUE,-0.2072
none,26,Arckaringa Basin and Southwestern Great Artesian Basin (Great Artesian Basin),-0.0822027424402772,-0.255568531085896,-0.362106389122525,-0.160264993426288,0.8984375,0.1015625,0.8984375,-0.173365788645619,FALSE,TRUE,-0.0883
none,27,Trans Gangetic Plain (Indo-Gangetic Plain),-0.943344193847052,-0.525027307331025,-0.926945705332314,-0.336765086975476,1,0,1,0.418316886516027,FALSE,TRUE,-1.0779
none,28,Southcentral Mega Aquifer System (Mega Aquifer System),-0.202575612193466,-0.293928077447623,-0.381177823928018,-0.204845459634839,0.893229166666667,0.106770833333333,0.893229166666667,-0.0913524652541575,FALSE,TRUE,-0.2753
none,29,Central Mississippi Embayment (Mississippi Embayment),-2.02554252923471,-0.564931465492784,-0.97867693080853,-0.252918013709328,0.972395833333333,0.0276041666666667,0.972395833333333,1.46061106374192,FALSE,TRUE,-2.5295
none,30,Northern Karoo Basin (Main Karoo Basin),-0.208061309120025,-0.219491985590853,-0.321442159676544,-0.135848810217683,0.893229166666667,0.106770833333333,0.893229166666667,-0.011430676470828,TRUE,TRUE,-0.0529
none,31,Mississippian-Silurian-Devonian Carbonates (Northern Midwest Aquifer System),-0.18628133260784,0.0227382753683832,-0.406190442192138,0.203596230474608,0.477083333333333,0.522916666666667,0.477083333333333,0.209019607976223,TRUE,FALSE,-0.2457
none,32,Staten River Embayment and Central Carpentaria Basin (Great Artesian Basin),-1.02840917912348,-0.0354262376920932,-0.175283933441325,0.111507116443535,0.5578125,0.4421875,0.5578125,0.992982941431387,FALSE,TRUE,-1.4324
none,33,Central Dharwar Craton Banded Gneiss Complex (Dharwar Craton Banded Gneiss Complex),-0.0643158301943879,0.315783536655569,0.174419782340882,0.568164652264105,0.0453125,0.9546875,0.0453125,0.380099366849957,FALSE,FALSE,-0.0703
none,34,Central Huaihe Plain (Huaihe River Basin),-0.504273229354172,-0.442283791077145,-0.619098355279591,-0.284122494300396,0.953125,0.046875,0.953125,0.0619894382770263,TRUE,TRUE,-0.6839
none,35,Central Minnesota Surficial and Buried Sand and Gravel Aquifers,-1.00473079384545,-0.832401772141362,-1.24812948935308,-0.461128887318174,0.986458333333333,0.0135416666666667,0.986458333333333,0.172329021704089,TRUE,TRUE,-1.2784
none,36,Southern High Plains (High Plains),-0.311300787986317,0.0532048827058254,-0.250624212327464,0.197717887606937,0.4171875,0.5828125,0.4171875,0.364505670692142,FALSE,FALSE,-0.3659
none,37,Southcentral Karoo Basin (Main Karoo Basin),-1.1157887726878,-0.474351106539721,-0.737313049597011,-0.321116085682283,0.966666666666667,0.0333333333333333,0.966666666666667,0.641437666148082,FALSE,TRUE,-1.2077
none,38,Central High Plains (High Plains),-1.19662847190973,0.014311729065139,-0.364645217281869,0.174291904668627,0.4734375,0.5265625,0.4734375,1.21094020097487,FALSE,FALSE,-1.7983
none,39,Lower Liaohe River Plain (Liaohe River Basin),-0.0471755910833669,0.127149378490372,0.0316413242259208,0.257879743525385,0.2125,0.7875,0.2125,0.174324969573739,FALSE,FALSE,-0.056
none,40,Wadi As-Sirhan Basin,-0.0498452816378775,-0.3555259642511,-0.438609904066735,-0.274674581295274,0.9,0.1,0.9,-0.305680682613222,FALSE,TRUE,-0.0744
none,41,Eastern Saq Aquifer (Ram-Saq Aquifer System),-0.94414589323051,-0.386612063769199,-0.503843284973879,-0.318815343320976,0.951041666666667,0.0489583333333333,0.951041666666667,0.557533829461312,FALSE,TRUE,-1.5162
none,42,Trinity Aquifer System (Edwards-Trinity Aquifer System),-0.125031833316488,0.0981760297039973,-0.102593581731168,0.246774957653076,0.346354166666667,0.653645833333333,0.346354166666667,0.223207863020485,FALSE,FALSE,-0.1849
none,43,Wisconsin Precambrian Aquifer,-0.179052329564541,-0.217652743389506,-0.499679614324168,0.0189758778692386,0.733854166666667,0.266145833333333,0.733854166666667,-0.0386004138249647,TRUE,TRUE,-0.165
none,44,Lafayette Area (Gulf Coast Regional Aquifer System),-1.99925379305196,-0.0016831126463858,-0.276519605987035,0.15468650589699,0.502604166666667,0.497395833333333,0.502604166666667,1.99757068040557,FALSE,TRUE,-2.8342
none,45,Paskapoo-Scollard,-0.0402741666665767,0.210846764910225,-0.224097507948038,0.463195996964079,0.351041666666667,0.648958333333333,0.351041666666667,0.251120931576801,TRUE,FALSE,-0.0593
none,46,Western Surat Basin (Great Artesian Basin),-1.58514343309429,-0.346273584133673,-0.46669970591729,-0.245365009392768,0.905208333333333,0.0947916666666667,0.905208333333333,1.23886984896062,FALSE,TRUE,-2.1328
none,47,Coonamble Embayment (Great Artesian Basin),-0.20019387158101,-0.0107681716407891,-0.094003456393807,0.188237186566071,0.524479166666667,0.475520833333333,0.524479166666667,0.189425699940221,FALSE,TRUE,-0.1242
none,48,Mimosa Syncline and Eastern Surat Basin (Great Artesian Basin),-0.44136895627299,-0.266524466340159,-0.369953157388932,-0.13540536918659,0.805729166666667,0.194270833333333,0.805729166666667,0.17484448993283,FALSE,TRUE,-0.3873
none,49,Wuyuer-Shuangyang System (Songnen Plain),-0.300090815923139,0.338131740914048,0.202432184119641,0.500651479853374,0.059375,0.940625,0.059375,0.638222556837187,FALSE,FALSE,-0.4339
none,50,Powder River Basin (Northern Great Plains),-0.289783016952721,-0.0975158957477335,-0.603656429669415,0.0799940070946822,0.625520833333333,0.374479166666667,0.625520833333333,0.192267121204988,TRUE,TRUE,-0.3457
none,51,Central Eucla Basin (Eucla Basin),-0.443680628338799,-0.0769589564963353,-0.149640755909232,-0.0147318238626082,0.7890625,0.2109375,0.7890625,0.366721671842464,FALSE,TRUE,-0.7663
none,52,Rio Grande Delta (Gulf Coast Regional Aquifer System),-0.145027800471938,0.222059108178823,-0.026096906977997,0.382505299745462,0.269270833333333,0.730729166666667,0.269270833333333,0.367086908650761,FALSE,FALSE,-0.2322
none,53,Michigan Basin,-0.0646455762359169,-0.0948273753400325,-0.400390458258288,0.139724714769507,0.6359375,0.3640625,0.6359375,-0.0301817991041156,TRUE,TRUE,-0.0935
none,54,Southern Piedmont Upland (Piedmont Plateau),-0.367003147862189,0.0122268675487932,-0.157539503034199,0.295956658826789,0.480208333333333,0.519791666666667,0.480208333333333,0.379230015410982,FALSE,FALSE,-0.5147
none,55,Eastern Huaihe Plain (Huaihe River Basin),-0.257007617875508,-0.482127642701857,-0.723829859896083,-0.335617780272004,1,0,1,-0.22512002482635,FALSE,TRUE,-0.0628
none,56,Northern Dharwar Craton Banded Gneiss Complex (Dharwar Craton Banded Gneiss Complex),-0.109526203100072,0.211608546369882,0.0414845574047816,0.357901907528373,0.216666666666667,0.783333333333333,0.216666666666667,0.321134749469954,FALSE,FALSE,-0.1559
none,57,Eastern Mississippi Embayment (Mississippi Embayment),-0.679399638063679,-0.527574958851004,-0.861289427507879,-0.21402626411722,0.960416666666667,0.0395833333333333,0.960416666666667,0.151824679212675,TRUE,TRUE,-0.4862
none,58,Western Cambrian-Ordovician Aquifers (Northern Midwest Aquifer System),-0.533572579262345,-0.352302081366581,-0.619189084307501,-0.0712480559623972,0.7875,0.2125,0.7875,0.181270497895764,TRUE,TRUE,-0.6461
none,59,Southeastern System (Amadeus Basin),-1.06569585147493,-0.298366366388543,-0.413070538306821,-0.202826887786215,0.886458333333333,0.113541666666667,0.886458333333333,0.767329485086384,FALSE,TRUE,-1.6049
none,60,Edwards Plateau (Edwards-Trinity Aquifer System),-0.0762709983541942,-0.154534385952144,-0.512900869465113,0.103937080917281,0.584375,0.415625,0.584375,-0.0782633875979497,TRUE,TRUE,-0.0989
none,61,Southcentral Deccan Basalt Plateau (Deccan Plateau),-0.266941214732763,0.396066033181369,0.223817879207575,0.718027446608833,0.0270833333333333,0.972916666666667,0.0270833333333333,0.663007247914132,FALSE,FALSE,-0.41
none,62,Eastside Lower Indus Valley (Indus Basin),-0.197308626238934,0.0128384488609001,-0.101153602701282,0.14442777424586,0.465104166666667,0.534895833333333,0.465104166666667,0.210147075099834,FALSE,FALSE,-0.2601
none,63,Central Piedmont Upland (Piedmont Plateau),-0.045717336934691,-0.255903040641162,-0.652792395063714,-0.0716527665227524,0.844270833333333,0.155729166666667,0.844270833333333,-0.210185703706471,FALSE,TRUE,-0.0664
none,64,Eastern Carrizo-Wilcox (Carrizo-Wilcox),-0.625986197695278,-0.0712039506035247,-0.381155574714355,0.0464606161448664,0.6546875,0.3453125,0.6546875,0.554782247091753,FALSE,TRUE,-0.5767
none,65,Jiangsu Coastal Plain (Huaihe River Basin),-1.53074533852398,-0.400984793123124,-0.567278052026544,-0.268890396642528,0.958333333333333,0.0416666666666667,0.958333333333333,1.12976054540085,FALSE,TRUE,-2.3897
none,66,Eastern Cambrian-Ordovician Aquifers (Northern Midwest Aquifer System),-0.13625760314877,0.166285407918662,-0.109688290620655,0.298519517087011,0.317708333333333,0.682291666666667,0.317708333333333,0.302543011067432,FALSE,FALSE,-0.1047
none,67,Northcentral Deccan Basalt Plateau (Deccan Plateau),-0.0880265620017594,0.273015978002015,0.140604809393172,0.449665076430875,0.0557291666666667,0.944270833333333,0.0557291666666667,0.361042540003774,FALSE,FALSE,-0.1108
none,68,Eastside Middle Indus Plain (Indus Basin),-1.39726569754714,-0.171886758058624,-0.333945089519028,-0.0563426067276411,0.819270833333333,0.180729166666667,0.819270833333333,1.22537893948851,FALSE,TRUE,-2.2576
none,69,Central Allegheny Plateau (Appalachian Plateaus),-0.62209753501434,-0.0659661874749833,-0.345231158452753,0.15362168818982,0.577604166666667,0.422395833333333,0.577604166666667,0.556131347539357,FALSE,TRUE,-0.962
none,70,Northeastern Karoo Basin (Main Karoo Basin),-0.612016620031773,-0.080018983170189,-0.177157962151157,0.0391266888745196,0.7078125,0.2921875,0.7078125,0.531997636861584,FALSE,TRUE,-0.9089
none,71,Southern Riverine Plains (Murray Basin),-0.142284495136856,0.175923343483272,0.0779191973779195,0.292891155163425,0.1125,0.8875,0.1125,0.318207838620127,FALSE,FALSE,-0.2193
none,72,Black Warrior River Aquifer System (Eutaw and McShan Formations and Tuscaloosa Group),-0.468278839327796,-0.240036347607246,-0.524342807307898,-0.0988613754399519,0.8828125,0.1171875,0.8828125,0.22824249172055,TRUE,TRUE,-0.6104
