Study_area,abs_GRACE_trend,dominance_R,area_km2,lon,lat,n_wells,trend_m_yr,continent,trend_cat,anchor,abs_trend_m_yr,ai_mean,ai_std,n_pixels,climate_zone,is_anchor,anchor_short
Amazonas Basin and Alter de Chao Aquifer System (Amazon Aquifer System),1.94327330273687,0.381380061053949,318913,-55.9432817090423,-2.8580491769155,1,-0.19,S America,shallowing,other (new),0.19,1.73655011524099,0.198941690539409,373565,humid,FALSE,
Arckaringa Basin and Southwestern Great Artesian Basin (Great Artesian Basin),0.324116006422784,1.45836013357038,107715,134.624067411426,-28.9905387654296,30,0.02,Oceania,stable,other (new),0.02,0.0702764038764115,0.00849208317518242,143638,arid,FALSE,
Black Warrior River Aquifer System (Eutaw and McShan Formations and Tuscaloosa Group),1.59559775576277,0.435857285050724,50216,-87.7797236104302,33.2650588776618,39,0.07,N America,stable,other (new),0.07,1.12286483629507,0.0571592870175286,70004,humid,FALSE,
Canning Basin,0.0765629727065335,7.03367220752707,130597,122.80220364525,-19.3667605544481,23,0.03,Oceania,stable,other (new),0.03,0.200395311727174,0.0729287096369091,161744,semi-arid,FALSE,
Central Allegheny Plateau (Appalachian Plateaus),1.52493467012074,0.436443290776611,52939,-80.7076474539419,39.49149819541,17,-0.02,N America,stable,other (new),0.02,1.09921011866722,0.100896928102953,79803,humid,FALSE,
Central Dharwar Craton Banded Gneiss Complex (Dharwar Craton Banded Gneiss Complex),2.2024285106053,0.527491612191317,81286,76.7633955346208,15.3733213872061,303,0.18,S Asia,deepening,other (new),0.18,0.345970244461809,0.0747713720165355,98543,semi-arid,FALSE,
Central Eromanga Depocenter (Great Artesian Basin),0.575761098690007,0.874412548112022,214471,141.44428772563,-26.6377788323591,7,-0.02,Oceania,stable,other (new),0.02,0.0997152508115173,0.0308452523853766,280031,arid,FALSE,
Central Eucla Basin (Eucla Basin),0.463535144462387,1.00840141725538,63315,133.208409341311,-31.5685760722495,87,-0.02,Oceania,stable,other (new),0.02,0.13384354496133,0.0340350254478509,86630,arid,FALSE,
Central High Plains (High Plains),1.95725903027607,0.459832293697222,71803,-101.575915225444,36.747158501073,1301,0.45,N America,deepening,HP,0.45,0.257796980271105,0.0375922060312956,104314,semi-arid,TRUE,HP Central
Central Huaihe Plain (Huaihe River Basin),1.24291997192128,0.411824115286569,79573,115.718872122583,33.9028950593564,61,0.17,E Asia,deepening,other (new),0.17,0.662863474259934,0.107855861751457,111713,humid,FALSE,
Central Karoo Basin (Main Karoo Basin),1.09549057402069,0.494571885540221,128536,27.5336023010548,-30.3464150203532,9,0,Africa,stable,other (new),0,0.48554486727702,0.154483756133383,173670,semi-arid,FALSE,
Central Minnesota Surficial and Buried Sand and Gravel Aquifers,1.89926627984494,0.417050627940254,75252,-94.475076895903,46.6560199290738,256,-0.01,N America,stable,other (new),0.01,0.803030276122508,0.102449535612263,127371,humid,FALSE,
Central Mississippi Embayment (Mississippi Embayment),1.74548699624556,0.342035316787028,89580,-90.8765618368462,34.4311006178087,1844,0.01,N America,stable,other (new),0.01,1.02169553813449,0.0459680894864676,126539,humid,FALSE,
Central Parana Basin and Torres Syncline (Guarani Aquifer System),1.23414369142704,0.239195958823968,494871,-53.3959128929699,-25.766526593603,12,-0.29,S America,shallowing,other (new),0.29,1.30855601419118,0.248035518972469,641807,humid,FALSE,
Central Piedmont Upland (Piedmont Plateau),1.04780988625552,0.581830887547016,57273,-79.1196917143535,36.5236530682044,21,-0.02,N America,stable,other (new),0.02,1.0075083373494,0.0421489600309833,83000,humid,FALSE,
Coonamble Embayment (Great Artesian Basin),1.81882591084951,0.447744366594986,65411,148.504731989458,-30.8165096440184,792,0.11,Oceania,deepening,other (new),0.11,0.317322705210644,0.0662424267846219,88799,semi-arid,FALSE,
Dakota Aquifer System,1.76507162977107,0.38556766227226,110336,-99.1166818106529,44.5218958161265,49,-0.01,N America,stable,other (new),0.01,0.432770637938319,0.0661440105923941,179892,semi-arid,FALSE,
Eastern Cambrian-Ordovician Aquifers (Northern Midwest Aquifer System),2.79274730149432,0.318044719320754,55195,-90.0551388821338,42.7236375356389,59,-0.03,N America,stable,other (new),0.03,0.919227667952519,0.0261030642182543,87361,humid,FALSE,
Eastern Carrizo-Wilcox (Carrizo-Wilcox),1.66554782054162,0.413533391108561,57217,-94.5777147869526,32.2532332264476,438,0,N America,stable,other (new),0,0.871528098481677,0.0988766547680901,78837,humid,FALSE,
Eastern Eromanga Basin (Great Artesian Basin),0.762434647938105,0.530097330923903,290867,144.824296567856,-27.6363338980049,184,-0.02,Oceania,stable,other (new),0.02,0.183268558962221,0.0575047031067946,383203,arid,FALSE,
Eastern Huaihe Plain (Huaihe River Basin),1.28162404844952,0.349320933279652,61827,117.716088514225,34.5856811198099,33,0.07,E Asia,stable,other (new),0.07,0.637028641619818,0.0671634270283661,87516,dry sub-humid,FALSE,
Eastern Mississippi Embayment (Mississippi Embayment),1.66977861218881,0.388249739767995,60634,-89.1153230473608,34.1192763673927,170,-0.05,N America,stable,other (new),0.05,1.1149083379219,0.0448292463598564,85357,humid,FALSE,
Eastern Parecis Basin (Parecis Basin),1.12837341850922,0.403113861543731,118059,-53.4555218259645,-11.9506002165003,1,0.12,S America,deepening,other (new),0.12,1.38891764051236,0.122009623085964,141073,humid,FALSE,
Eastern Poti and Piaui and Cabecas and Serra Grande Aquifers (Parnaiba Basin),1.57562473589226,0.467896508898387,117926,-41.9185847263772,-5.82104274227647,9,0.17,S America,deepening,other (new),0.17,0.735120781636376,0.205477705520811,138709,humid,FALSE,
Eastern Saq Aquifer (Ram-Saq Aquifer System),0.873238372428263,0.721906501973248,67601,44.0574526922778,26.1275325289541,29,1.3,Mid East,rapidly deepening,other (new),1.3,0.0570128764691827,0.00512091684164078,87889,arid,FALSE,
Eastside Lower Indus Valley (Indus Basin),1.77294686430643,0.944236586223809,57275,69.0398607248861,26.4578981256886,2,-0.03,S Asia,stable,other (new),0.03,0.0696086246836545,0.0201468972324653,74681,arid,FALSE,
Eastside Middle Indus Plain (Indus Basin),0.163288428242176,3.11707507333093,53045,72.337747302107,29.1526327034028,355,-0.06,S Asia,stable,other (new),0.06,0.103621293328627,0.0267302346750322,70825,arid,FALSE,
Edwards Plateau (Edwards-Trinity Aquifer System),2.08102179434014,0.410972065134769,58050,-100.806673362206,30.719893615846,342,0.02,N America,stable,other (new),0.02,0.278421504611398,0.0646238297349393,78718,semi-arid,FALSE,
Jiangsu Coastal Plain (Huaihe River Basin),0.658690342410923,0.340207002511196,56925,119.806013738276,33.4158651688567,28,0.01,E Asia,stable,other (new),0.01,0.820833220036003,0.164865459814796,79437,humid,FALSE,
Lafayette Area (Gulf Coast Regional Aquifer System),1.3253710212074,0.515028370288124,65824,-93.1101116190547,30.6290250495996,431,-0.04,N America,stable,other (new),0.04,1.07845274472642,0.149689461996716,89171,humid,FALSE,
Lower Liaohe River Plain (Liaohe River Basin),1.85844358219785,0.404731943026353,69968,122.803337299554,42.4270318660877,25,0,E Asia,stable,other (new),0,0.505358722396618,0.0961545922292272,110222,dry sub-humid,FALSE,
Michigan Basin,4.29339160626728,0.756186945685164,62295,-84.6779367319877,43.45201354931,56,-0.02,N America,stable,other (new),0.02,0.917717626126442,0.0535765726666394,99761,humid,FALSE,
Middle Gangetic Plain (Indo-Gangetic Plain),0.0504982261815401,9.91842186806321,145648,84.782614957168,26.1358040659066,101,0.05,S Asia,stable,IGP,0.05,0.807758476035537,0.212723508989699,189322,humid,TRUE,IGP Middle
Mimosa Syncline and Eastern Surat Basin (Great Artesian Basin),1.13093335103659,0.497795317102282,64955,149.642192481831,-27.1998727733948,217,0,Oceania,stable,other (new),0,0.337433397488558,0.0363460450941308,85210,semi-arid,FALSE,
Mississippian-Silurian-Devonian Carbonates (Northern Midwest Aquifer System),2.23480051392326,0.371717447486119,87887,-91.9686784194515,41.7323216691694,91,0.03,N America,stable,other (new),0.03,0.862367458671652,0.0381656455494566,136952,humid,FALSE,
Northcentral Deccan Basalt Plateau (Deccan Plateau),2.18604100878576,0.326291719720863,53372,75.6844979683893,19.584477954344,48,0.23,S Asia,deepening,other (new),0.23,0.403596386525412,0.13362320303411,66169,semi-arid,FALSE,
Northcentral Mega Aquifer System (Mega Aquifer System),0.658889745442265,0.782589234492476,179365,47.2340267976724,27.9285364941961,1,0.2,Mid East,deepening,other (new),0.2,0.0480167827562625,0.0138244806943237,236886,arid,FALSE,
Northeastern Karoo Basin (Main Karoo Basin),1.58326711270841,0.579109997047215,52358,28.9313496568393,-26.9760298984317,30,-0.05,Africa,stable,other (new),0.05,0.482874054890059,0.0547645036753731,68537,semi-arid,FALSE,
Northern Dharwar Craton Banded Gneiss Complex (Dharwar Craton Banded Gneiss Complex),2.10522909756792,0.381118629244061,61216,79.0150006885192,17.6319372686315,74,0.11,S Asia,deepening,other (new),0.11,0.471568414881143,0.0731108300398891,75048,semi-arid,FALSE,
Northern Eromanga Basin (Great Artesian Basin),0.652744632747784,0.715593811972585,281571,142.610186944451,-22.3433104934875,154,-0.09,Oceania,stable,other (new),0.09,0.173438835994611,0.0533665895464728,355531,arid,FALSE,
Northern Georgina Basin (Daly-Wiso-Georgina Basins),3.58451056231513,0.683586265405662,116661,134.927386993097,-17.9131258050471,1,0.1,Oceania,stable,other (new),0.1,0.237780954075687,0.0765067975505689,143301,semi-arid,FALSE,
Northern Guarani Aquifer (Guarani Aquifer System),2.33732473755011,0.514950552703277,419237,-50.8574307428778,-20.1107372582477,18,0,S America,stable,other (new),0,1.02176875213262,0.130579284125597,521658,humid,FALSE,
Northern High Plains (High Plains),2.17990923223182,0.459874900409072,259376,-101.002703922242,41.3394803714914,5421,0,N America,stable,HP,0,0.376322301358,0.0995444534991357,401841,semi-arid,TRUE,HP Northern
Northern Karoo Basin (Main Karoo Basin),1.31317876610274,0.487606728552728,89072,25.8598129629715,-28.7643748464015,33,0.12,Africa,deepening,other (new),0.12,0.288414622951926,0.0571664997123623,118526,semi-arid,FALSE,
Northern Mega Aquifer System (Mega Aquifer System),1.5048573938623,0.352453769887328,143434,43.442314387262,30.9182773228626,1,-0.03,Mid East,stable,other (new),0.03,0.0347966908106001,0.00815505445286837,194942,arid,FALSE,
Ozark Plateaus Aquifer System,1.56695956708829,0.462953815317358,172612,-92.7719063809266,37.1618744546686,283,-0.06,N America,stable,other (new),0.06,0.900862356710376,0.0669161418324954,252199,humid,FALSE,
Paskapoo-Scollard,2.02220121543352,0.354585253322654,65768,-115.481028433771,53.0649872289773,26,-0.01,N America,stable,other (new),0.01,0.712528518760684,0.115093209002038,126941,humid,FALSE,
Poolowanna Trough and Western Eromanga Basin (Great Artesian Basin),0.256867994548159,1.69533549254311,292840,137.193863448878,-26.5299640820597,23,0.04,Oceania,stable,other (new),0.04,0.0597406887381162,0.0120688497469242,382032,arid,FALSE,
Powder River Basin (Northern Great Plains),1.0980289573176,0.646026777522761,63642,-105.847712968912,44.5930206929222,12,-0.01,N America,stable,other (new),0.01,0.276846836125554,0.0295845156565311,103860,semi-arid,FALSE,
Rio Grande Delta (Gulf Coast Regional Aquifer System),0.771207518222897,0.752898949604103,62984,-98.1333665759169,26.2757121856051,159,0.04,N America,stable,other (new),0.04,0.381522552584061,0.0859512830315792,81964,semi-arid,FALSE,
Southcentral Deccan Basalt Plateau (Deccan Plateau),2.01187925761803,0.340237854035163,57686,75.408862273867,17.922879097394,95,0.17,S Asia,deepening,other (new),0.17,0.364434363839128,0.0861690075894098,70839,semi-arid,FALSE,
Southcentral Karoo Basin (Main Karoo Basin),0.671306669912428,0.481206580708514,72357,23.8231452823691,-32.5068793313863,56,0.12,Africa,deepening,other (new),0.12,0.194432651265127,0.0785691846316281,99990,arid,FALSE,
Southcentral Mega Aquifer System (Mega Aquifer System),0.289236024271967,2.60913533630292,89916,49.6393107315888,24.5367069092908,9,0.22,Mid East,deepening,other (new),0.22,0.0279511644832606,0.0053971637502046,115416,hyper-arid,FALSE,
Southeastern System (Amadeus Basin),0.0118808056388541,80.8646329767372,59372,133.660966205573,-24.8250262093272,1,0.44,Oceania,deepening,other (new),0.44,0.101209765553373,0.0157608910250795,76350,arid,FALSE,
Southern Carpentaria Basin (Great Artesian Basin),1.61439281322067,0.340162487071316,124001,140.712904222328,-18.549569033649,89,0.03,Oceania,stable,other (new),0.03,0.313988796487739,0.072994325267648,152836,semi-arid,FALSE,
Southern High Plains (High Plains),1.99582399195163,0.515063557113284,74884,-102.515008660682,33.6665162036171,3143,0.14,N America,deepening,HP,0.14,0.225141109987792,0.0274341752733451,104848,semi-arid,TRUE,HP Southern
Southern Piedmont Upland (Piedmont Plateau),1.1333084128945,0.557930512335634,61856,-84.2623478748794,33.4871024381475,112,-0.06,N America,stable,other (new),0.06,1.07287415852586,0.119942555894497,86396,humid,FALSE,
Southern Riverine Plains (Murray Basin),1.11413206634933,0.703142784085009,51599,144.728290085099,-35.9092349551246,4073,0.1,Oceania,stable,other (new),0.1,0.297404847970241,0.0750736328508774,74196,semi-arid,FALSE,
Southwestern Chaco-Lower Parana Basin (Guarani Aquifer System),1.96918833308941,0.239387927426114,330826,-58.2492363692785,-28.8381119959407,9,-0.18,S America,shallowing,other (new),0.18,0.891734722650931,0.177600799461521,440600,humid,FALSE,
Stampriet Kalahari Karoo Aquifer System,0.223969896563692,1.39601699522761,194772,19.4543152133407,-24.4535352754216,4,0.06,Africa,stable,other (new),0.06,0.122858699855486,0.0301484937322169,249803,arid,FALSE,
Staten River Embayment and Central Carpentaria Basin (Great Artesian Basin),0.978274752633961,0.552584482421119,81429,142.613002508794,-16.2884417432858,3,-0.08,Oceania,stable,other (new),0.08,0.518528708278713,0.0905398750772333,99170,dry sub-humid,FALSE,
Trans Gangetic Plain (Indo-Gangetic Plain),1.42593784199503,0.819915146586331,100322,75.927985314064,29.7481368230866,422,0.17,S Asia,deepening,IGP,0.17,0.377598718529017,0.167203107073718,134767,semi-arid,TRUE,IGP Trans
Trinity Aquifer System (Edwards-Trinity Aquifer System),1.7774003211271,0.355271759045229,67070,-97.3925110012785,32.2951646063437,622,0.05,N America,stable,other (new),0.05,0.548730250210852,0.109059448119402,92482,dry sub-humid,FALSE,
Upper Gangetic Plain (Indo-Gangetic Plain),0.412627757760485,2.61608080565106,199268,79.6664694079742,27.3119541616446,397,0.05,S Asia,stable,IGP,0.05,0.614263953088458,0.163345205223619,261684,dry sub-humid,TRUE,IGP Upper
Wadi As-Sirhan Basin,1.46496941760566,0.297601222225707,68037,38.4472391117464,30.4776326878126,4,0.22,Mid East,deepening,other (new),0.22,0.0252675282205056,0.00866069675290449,92043,hyper-arid,FALSE,
Western Cambrian-Ordovician Aquifers (Northern Midwest Aquifer System),2.38947188509367,0.415193685796816,59488,-92.3789663720182,44.7291750900662,82,-0.01,N America,stable,other (new),0.01,0.896799608520083,0.0699579943818434,97323,humid,FALSE,
Western Karoo Basin (Main Karoo Basin),0.697630429084752,0.434799561254511,146433,21.943352339077,-30.7681497288517,54,0.05,Africa,stable,other (new),0.05,0.128945351909922,0.0421542964022638,198673,arid,FALSE,
Western Parecis Basin (Parecis Basin),2.63241607778006,0.459756568010468,213494,-58.1210092734183,-12.9251061267287,7,0.02,S America,stable,other (new),0.02,1.54251671052632,0.12165411312986,256120,humid,FALSE,
Western Surat Basin (Great Artesian Basin),1.35558893100086,0.385735029495288,65684,147.679877377498,-28.3120325045684,109,-0.01,Oceania,stable,other (new),0.01,0.249949682304413,0.0305471135929372,87033,semi-arid,FALSE,
Williston Basin (Northern Great Plains),0.950052085490447,0.685967522829118,242272,-103.274532058273,47.5311407876743,77,-0.02,N America,stable,other (new),0.02,0.350411205285494,0.0829313365294733,416839,semi-arid,FALSE,
Wisconsin Precambrian Aquifer,2.94643485471906,0.438445403477291,65963,-89.8861101919984,45.733653943509,45,-0.02,N America,stable,other (new),0.02,1.03089829423336,0.0540645266515985,109804,humid,FALSE,
Wiso Basin (Daly-Wiso-Georgina Basins),4.08913249194243,0.773160941570392,116966,132.26713802247,-18.3596642124762,1,-0.22,Oceania,shallowing,other (new),0.22,0.20541533739349,0.0584184518206981,144001,semi-arid,FALSE,
Wuyuer-Shuangyang System (Songnen Plain),1.31660773801291,0.511147175401382,63713,124.329598980185,45.8550336061385,19,0.04,E Asia,stable,other (new),0.04,0.425934435653066,0.0399239502707316,106291,semi-arid,FALSE,
