recipe_id,a,b,fully_corrected
CSR_0,3.28860076599388,1.17874038022609,FALSE
CSR_1,3.28860076599388,1.17874038022609,FALSE
CSR_2,3.41885919891948,1.15090799363517,FALSE
CSR_3,3.28860076599388,1.17874038022609,FALSE
CSR_4,3.37182074145636,1.1170586515283,FALSE
CSR_5,3.37182074145636,1.1170586515283,FALSE
CSR_6,3.70371003390401,1.07516592884719,FALSE
CSR_7,3.50649215843767,1.08220485176267,FALSE
CSR_8,3.6372730313313,1.03138819528647,FALSE
CSR_9,3.6372730313313,1.03138819528647,TRUE
CSR_10,4.44244668744452,1.70920909054959,FALSE
CSR_11,3.6372730313313,1.03138819528647,FALSE
CSR_12,4.44244668744452,1.70920909054959,FALSE
CSR_13,4.44244668744452,1.70920909054959,FALSE
CSR_14,4.44244668744452,1.70920909054959,FALSE
CSR_15,4.44244668744452,1.70920909054959,FALSE
CSR_16,2.64346514033742,1.09378284957688,FALSE
CSR_17,2.60174161236444,0.753988084191174,TRUE
CSR_18,2.99176549153256,1.17628570938596,FALSE
CSR_19,3.42123381710778,1.27711903665615,FALSE
CSR_20,2.32821618983438,0.912581228696803,FALSE
CSR_21,3.42123381710778,1.27711903665615,FALSE
CSR_22,2.8289071398311,1.14920671003495,FALSE
CSR_23,4.48012985101095,1.88563027084372,FALSE
CSR_24,3.33138790828352,1.32905519151279,FALSE
CSR_25,3.50945073413275,1.34199586027189,TRUE
CSR_26,3.33138790828352,1.32905519151279,FALSE
CSR_27,3.5623643628153,1.50308407414007,FALSE
CSR_28,3.33138790828352,1.32905519151279,FALSE
CSR_29,3.33138790828352,1.32905519151279,FALSE
CSR_30,3.33138790828352,1.32905519151279,FALSE
CSR_31,3.5623643628153,1.50308407414007,FALSE
CSR_32,3.50649215843767,1.08220485176267,FALSE
CSR_33,3.39497026469185,1.1337341009196,FALSE
CSR_34,3.50649215843767,1.08220485176267,FALSE
CSR_35,3.50649215843767,1.08220485176267,FALSE
CSR_36,3.50649215843767,1.08220485176267,FALSE
CSR_37,3.50649215843767,1.08220485176267,FALSE
CSR_38,3.50649215843767,1.08220485176267,FALSE
CSR_39,3.52565916401458,0.956974944389797,FALSE
CSR_40,4.64217897703024,1.30237788565245,FALSE
CSR_41,3.88826399966866,1.19523811555592,TRUE
CSR_42,4.64217897703024,1.30237788565245,FALSE
CSR_43,4.64217897703024,1.30237788565245,FALSE
CSR_44,4.64217897703024,1.30237788565245,FALSE
CSR_45,4.23639705161935,1.25209776565793,FALSE
CSR_46,4.64217897703024,1.30237788565245,FALSE
CSR_47,4.64217897703024,1.30237788565245,FALSE
CSR_48,2.74826667904519,0.647257869099612,FALSE
CSR_49,3.25059076348186,0.90250738990186,TRUE
CSR_50,3.25059076348186,0.90250738990186,FALSE
CSR_51,3.25059076348186,0.90250738990186,FALSE
CSR_52,2.74826667904519,0.647257869099612,FALSE
CSR_53,3.25059076348186,0.90250738990186,FALSE
CSR_54,3.25059076348186,0.90250738990186,FALSE
CSR_55,3.25059076348186,0.90250738990186,FALSE
CSR_56,2.41101290394547,0.696410293132075,FALSE
CSR_57,2.74079421718448,0.75785215907109,TRUE
CSR_58,2.41101290394547,0.696410293132075,FALSE
CSR_59,2.88702116140916,0.756882256539487,FALSE
CSR_60,2.41101290394547,0.696410293132075,FALSE
CSR_61,2.57732566599693,0.733723463078583,FALSE
CSR_62,2.57732566599693,0.733723463078583,FALSE
CSR_63,2.50632770066745,0.777995363109085,FALSE
CSR_64,2.74283071920651,0.361303810097111,FALSE
CSR_65,2.87719606804707,0.749259180869428,FALSE
CSR_66,2.64113254349644,0.425586678550703,FALSE
CSR_67,2.87719606804707,0.749259180869428,FALSE
CSR_68,2.70120666058103,0.113573358451002,FALSE
CSR_69,2.87719606804707,0.749259180869428,FALSE
CSR_70,2.70120666058103,0.113573358451002,FALSE
CSR_71,2.97589847000398,0.560527495340532,FALSE
CSR_72,3.55790128958038,0.828586888613242,FALSE
CSR_73,3.97331091253428,1.24997221135183,TRUE
CSR_74,3.82658780107977,0.832145060895756,FALSE
CSR_75,3.97331091253428,1.24997221135183,FALSE
CSR_76,3.82658780107977,0.832145060895756,FALSE
CSR_77,3.97331091253428,1.24997221135183,FALSE
CSR_78,3.82658780107977,0.832145060895756,FALSE
CSR_79,3.97331091253428,1.24997221135183,FALSE
CSR_80,2.34385675852516,0.41829460814158,FALSE
CSR_81,3.18134873478368,0.978433507119897,TRUE
CSR_82,2.97962550892089,0.94501042367264,FALSE
CSR_83,3.48327149481508,1.06612604342314,FALSE
CSR_84,2.21949998301234,0.418427220027485,FALSE
CSR_85,3.23376707038705,1.01686288200287,FALSE
CSR_86,2.80268215961287,0.917335252644401,FALSE
CSR_87,3.23376707038705,1.01686288200287,FALSE
CSR_88,2.38760138815495,0.77536701172094,FALSE
CSR_89,2.72811792571076,0.857345665684258,TRUE
CSR_90,2.54684223739316,0.812221111706461,FALSE
CSR_91,2.72811792571076,0.857345665684258,FALSE
CSR_92,2.54684223739316,0.812221111706461,FALSE
CSR_93,2.72811792571076,0.857345665684258,FALSE
CSR_94,2.54684223739316,0.812221111706461,FALSE
CSR_95,2.72811792571076,0.857345665684258,FALSE
CSR_96,3.20011274113526,0.992217291600903,FALSE
CSR_97,3.39497026469185,1.1337341009196,FALSE
CSR_98,3.87523669865698,1.60646707282039,FALSE
CSR_99,3.50649215843767,1.08220485176267,FALSE
CSR_100,4.36994856721425,1.81177927893361,FALSE
CSR_101,4.36994856721425,1.81177927893361,FALSE
CSR_102,4.36994856721425,1.81177927893361,FALSE
CSR_103,4.24154458499358,1.8641711017061,FALSE
CSR_104,2.4323799064094,0.610822281756655,FALSE
CSR_105,4.38440307376069,1.34039660216354,TRUE
CSR_106,3.05231048053333,0.882691635701143,FALSE
CSR_107,4.38440307376069,1.34039660216354,FALSE
CSR_108,2.80427539438654,0.692051942911475,FALSE
CSR_109,3.99399353441325,1.26323619761747,FALSE
CSR_110,3.32979786369169,0.958789229520121,FALSE
CSR_111,3.99399353441325,1.26323619761747,FALSE
CSR_112,2.12669337545122,0.541026959590124,FALSE
CSR_113,2.29660073247549,0.595969180389763,TRUE
CSR_114,2.07453728128374,0.588142580426369,FALSE
CSR_115,2.43771279188707,0.615436256789215,FALSE
CSR_116,2.20347125821028,0.611649338596524,FALSE
CSR_117,2.20347125821028,0.611649338596524,FALSE
CSR_118,2.20347125821028,0.611649338596524,FALSE
CSR_119,2.29660073247549,0.595969180389763,FALSE
CSR_120,2.02355783320228,0.540028755160557,FALSE
CSR_121,2.45059617191188,0.730489608583788,TRUE
CSR_122,1.90879576950469,0.521988831251241,FALSE
CSR_123,2.45059617191188,0.730489608583788,FALSE
CSR_124,2.02355783320228,0.540028755160557,FALSE
CSR_125,2.31206610466885,0.709003195592916,FALSE
CSR_126,2.31206610466885,0.709003195592916,FALSE
CSR_127,2.31206610466885,0.709003195592916,FALSE
CSR_128,3.30907233204843,1.19399279862028,FALSE
CSR_129,3.55358619814591,1.49652989341085,FALSE
CSR_130,3.30907233204843,1.19399279862028,FALSE
CSR_131,3.30907233204843,1.19399279862028,FALSE
CSR_132,3.35089180289838,1.10195372628403,FALSE
CSR_133,3.30907233204843,1.19399279862028,FALSE
CSR_134,3.3445817637407,0.969219971041096,FALSE
CSR_135,3.3445817637407,0.969219971041096,FALSE
CSR_136,2.97140391641694,0.821637813546218,FALSE
CSR_137,2.97140391641694,0.821637813546218,TRUE
CSR_138,2.97140391641694,0.821637813546218,FALSE
CSR_139,2.97140391641694,0.821637813546218,FALSE
CSR_140,2.60525296194583,0.647337286635936,FALSE
CSR_141,2.97140391641694,0.821637813546218,FALSE
CSR_142,2.97140391641694,0.821637813546218,FALSE
CSR_143,3.5792871276887,1.13238193072221,FALSE
CSR_144,1.72637733419802,0.429513163277002,FALSE
CSR_145,2.05097120306604,0.565994219038474,TRUE
CSR_146,1.94447084484033,0.556626697896241,FALSE
CSR_147,2.05097120306604,0.565994219038474,FALSE
CSR_148,1.72637733419802,0.429513163277002,FALSE
CSR_149,1.94447084484033,0.556626697896241,FALSE
CSR_150,1.94447084484033,0.556626697896241,FALSE
CSR_151,1.94447084484033,0.556626697896241,FALSE
CSR_152,1.70038107266412,0.490494943015937,FALSE
CSR_153,1.77831122498758,0.482340613531034,TRUE
CSR_154,1.70038107266412,0.490494943015937,FALSE
CSR_155,1.86158277064258,0.475521390787549,FALSE
CSR_156,1.70038107266412,0.490494943015937,FALSE
CSR_157,1.70038107266412,0.490494943015937,FALSE
CSR_158,1.70038107266412,0.490494943015937,FALSE
CSR_159,2.02167401333276,0.630409459671027,FALSE
CSR_160,3.35562453101373,1.22858309718736,FALSE
CSR_161,3.20285370974629,1.11456880694611,FALSE
CSR_162,3.20285370974629,1.11456880694611,FALSE
CSR_163,3.20285370974629,1.11456880694611,FALSE
CSR_164,3.28694786005549,1.05562235036934,FALSE
CSR_165,3.20285370974629,1.11456880694611,FALSE
CSR_166,3.28694786005549,1.05562235036934,FALSE
CSR_167,3.28694786005549,1.05562235036934,FALSE
CSR_168,5.22837826350193,1.61750869652627,FALSE
CSR_169,5.22837826350193,1.61750869652627,TRUE
CSR_170,5.22837826350193,1.61750869652627,FALSE
CSR_171,5.22837826350193,1.61750869652627,FALSE
CSR_172,5.22837826350193,1.61750869652627,FALSE
CSR_173,5.22837826350193,1.61750869652627,FALSE
CSR_174,5.22837826350193,1.61750869652627,FALSE
CSR_175,5.22837826350193,1.61750869652627,FALSE
CSR_176,3.23979266028569,0.89477809481325,FALSE
CSR_177,3.56866196639327,0.985787738736714,TRUE
CSR_178,3.56866196639327,0.985787738736714,FALSE
CSR_179,3.56866196639327,0.985787738736714,FALSE
CSR_180,3.23979266028569,0.89477809481325,FALSE
CSR_181,3.56866196639327,0.985787738736714,FALSE
CSR_182,3.56866196639327,0.985787738736714,FALSE
CSR_183,3.56866196639327,0.985787738736714,FALSE
CSR_184,3.88638874428204,1.19402751521748,FALSE
CSR_185,4.38440307376069,1.34039660216354,TRUE
CSR_186,3.88638874428204,1.19402751521748,FALSE
CSR_187,5.22837826350193,1.61750869652627,FALSE
CSR_188,3.55432200130875,1.11521087868493,FALSE
CSR_189,3.55432200130875,1.11521087868493,FALSE
CSR_190,3.55432200130875,1.11521087868493,FALSE
CSR_191,3.96352849742252,1.24369254879473,FALSE
CSR_192,3.09878205215437,0.917379287404698,FALSE
CSR_193,3.30237333033363,1.1890044864433,FALSE
CSR_194,3.07322703678872,1.0165981600733,FALSE
CSR_195,3.34453229781114,1.09735830395782,FALSE
CSR_196,3.38497504981253,0.99761267494266,FALSE
CSR_197,3.34453229781114,1.09735830395782,FALSE
CSR_198,3.52565916401458,0.956974944389797,FALSE
CSR_199,3.34453229781114,1.09735830395782,FALSE
CSR_200,3.32569646669411,0.668307875039136,FALSE
CSR_201,3.66068723544689,1.04685608599654,TRUE
CSR_202,3.59833653269623,0.682797262270578,FALSE
CSR_203,3.39688297992739,0.718862587298423,FALSE
CSR_204,4.13343675484012,0.81797548129397,FALSE
CSR_205,3.91704717256617,0.888172828673853,FALSE
CSR_206,4.13343675484012,0.81797548129397,FALSE
CSR_207,4.59107837876697,1.07170415706369,FALSE
CSR_208,2.61392610003865,0.401006479681267,FALSE
CSR_209,2.9841600563886,0.567093970382699,TRUE
CSR_210,2.61392610003865,0.401006479681267,FALSE
CSR_211,2.74724633968695,0.517556474428084,FALSE
CSR_212,2.82947387699744,0.438945151364467,FALSE
CSR_213,2.82947387699744,0.438945151364467,FALSE
CSR_214,2.82947387699744,0.438945151364467,FALSE
CSR_215,2.9841600563886,0.567093970382699,FALSE
CSR_216,2.99496957120005,0.714667334751446,FALSE
CSR_217,3.03766305708427,0.608982171487021,TRUE
CSR_218,2.99496957120005,0.714667334751446,FALSE
CSR_219,3.03766305708427,0.608982171487021,FALSE
CSR_220,3.27502556704907,0.784252185213892,FALSE
CSR_221,3.27502556704907,0.784252185213892,FALSE
CSR_222,3.27502556704907,0.784252185213892,FALSE
CSR_223,3.27502556704907,0.784252185213892,FALSE
CSR_224,3.18043304486028,1.0977101031732,FALSE
CSR_225,2.76774626374132,0.889307837117751,FALSE
CSR_226,3.18043304486028,1.0977101031732,FALSE
CSR_227,2.76774626374132,0.889307837117751,FALSE
CSR_228,3.18043304486028,1.0977101031732,FALSE
CSR_229,2.76774626374132,0.889307837117751,FALSE
CSR_230,3.18043304486028,1.0977101031732,FALSE
CSR_231,2.76774626374132,0.889307837117751,FALSE
CSR_232,2.8417740012593,0.94854360281396,FALSE
CSR_233,2.50773852524395,0.779191345668667,TRUE
CSR_234,2.50773852524395,0.779191345668667,FALSE
CSR_235,2.50773852524395,0.779191345668667,FALSE
CSR_236,2.8417740012593,0.94854360281396,FALSE
CSR_237,2.50773852524395,0.779191345668667,FALSE
CSR_238,2.74702299073814,0.762840212052997,FALSE
CSR_239,2.43457670691979,0.612723912933941,FALSE
CSR_240,2.40657259545436,0.791891037453921,FALSE
CSR_241,2.15193382793581,0.659897432404014,TRUE
CSR_242,2.40657259545436,0.791891037453921,FALSE
CSR_243,2.01076640592648,0.620072543013429,FALSE
CSR_244,2.40657259545436,0.791891037453921,FALSE
CSR_245,2.15193382793581,0.659897432404014,FALSE
CSR_246,2.40657259545436,0.791891037453921,FALSE
CSR_247,2.15193382793581,0.659897432404014,FALSE
CSR_248,1.88598933604421,0.58909089159396,FALSE
CSR_249,1.87088068583713,0.661093971415559,TRUE
CSR_250,1.88598933604421,0.58909089159396,FALSE
CSR_251,2.06200628099312,0.668410341694389,FALSE
CSR_252,1.88598933604421,0.58909089159396,FALSE
CSR_253,1.99795371545569,0.697118297911318,FALSE
CSR_254,1.88598933604421,0.58909089159396,FALSE
CSR_255,1.87088068583713,0.661093971415559,FALSE
CSR_256,2.90623334255013,1.21290458471476,FALSE
CSR_257,2.96576690082829,1.36547945555541,FALSE
CSR_258,2.90623334255013,1.21290458471476,FALSE
CSR_259,2.96576690082829,1.36547945555541,FALSE
CSR_260,2.90623334255013,1.21290458471476,FALSE
CSR_261,2.96576690082829,1.36547945555541,FALSE
CSR_262,2.90623334255013,1.21290458471476,FALSE
CSR_263,2.96576690082829,1.36547945555541,FALSE
CSR_264,2.11268455727473,1.06951670454179,FALSE
CSR_265,2.16795407162758,1.21148616369609,TRUE
CSR_266,2.16795407162758,1.21148616369609,FALSE
CSR_267,2.16795407162758,1.21148616369609,FALSE
CSR_268,2.11268455727473,1.06951670454179,FALSE
CSR_269,2.16795407162758,1.21148616369609,FALSE
CSR_270,2.11268455727473,1.06951670454179,FALSE
CSR_271,2.16795407162758,1.21148616369609,FALSE
CSR_272,2.15663786959019,1.20036016827893,FALSE
CSR_273,2.23088087037056,1.36264068622062,TRUE
CSR_274,2.23088087037056,1.36264068622062,FALSE
CSR_275,2.23088087037056,1.36264068622062,FALSE
CSR_276,2.15663786959019,1.20036016827893,FALSE
CSR_277,2.23088087037056,1.36264068622062,FALSE
CSR_278,2.23088087037056,1.36264068622062,FALSE
CSR_279,2.23088087037056,1.36264068622062,FALSE
CSR_280,1.92144469159762,1.22303179170935,FALSE
CSR_281,1.92144469159762,1.22303179170935,TRUE
CSR_282,1.92144469159762,1.22303179170935,FALSE
CSR_283,1.92144469159762,1.22303179170935,FALSE
CSR_284,1.92144469159762,1.22303179170935,FALSE
CSR_285,1.92144469159762,1.22303179170935,FALSE
CSR_286,1.92144469159762,1.22303179170935,FALSE
CSR_287,1.92144469159762,1.22303179170935,FALSE
CSR_288,2.73655341449885,1.27206093774868,FALSE
CSR_289,2.72179822931292,1.35674122301509,FALSE
CSR_290,2.73655341449885,1.27206093774868,FALSE
CSR_291,2.73655341449885,1.27206093774868,FALSE
CSR_292,2.68526710235158,1.1295087189949,FALSE
CSR_293,2.73655341449885,1.27206093774868,FALSE
CSR_294,2.73655341449885,1.27206093774868,FALSE
CSR_295,2.73655341449885,1.27206093774868,FALSE
CSR_296,2.16804181306309,1.30016609981275,FALSE
CSR_297,2.16804181306309,1.30016609981275,TRUE
CSR_298,2.16804181306309,1.30016609981275,FALSE
CSR_299,2.16804181306309,1.30016609981275,FALSE
CSR_300,2.16804181306309,1.30016609981275,FALSE
CSR_301,2.16804181306309,1.30016609981275,FALSE
CSR_302,2.16804181306309,1.30016609981275,FALSE
CSR_303,2.16804181306309,1.30016609981275,FALSE
CSR_304,2.22408241326589,1.44601604699908,FALSE
CSR_305,2.22408241326589,1.44601604699908,TRUE
CSR_306,2.22408241326589,1.44601604699908,FALSE
CSR_307,2.22408241326589,1.44601604699908,FALSE
CSR_308,2.22408241326589,1.44601604699908,FALSE
CSR_309,2.22408241326589,1.44601604699908,FALSE
CSR_310,2.22408241326589,1.44601604699908,FALSE
CSR_311,2.22408241326589,1.44601604699908,FALSE
CSR_312,1.92144469159762,1.22303179170935,FALSE
CSR_313,1.92144469159762,1.22303179170935,TRUE
CSR_314,1.80579111671189,1.18608175846639,FALSE
CSR_315,1.80579111671189,1.18608175846639,FALSE
CSR_316,1.92144469159762,1.22303179170935,FALSE
CSR_317,1.92144469159762,1.22303179170935,FALSE
CSR_318,1.92144469159762,1.22303179170935,FALSE
CSR_319,2.00509263845778,1.22312926625527,FALSE
CSR_320,3.00546610912236,1.07771219963566,FALSE
CSR_321,2.74401793081284,0.975852138019848,FALSE
CSR_322,3.03700723650093,0.988989526067951,FALSE
CSR_323,2.74401793081284,0.975852138019848,FALSE
CSR_324,3.03700723650093,0.988989526067951,FALSE
CSR_325,2.76918274876465,0.890462946026888,FALSE
CSR_326,3.03700723650093,0.988989526067951,FALSE
CSR_327,2.76918274876465,0.890462946026888,FALSE
CSR_328,2.20566274916551,0.801400778844232,FALSE
CSR_329,2.29965859774013,0.88683200931065,TRUE
CSR_330,2.20566274916551,0.801400778844232,FALSE
CSR_331,2.29965859774013,0.88683200931065,FALSE
CSR_332,2.20566274916551,0.801400778844232,FALSE
CSR_333,2.20566274916551,0.801400778844232,FALSE
CSR_334,2.20566274916551,0.801400778844232,FALSE
CSR_335,2.29965859774013,0.88683200931065,FALSE
CSR_336,2.38639584445819,0.964768175445261,FALSE
CSR_337,2.38639584445819,0.964768175445261,TRUE
CSR_338,2.38639584445819,0.964768175445261,FALSE
CSR_339,2.21165623907755,0.897682361591017,FALSE
CSR_340,2.51326100403054,0.883908283450366,FALSE
CSR_341,2.52516043764483,0.991832053072269,FALSE
CSR_342,2.28242303041213,0.778144559926846,FALSE
CSR_343,2.28242303041213,0.778144559926846,FALSE
CSR_344,2.19643236740571,0.883586808479504,FALSE
CSR_345,2.19643236740571,0.883586808479504,TRUE
CSR_346,2.19643236740571,0.883586808479504,FALSE
CSR_347,2.19643236740571,0.883586808479504,FALSE
CSR_348,2.26798315972424,0.765199293250749,FALSE
CSR_349,2.19643236740571,0.883586808479504,FALSE
CSR_350,2.1061408238673,0.709630327795713,FALSE
CSR_351,2.1061408238673,0.709630327795713,FALSE
CSR_352,4.23915373818987,1.41929568252665,FALSE
CSR_353,3.25161984327997,1.02989887885785,FALSE
CSR_354,4.08358683259074,1.15996238081627,FALSE
CSR_355,3.46937804464822,0.918956909759622,FALSE
CSR_356,4.19347134956472,1.05177484183758,FALSE
CSR_357,3.40793089732519,0.726583614935922,FALSE
CSR_358,5.09772253563537,1.7585054328025,FALSE
CSR_359,5.09772253563537,1.7585054328025,FALSE
CSR_360,3.89363871950013,1.19870691118458,FALSE
CSR_361,5.33458928267968,1.67396678600393,TRUE
CSR_362,3.89363871950013,1.19870691118458,FALSE
CSR_363,5.33458928267968,1.67396678600393,FALSE
CSR_364,3.93357985937712,1.22444228371514,FALSE
CSR_365,5.33458928267968,1.67396678600393,FALSE
CSR_366,5.33458928267968,1.67396678600393,FALSE
CSR_367,5.33458928267968,1.67396678600393,FALSE
CSR_368,2.85080131088967,0.845011859139534,FALSE
CSR_369,2.85080131088967,0.845011859139534,TRUE
CSR_370,2.85080131088967,0.845011859139534,FALSE
CSR_371,3.26584836531795,0.91340444973321,FALSE
CSR_372,2.85080131088967,0.845011859139534,FALSE
CSR_373,2.85080131088967,0.845011859139534,FALSE
CSR_374,2.85080131088967,0.845011859139534,FALSE
CSR_375,3.0386914106583,0.872476349054797,FALSE
CSR_376,2.91112795290025,0.892079393344541,FALSE
CSR_377,2.91112795290025,0.892079393344541,TRUE
CSR_378,2.91112795290025,0.892079393344541,FALSE
CSR_379,2.91112795290025,0.892079393344541,FALSE
CSR_380,2.55796579220394,0.717576011234117,FALSE
CSR_381,2.91112795290025,0.892079393344541,FALSE
CSR_382,2.91112795290025,0.892079393344541,FALSE
CSR_383,2.91112795290025,0.892079393344541,FALSE
CSR_384,3.4433640741555,1.29343505406482,FALSE
CSR_385,3.39002855297022,1.37354945404324,FALSE
CSR_386,3.27262090866252,1.04520179862346,FALSE
CSR_387,3.27262090866252,1.04520179862346,FALSE
CSR_388,3.27262090866252,1.04520179862346,FALSE
CSR_389,3.27262090866252,1.04520179862346,FALSE
CSR_390,3.27262090866252,1.04520179862346,FALSE
CSR_391,3.27262090866252,1.04520179862346,FALSE
CSR_392,3.69683636756636,1.07065220918041,FALSE
CSR_393,4.17416330832951,1.21471211441545,TRUE
CSR_394,4.17416330832951,1.21471211441545,FALSE
CSR_395,4.17416330832951,1.21471211441545,FALSE
CSR_396,3.69683636756636,1.07065220918041,FALSE
CSR_397,4.17416330832951,1.21471211441545,FALSE
CSR_398,4.17416330832951,1.21471211441545,FALSE
CSR_399,4.17416330832951,1.21471211441545,FALSE
CSR_400,2.39446909144652,0.781355007878186,FALSE
CSR_401,2.86396952250518,0.855325361433932,TRUE
CSR_402,2.55439629007621,0.818576358772284,FALSE
CSR_403,2.86396952250518,0.855325361433932,FALSE
CSR_404,2.55439629007621,0.818576358772284,FALSE
CSR_405,2.55439629007621,0.818576358772284,FALSE
CSR_406,2.55439629007621,0.818576358772284,FALSE
CSR_407,2.70111521940217,0.835454379495696,FALSE
CSR_408,2.54684223739316,0.812221111706461,FALSE
CSR_409,2.66262392013485,0.804077536813705,TRUE
CSR_410,2.54684223739316,0.812221111706461,FALSE
CSR_411,2.83459162598958,0.832283919693071,FALSE
CSR_412,2.54684223739316,0.812221111706461,FALSE
CSR_413,2.66262392013485,0.804077536813705,FALSE
CSR_414,2.54684223739316,0.812221111706461,FALSE
CSR_415,2.66262392013485,0.804077536813705,FALSE
CSR_416,5.1399023656218,2.31688501678879,FALSE
CSR_417,5.1399023656218,2.31688501678879,FALSE
CSR_418,3.92395446559636,1.7690825147122,FALSE
CSR_419,5.1399023656218,2.31688501678879,FALSE
CSR_420,4.39915527422865,1.6809598047433,FALSE
CSR_421,4.99838987816885,2.06561002205086,FALSE
CSR_422,4.39915527422865,1.6809598047433,FALSE
CSR_423,5.19156837542018,2.00908187397103,FALSE
CSR_424,2.08513483326112,0.69005603678878,FALSE
CSR_425,2.9005818881925,0.995213533943325,TRUE
CSR_426,2.33644681240671,0.826313471628592,FALSE
CSR_427,2.9005818881925,0.995213533943325,FALSE
CSR_428,2.01171578914622,0.710232761923939,FALSE
CSR_429,2.92081534417018,1.01119897348855,FALSE
CSR_430,2.40015455551822,0.786306859099808,FALSE
CSR_431,3.54855824192928,1.37061847495924,FALSE
CSR_432,1.99094690091222,0.690428784716185,FALSE
CSR_433,1.99094690091222,0.690428784716185,TRUE
CSR_434,1.99094690091222,0.690428784716185,FALSE
CSR_435,1.99094690091222,0.690428784716185,FALSE
CSR_436,1.92340036594727,0.712427343874993,FALSE
CSR_437,2.1092556468984,0.712526270313607,FALSE
CSR_438,1.99094690091222,0.690428784716185,FALSE
CSR_439,2.1092556468984,0.712526270313607,FALSE
CSR_440,1.69785107137991,0.655741189073456,FALSE
CSR_441,1.69785107137991,0.655741189073456,TRUE
CSR_442,1.69785107137991,0.655741189073456,FALSE
CSR_443,1.69785107137991,0.655741189073456,FALSE
CSR_444,1.71777685302905,0.676122159674748,FALSE
CSR_445,1.79389548877003,0.669716175636676,FALSE
CSR_446,1.79389548877003,0.669716175636676,FALSE
CSR_447,1.79389548877003,0.669716175636676,FALSE
CSR_448,3.08652891634703,1.35964319143716,FALSE
CSR_449,3.39908827588261,1.60840272855229,FALSE
CSR_450,3.01014207214056,1.08136996254625,FALSE
CSR_451,3.4433640741555,1.29343505406482,FALSE
CSR_452,3.3445817637407,0.969219971041096,FALSE
CSR_453,3.27262090866252,1.04520179862346,FALSE
CSR_454,3.03048088198659,0.866306349869496,FALSE
CSR_455,3.3445817637407,0.969219971041096,FALSE
CSR_456,2.46278834160243,0.637026463556897,FALSE
CSR_457,2.97140391641694,0.821637813546218,TRUE
CSR_458,2.79009133714495,0.797146453328127,FALSE
CSR_459,2.97140391641694,0.821637813546218,FALSE
CSR_460,2.46278834160243,0.637026463556897,FALSE
CSR_461,2.97140391641694,0.821637813546218,FALSE
CSR_462,2.60525296194583,0.647337286635936,FALSE
CSR_463,2.97140391641694,0.821637813546218,FALSE
CSR_464,1.94447084484033,0.556626697896241,FALSE
CSR_465,1.94447084484033,0.556626697896241,TRUE
CSR_466,1.94447084484033,0.556626697896241,FALSE
CSR_467,2.05097120306604,0.565994219038474,FALSE
CSR_468,1.94447084484033,0.556626697896241,FALSE
CSR_469,1.94447084484033,0.556626697896241,FALSE
CSR_470,1.94447084484033,0.556626697896241,FALSE
CSR_471,1.94447084484033,0.556626697896241,FALSE
CSR_472,1.57886667776331,0.449471003731768,FALSE
CSR_473,1.77831122498758,0.482340613531034,TRUE
CSR_474,1.57886667776331,0.449471003731768,FALSE
CSR_475,1.77831122498758,0.482340613531034,FALSE
CSR_476,1.57886667776331,0.449471003731768,FALSE
CSR_477,1.70038107266412,0.490494943015937,FALSE
CSR_478,1.57886667776331,0.449471003731768,FALSE
CSR_479,1.70038107266412,0.490494943015937,FALSE
CSR_480,5.15546295019286,2.1641886923592,FALSE
CSR_481,5.03594171613476,2.25011005294522,FALSE
CSR_482,5.15546295019286,2.1641886923592,FALSE
CSR_483,5.15546295019286,2.1641886923592,FALSE
CSR_484,5.15546295019286,2.1641886923592,FALSE
CSR_485,5.15546295019286,2.1641886923592,FALSE
CSR_486,5.15546295019286,2.1641886923592,FALSE
CSR_487,5.15546295019286,2.1641886923592,FALSE
CSR_488,4.38440307376069,1.34039660216354,FALSE
CSR_489,4.38440307376069,1.34039660216354,TRUE
CSR_490,4.38440307376069,1.34039660216354,FALSE
CSR_491,5.23784128053706,1.62254389030092,FALSE
CSR_492,4.38440307376069,1.34039660216354,FALSE
CSR_493,5.23784128053706,1.62254389030092,FALSE
CSR_494,5.23784128053706,1.62254389030092,FALSE
CSR_495,5.23784128053706,1.62254389030092,FALSE
CSR_496,2.96621011925251,0.692731097758787,FALSE
CSR_497,2.96621011925251,0.692731097758787,TRUE
CSR_498,2.96621011925251,0.692731097758787,FALSE
CSR_499,2.96621011925251,0.692731097758787,FALSE
CSR_500,2.96621011925251,0.692731097758787,FALSE
CSR_501,2.96621011925251,0.692731097758787,FALSE
CSR_502,2.96621011925251,0.692731097758787,FALSE
CSR_503,2.96621011925251,0.692731097758787,FALSE
CSR_504,3.07211058652984,0.897502119298492,FALSE
CSR_505,3.88638874428204,1.19402751521748,TRUE
CSR_506,3.60770089426617,1.1518806516094,FALSE
CSR_507,3.88638874428204,1.19402751521748,FALSE
CSR_508,2.62007987437749,0.769139175856052,FALSE
CSR_509,3.88638874428204,1.19402751521748,FALSE
CSR_510,3.60770089426617,1.1518806516094,FALSE
CSR_511,3.88638874428204,1.19402751521748,FALSE
CSR_512,4.02645037575388,1.57796854346793,FALSE
CSR_513,4.0784070738661,1.88042324805486,FALSE
CSR_514,4.02645037575388,1.57796854346793,FALSE
CSR_515,4.10571498147226,1.76942716160374,FALSE
CSR_516,4.02645037575388,1.57796854346793,FALSE
CSR_517,4.10571498147226,1.76942716160374,FALSE
CSR_518,4.02645037575388,1.57796854346793,FALSE
CSR_519,5.34810807247598,2.44940919203039,FALSE
CSR_520,4.4480520481881,1.37814928708485,FALSE
CSR_521,5.67748068920532,2.29969328067864,TRUE
CSR_522,5.23784128053706,1.62254389030092,FALSE
CSR_523,5.02187259633237,1.71448948423605,FALSE
CSR_524,4.4480520481881,1.37814928708485,FALSE
CSR_525,5.23784128053706,1.62254389030092,FALSE
CSR_526,5.23784128053706,1.62254389030092,FALSE
CSR_527,5.02187259633237,1.71448948423605,FALSE
CSR_528,2.23592873382133,0.641024417630083,FALSE
CSR_529,2.59793836467318,0.750838545443063,TRUE
CSR_530,2.38312857212888,0.672213781807382,FALSE
CSR_531,2.58533188047319,0.844522038664866,FALSE
CSR_532,2.38312857212888,0.672213781807382,FALSE
CSR_533,2.59793836467318,0.750838545443063,FALSE
CSR_534,2.59793836467318,0.750838545443063,FALSE
CSR_535,2.59793836467318,0.750838545443063,FALSE
CSR_536,3.07416409020422,1.01731097229104,FALSE
CSR_537,3.07416409020422,1.01731097229104,TRUE
CSR_538,3.07416409020422,1.01731097229104,FALSE
CSR_539,3.07416409020422,1.01731097229104,FALSE
CSR_540,3.09967436159071,0.918042895195143,FALSE
CSR_541,3.07416409020422,1.01731097229104,FALSE
CSR_542,3.07416409020422,1.01731097229104,FALSE
CSR_543,3.07416409020422,1.01731097229104,FALSE
CSR_544,3.00691382113339,1.29514839845177,FALSE
CSR_545,3.00691382113339,1.29514839845177,FALSE
CSR_546,3.00691382113339,1.29514839845177,FALSE
CSR_547,3.46803238195179,1.54909704120074,FALSE
CSR_548,3.46803238195179,1.54909704120074,FALSE
CSR_549,3.91029955285654,1.75917536837942,FALSE
CSR_550,3.46803238195179,1.54909704120074,FALSE
CSR_551,3.46803238195179,1.54909704120074,FALSE
CSR_552,2.4566126256584,1.12116854247996,FALSE
CSR_553,2.4566126256584,1.12116854247996,TRUE
CSR_554,2.4566126256584,1.12116854247996,FALSE
CSR_555,2.4566126256584,1.12116854247996,FALSE
CSR_556,2.4566126256584,1.12116854247996,FALSE
CSR_557,2.4566126256584,1.12116854247996,FALSE
CSR_558,2.48314118528043,1.05079531104067,FALSE
CSR_559,2.4566126256584,1.12116854247996,FALSE
CSR_560,2.33464038616496,1.01063760058828,FALSE
CSR_561,2.4566126256584,1.12116854247996,TRUE
CSR_562,2.48314118528043,1.05079531104067,FALSE
CSR_563,2.48314118528043,1.05079531104067,FALSE
CSR_564,2.61355603438823,1.06812766398989,FALSE
CSR_565,2.48314118528043,1.05079531104067,FALSE
CSR_566,2.48314118528043,1.05079531104067,FALSE
CSR_567,2.48314118528043,1.05079531104067,FALSE
CSR_568,2.19016530156424,0.967271097682598,FALSE
CSR_569,2.19016530156424,0.967271097682598,TRUE
CSR_570,2.19016530156424,0.967271097682598,FALSE
CSR_571,2.19016530156424,0.967271097682598,FALSE
CSR_572,2.19016530156424,0.967271097682598,FALSE
CSR_573,2.19016530156424,0.967271097682598,FALSE
CSR_574,2.19016530156424,0.967271097682598,FALSE
CSR_575,2.19016530156424,0.967271097682598,FALSE
CSR_576,1.82642993056574,0.530457863531896,FALSE
CSR_577,2.17803163365486,0.683793702158998,FALSE
CSR_578,2.03789339488108,0.645732007211342,FALSE
CSR_579,2.17803163365486,0.683793702158998,FALSE
CSR_580,2.03532829857744,0.551205164399894,FALSE
CSR_581,2.55042000859677,0.711262399913506,FALSE
CSR_582,2.03532829857744,0.551205164399894,FALSE
CSR_583,2.55042000859677,0.711262399913506,FALSE
CSR_584,2.11800850308,0.899176352367315,FALSE
CSR_585,2.11800850308,0.899176352367315,TRUE
CSR_586,2.11800850308,0.899176352367315,FALSE
CSR_587,2.11800850308,0.899176352367315,FALSE
CSR_588,2.04102729832642,0.912855938436685,FALSE
CSR_589,2.24348658590633,0.927070418706318,FALSE
CSR_590,2.11800850308,0.899176352367315,FALSE
CSR_591,2.11800850308,0.899176352367315,FALSE
CSR_592,1.93151882064036,0.891280134506472,FALSE
CSR_593,2.04102729832642,0.912855938436685,TRUE
CSR_594,2.04102729832642,0.912855938436685,FALSE
CSR_595,2.04102729832642,0.912855938436685,FALSE
CSR_596,1.93151882064036,0.891280134506472,FALSE
CSR_597,2.04102729832642,0.912855938436685,FALSE
CSR_598,2.04102729832642,0.912855938436685,FALSE
CSR_599,2.04102729832642,0.912855938436685,FALSE
CSR_600,2.04102729832642,0.912855938436685,FALSE
CSR_601,2.04102729832642,0.912855938436685,TRUE
CSR_602,2.04102729832642,0.912855938436685,FALSE
CSR_603,2.04102729832642,0.912855938436685,FALSE
CSR_604,2.04102729832642,0.912855938436685,FALSE
CSR_605,2.15907941448412,0.938004008658179,FALSE
CSR_606,2.04102729832642,0.912855938436685,FALSE
CSR_607,2.15907941448412,0.938004008658179,FALSE
CSR_608,2.00345362514223,0.876380848362702,FALSE
CSR_609,2.13770256736026,0.917817802313665,FALSE
CSR_610,2.00345362514223,0.876380848362702,FALSE
CSR_611,2.2882310930057,0.96819798062603,FALSE
CSR_612,2.23255260853793,0.916987890081938,FALSE
CSR_613,2.13770256736026,0.917817802313665,FALSE
CSR_614,2.25523307857049,0.846589729768527,FALSE
CSR_615,2.2882310930057,0.96819798062603,FALSE
CSR_616,2.00783589597994,0.880643190674805,FALSE
CSR_617,1.98610502284304,0.859485361076698,TRUE
CSR_618,1.92736102762359,0.887147991105725,FALSE
CSR_619,1.98610502284304,0.859485361076698,FALSE
CSR_620,2.00783589597994,0.880643190674805,FALSE
CSR_621,2.00783589597994,0.880643190674805,FALSE
CSR_622,2.00783589597994,0.880643190674805,FALSE
CSR_623,1.92736102762359,0.887147991105725,FALSE
CSR_624,2.00783589597994,0.880643190674805,FALSE
CSR_625,1.98610502284304,0.859485361076698,TRUE
CSR_626,2.00783589597994,0.880643190674805,FALSE
CSR_627,1.86074814322532,0.820676382678943,FALSE
CSR_628,2.00783589597994,0.880643190674805,FALSE
CSR_629,2.00783589597994,0.880643190674805,FALSE
CSR_630,2.00783589597994,0.880643190674805,FALSE
CSR_631,1.93937532844111,0.813799335666265,FALSE
CSR_632,1.92736102762359,0.887147991105725,FALSE
CSR_633,1.8065504272228,0.849633183393083,TRUE
CSR_634,1.92736102762359,0.887147991105725,FALSE
CSR_635,1.8065504272228,0.849633183393083,FALSE
CSR_636,1.92736102762359,0.887147991105725,FALSE
CSR_637,1.8065504272228,0.849633183393083,FALSE
CSR_638,1.92736102762359,0.887147991105725,FALSE
CSR_639,1.8065504272228,0.849633183393083,FALSE
JPL_0,2.61386925393479,0.868347553043745,FALSE
JPL_1,2.61386925393479,0.868347553043745,FALSE
JPL_2,2.61386925393479,0.868347553043745,FALSE
JPL_3,2.61386925393479,0.868347553043745,FALSE
JPL_4,2.61386925393479,0.868347553043745,FALSE
JPL_5,2.61386925393479,0.868347553043745,FALSE
JPL_6,2.61386925393479,0.868347553043745,FALSE
JPL_7,2.61386925393479,0.868347553043745,FALSE
JPL_8,2.74423550065697,0.870368103736374,FALSE
JPL_9,3.26437312264726,1.16065620839187,TRUE
JPL_10,2.85657027190871,0.9603163154408,FALSE
JPL_11,2.85657027190871,0.9603163154408,FALSE
JPL_12,3.13051247246916,0.940924207238534,FALSE
JPL_13,3.26437312264726,1.16065620839187,FALSE
JPL_14,3.13051247246916,0.940924207238534,FALSE
JPL_15,3.13051247246916,0.940924207238534,FALSE
JPL_16,2.81405361358186,0.926429608542516,FALSE
JPL_17,2.49097781017696,0.764962647307852,TRUE
JPL_18,2.81405361358186,0.926429608542516,FALSE
JPL_19,2.81405361358186,0.926429608542516,FALSE
JPL_20,2.64049648396016,0.890490216206359,FALSE
JPL_21,2.81405361358186,0.926429608542516,FALSE
JPL_22,2.64049648396016,0.890490216206359,FALSE
JPL_23,2.81405361358186,0.926429608542516,FALSE
JPL_24,2.03795681842054,0.553695264536682,FALSE
JPL_25,2.42861059636521,0.711598347028483,TRUE
JPL_26,2.03795681842054,0.553695264536682,FALSE
JPL_27,2.42861059636521,0.711598347028483,FALSE
JPL_28,2.52483892786247,0.793663409853542,FALSE
JPL_29,2.71525356692985,0.84692828119775,FALSE
JPL_30,2.27039624587704,0.671949182577733,FALSE
JPL_31,2.42861059636521,0.711598347028483,FALSE
JPL_32,3.64345002748275,1.439721699538,FALSE
JPL_33,3.64345002748275,1.439721699538,FALSE
JPL_34,3.64345002748275,1.439721699538,FALSE
JPL_35,3.64345002748275,1.439721699538,FALSE
JPL_36,3.4238007549172,1.15445627999532,FALSE
JPL_37,3.64345002748275,1.439721699538,FALSE
JPL_38,3.4238007549172,1.15445627999532,FALSE
JPL_39,3.64345002748275,1.439721699538,FALSE
JPL_40,4.78784654363462,1.38149389978605,FALSE
JPL_41,4.39528110445218,1.34685717879603,TRUE
JPL_42,4.78784654363462,1.38149389978605,FALSE
JPL_43,4.39528110445218,1.34685717879603,FALSE
JPL_44,4.78784654363462,1.38149389978605,FALSE
JPL_45,4.78784654363462,1.38149389978605,FALSE
JPL_46,4.78784654363462,1.38149389978605,FALSE
JPL_47,4.78784654363462,1.38149389978605,FALSE
JPL_48,2.81807906185984,0.819280003566018,FALSE
JPL_49,3.04653265754467,0.878360720743348,TRUE
JPL_50,2.81807906185984,0.819280003566018,FALSE
JPL_51,3.04653265754467,0.878360720743348,FALSE
JPL_52,2.81807906185984,0.819280003566018,FALSE
JPL_53,3.04653265754467,0.878360720743348,FALSE
JPL_54,3.04653265754467,0.878360720743348,FALSE
JPL_55,3.04653265754467,0.878360720743348,FALSE
JPL_56,2.60407457703437,0.75591879697567,FALSE
JPL_57,2.93872688271912,0.796705250257695,TRUE
JPL_58,2.60407457703437,0.75591879697567,FALSE
JPL_59,2.93872688271912,0.796705250257695,FALSE
JPL_60,2.60407457703437,0.75591879697567,FALSE
JPL_61,2.60407457703437,0.75591879697567,FALSE
JPL_62,2.60407457703437,0.75591879697567,FALSE
JPL_63,2.75880360796218,0.77225539694839,FALSE
JPL_64,2.42670054875133,0.216987027079519,FALSE
JPL_65,2.64378267655607,0.561242096788161,FALSE
JPL_66,2.42670054875133,0.216987027079519,FALSE
JPL_67,2.64378267655607,0.561242096788161,FALSE
JPL_68,2.69998190873214,0.607942817425046,FALSE
JPL_69,3.21565056956013,1.00360777669595,FALSE
JPL_70,2.69998190873214,0.607942817425046,FALSE
JPL_71,3.21565056956013,1.00360777669595,FALSE
JPL_72,3.91367406621926,0.886109684083055,FALSE
JPL_73,4.38556856140941,1.34108896971355,TRUE
JPL_74,3.91367406621926,0.886109684083055,FALSE
JPL_75,4.38556856140941,1.34108896971355,FALSE
JPL_76,3.91367406621926,0.886109684083055,FALSE
JPL_77,5.22837826350193,1.61750869652627,FALSE
JPL_78,3.91367406621926,0.886109684083055,FALSE
JPL_79,5.22837826350193,1.61750869652627,FALSE
JPL_80,1.9844770809396,0.404692685003162,FALSE
JPL_81,2.26717828409252,0.669072994826518,TRUE
JPL_82,1.9844770809396,0.404692685003162,FALSE
JPL_83,2.26717828409252,0.669072994826518,FALSE
JPL_84,1.9844770809396,0.404692685003162,FALSE
JPL_85,2.29318916284364,0.692259932637531,FALSE
JPL_86,1.9844770809396,0.404692685003162,FALSE
JPL_87,2.29318916284364,0.692259932637531,FALSE
JPL_88,2.14275675619711,0.743571160283661,FALSE
JPL_89,2.42039851105813,0.803900449808829,TRUE
JPL_90,2.14275675619711,0.743571160283661,FALSE
JPL_91,2.42039851105813,0.803900449808829,FALSE
JPL_92,2.27449076428106,0.77103718328391,FALSE
JPL_93,2.42039851105813,0.803900449808829,FALSE
JPL_94,2.27449076428106,0.77103718328391,FALSE
JPL_95,2.42039851105813,0.803900449808829,FALSE
JPL_96,3.78934567843146,2.02508371841827,FALSE
JPL_97,4.14604087500341,2.17777900498725,FALSE
JPL_98,3.78934567843146,2.02508371841827,FALSE
JPL_99,4.14604087500341,2.17777900498725,FALSE
JPL_100,4.28094815491574,2.15262465181803,FALSE
JPL_101,4.14604087500341,2.17777900498725,FALSE
JPL_102,4.78616392098598,2.23510083364462,FALSE
JPL_103,4.11121399271456,2.02961375499445,FALSE
JPL_104,2.67587934512157,1.0217185413672,FALSE
JPL_105,3.22664617518848,1.13242212650938,TRUE
JPL_106,2.84750716669738,1.06018158026688,FALSE
JPL_107,3.22664617518848,1.13242212650938,FALSE
JPL_108,2.77978350448152,1.00510188650578,FALSE
JPL_109,3.22664617518848,1.13242212650938,FALSE
JPL_110,2.77978350448152,1.00510188650578,FALSE
JPL_111,3.22664617518848,1.13242212650938,FALSE
JPL_112,2.09146541599445,0.69596342389566,FALSE
JPL_113,2.27499490770094,0.771489178205483,TRUE
JPL_114,2.09615078618346,0.790046412165023,FALSE
JPL_115,2.27499490770094,0.771489178205483,FALSE
JPL_116,2.09146541599445,0.69596342389566,FALSE
JPL_117,2.25577751481852,0.658865184479574,FALSE
JPL_118,2.07453728128374,0.588142580426369,FALSE
JPL_119,2.25577751481852,0.658865184479574,FALSE
JPL_120,1.84481233517766,0.720493098515037,FALSE
JPL_121,2.28544153497907,0.873978822530441,TRUE
JPL_122,1.84481233517766,0.720493098515037,FALSE
JPL_123,2.28544153497907,0.873978822530441,FALSE
JPL_124,1.82050366957896,0.61138250589732,FALSE
JPL_125,2.14940308559162,0.749708816296446,FALSE
JPL_126,1.92595209432496,0.62794408998265,FALSE
JPL_127,2.14940308559162,0.749708816296446,FALSE
JPL_128,3.55358619814591,1.49652989341085,FALSE
JPL_129,3.55358619814591,1.49652989341085,FALSE
JPL_130,3.55358619814591,1.49652989341085,FALSE
JPL_131,3.55358619814591,1.49652989341085,FALSE
JPL_132,3.27262090866252,1.04520179862346,FALSE
JPL_133,3.27262090866252,1.04520179862346,FALSE
JPL_134,3.27262090866252,1.04520179862346,FALSE
JPL_135,3.27262090866252,1.04520179862346,FALSE
JPL_136,2.97140391641694,0.821637813546218,FALSE
JPL_137,2.97140391641694,0.821637813546218,TRUE
JPL_138,2.97140391641694,0.821637813546218,FALSE
JPL_139,2.97140391641694,0.821637813546218,FALSE
JPL_140,2.97140391641694,0.821637813546218,FALSE
JPL_141,2.97140391641694,0.821637813546218,FALSE
JPL_142,2.97140391641694,0.821637813546218,FALSE
JPL_143,2.97140391641694,0.821637813546218,FALSE
JPL_144,1.5894799521024,0.374841347690312,FALSE
JPL_145,1.94447084484033,0.556626697896241,TRUE
JPL_146,1.72637733419802,0.429513163277002,FALSE
JPL_147,1.94447084484033,0.556626697896241,FALSE
JPL_148,1.72637733419802,0.429513163277002,FALSE
JPL_149,1.94447084484033,0.556626697896241,FALSE
JPL_150,1.72637733419802,0.429513163277002,FALSE
JPL_151,1.94447084484033,0.556626697896241,FALSE
JPL_152,1.70038107266412,0.490494943015937,FALSE
JPL_153,1.77862657704033,0.482658400296621,TRUE
JPL_154,1.70038107266412,0.490494943015937,FALSE
JPL_155,1.97742446877216,0.588302910382146,FALSE
JPL_156,1.62535342686731,0.498083257404942,FALSE
JPL_157,1.69915675785006,0.489242306637645,FALSE
JPL_158,1.62535342686731,0.498083257404942,FALSE
JPL_159,1.69915675785006,0.489242306637645,FALSE
JPL_160,3.20285370974629,1.11456880694611,FALSE
JPL_161,3.20285370974629,1.11456880694611,FALSE
JPL_162,3.20285370974629,1.11456880694611,FALSE
JPL_163,3.20285370974629,1.11456880694611,FALSE
JPL_164,3.28694786005549,1.05562235036934,FALSE
JPL_165,3.20285370974629,1.11456880694611,FALSE
JPL_166,3.28694786005549,1.05562235036934,FALSE
JPL_167,3.20285370974629,1.11456880694611,FALSE
JPL_168,5.49838809083864,2.19340539005858,FALSE
JPL_169,5.49838809083864,2.19340539005858,TRUE
JPL_170,4.57544079003904,1.79554578171565,FALSE
JPL_171,5.49838809083864,2.19340539005858,FALSE
JPL_172,5.49838809083864,2.19340539005858,FALSE
JPL_173,5.49838809083864,2.19340539005858,FALSE
JPL_174,5.49838809083864,2.19340539005858,FALSE
JPL_175,5.49838809083864,2.19340539005858,FALSE
JPL_176,2.74092340721166,0.641322826292532,FALSE
JPL_177,3.14860562991261,0.828877206631313,TRUE
JPL_178,2.74092340721166,0.641322826292532,FALSE
JPL_179,3.71756354393149,1.0842528176522,FALSE
JPL_180,2.96706375760528,0.69338514759556,FALSE
JPL_181,3.24150174558708,0.760345785990701,FALSE
JPL_182,2.96706375760528,0.69338514759556,FALSE
JPL_183,4.00584391627763,1.11259148232594,FALSE
JPL_184,3.96352849742252,1.24369254879473,FALSE
JPL_185,3.86298364926757,1.32526518569522,TRUE
JPL_186,3.96352849742252,1.24369254879473,FALSE
JPL_187,4.3243636851052,1.4730981293871,FALSE
JPL_188,3.96352849742252,1.24369254879473,FALSE
JPL_189,3.96352849742252,1.24369254879473,FALSE
JPL_190,3.96352849742252,1.24369254879473,FALSE
JPL_191,3.96352849742252,1.24369254879473,FALSE
JPL_192,2.29248255328313,0.691631849528913,FALSE
JPL_193,2.55011582020454,1.01344471495481,FALSE
JPL_194,2.29248255328313,0.691631849528913,FALSE
JPL_195,2.55011582020454,1.01344471495481,FALSE
JPL_196,2.56962345673193,0.83136325945575,FALSE
JPL_197,2.87801542499001,0.977342459454952,FALSE
JPL_198,2.55491624104804,0.715025803360984,FALSE
JPL_199,3.06392468730675,1.1233253957975,FALSE
JPL_200,2.52611114773073,0.139369056389707,FALSE
JPL_201,3.02804431168697,0.739655497472577,TRUE
JPL_202,2.52611114773073,0.139369056389707,FALSE
JPL_203,2.96645251640708,0.552985500634249,FALSE
JPL_204,2.52611114773073,0.139369056389707,FALSE
JPL_205,2.76647320010117,0.533639801778798,FALSE
JPL_206,2.52611114773073,0.139369056389707,FALSE
JPL_207,2.76647320010117,0.533639801778798,FALSE
JPL_208,2.42049236590652,0.48833824146343,FALSE
JPL_209,2.59747968112614,0.521892580762555,TRUE
JPL_210,2.73114524465079,0.503961489496751,FALSE
JPL_211,2.59747968112614,0.521892580762555,FALSE
JPL_212,2.73114524465079,0.503961489496751,FALSE
JPL_213,2.73114524465079,0.503961489496751,FALSE
JPL_214,2.73114524465079,0.503961489496751,FALSE
JPL_215,2.73114524465079,0.503961489496751,FALSE
JPL_216,2.73198026357952,0.504669457194217,FALSE
JPL_217,2.92443946634932,0.518976821802308,TRUE
JPL_218,2.73198026357952,0.504669457194217,FALSE
JPL_219,2.92443946634932,0.518976821802308,FALSE
JPL_220,2.73198026357952,0.504669457194217,FALSE
JPL_221,3.20606349125611,0.579688978272784,FALSE
JPL_222,2.92443946634932,0.518976821802308,FALSE
JPL_223,3.20606349125611,0.579688978272784,FALSE
JPL_224,1.91346246364421,0.0927512945570838,FALSE
JPL_225,1.78672359401869,0.073882135179958,FALSE
JPL_226,1.78672359401869,0.073882135179958,FALSE
JPL_227,1.78672359401869,0.073882135179958,FALSE
JPL_228,2.11667242095834,0.429786131043294,FALSE
JPL_229,1.97507252473262,0.395357443390937,FALSE
JPL_230,2.11667242095834,0.429786131043294,FALSE
JPL_231,1.97507252473262,0.395357443390937,FALSE
JPL_232,1.53415337761496,0.222573887720831,FALSE
JPL_233,1.53415337761496,0.222573887720831,TRUE
JPL_234,1.53415337761496,0.222573887720831,FALSE
JPL_235,1.53415337761496,0.222573887720831,FALSE
JPL_236,1.53415337761496,0.222573887720831,FALSE
JPL_237,1.53415337761496,0.222573887720831,FALSE
JPL_238,1.53415337761496,0.222573887720831,FALSE
JPL_239,1.53415337761496,0.222573887720831,FALSE
JPL_240,1.62286084428923,0.41016060045303,FALSE
JPL_241,1.62286084428923,0.41016060045303,TRUE
JPL_242,1.62286084428923,0.41016060045303,FALSE
JPL_243,1.68410336905129,0.385706081022645,FALSE
JPL_244,1.62286084428923,0.41016060045303,FALSE
JPL_245,1.62286084428923,0.41016060045303,FALSE
JPL_246,1.62286084428923,0.41016060045303,FALSE
JPL_247,1.62286084428923,0.41016060045303,FALSE
JPL_248,1.55584653296332,0.338732765685849,FALSE
JPL_249,1.63443007866958,0.333143634707111,TRUE
JPL_250,1.55584653296332,0.338732765685849,FALSE
JPL_251,1.63443007866958,0.333143634707111,FALSE
JPL_252,1.63443007866958,0.333143634707111,FALSE
JPL_253,1.63443007866958,0.333143634707111,FALSE
JPL_254,1.63443007866958,0.333143634707111,FALSE
JPL_255,1.63443007866958,0.333143634707111,FALSE
JPL_256,1.55614750405093,0.508639165375298,FALSE
JPL_257,1.55614750405093,0.508639165375298,FALSE
JPL_258,1.66918002856361,0.54333956895153,FALSE
JPL_259,1.55614750405093,0.508639165375298,FALSE
JPL_260,1.66918002856361,0.54333956895153,FALSE
JPL_261,1.55614750405093,0.508639165375298,FALSE
JPL_262,1.66918002856361,0.54333956895153,FALSE
JPL_263,1.55614750405093,0.508639165375298,FALSE
JPL_264,1.25035052937248,0.336049296896066,FALSE
JPL_265,1.33321978550585,0.429064487439806,TRUE
JPL_266,1.25035052937248,0.336049296896066,FALSE
JPL_267,1.36054863533489,0.378982447893588,FALSE
JPL_268,1.25035052937248,0.336049296896066,FALSE
JPL_269,1.25035052937248,0.336049296896066,FALSE
JPL_270,1.25035052937248,0.336049296896066,FALSE
JPL_271,1.25035052937248,0.336049296896066,FALSE
JPL_272,1.25035052937248,0.336049296896066,FALSE
JPL_273,1.36054863533489,0.378982447893588,TRUE
JPL_274,1.25035052937248,0.336049296896066,FALSE
JPL_275,1.36054863533489,0.378982447893588,FALSE
JPL_276,1.25035052937248,0.336049296896066,FALSE
JPL_277,1.25035052937248,0.336049296896066,FALSE
JPL_278,1.25035052937248,0.336049296896066,FALSE
JPL_279,1.25035052937248,0.336049296896066,FALSE
JPL_280,1.25035052937248,0.336049296896066,FALSE
JPL_281,1.25035052937248,0.336049296896066,TRUE
JPL_282,1.25035052937248,0.336049296896066,FALSE
JPL_283,1.25035052937248,0.336049296896066,FALSE
JPL_284,1.25035052937248,0.336049296896066,FALSE
JPL_285,1.25035052937248,0.336049296896066,FALSE
JPL_286,1.25035052937248,0.336049296896066,FALSE
JPL_287,1.25035052937248,0.336049296896066,FALSE
JPL_288,1.44522332077462,0.630987122634609,FALSE
JPL_289,1.54190365077142,0.655442010399816,FALSE
JPL_290,1.44522332077462,0.630987122634609,FALSE
JPL_291,1.44522332077462,0.630987122634609,FALSE
JPL_292,1.44522332077462,0.630987122634609,FALSE
JPL_293,1.54190365077142,0.655442010399816,FALSE
JPL_294,1.44522332077462,0.630987122634609,FALSE
JPL_295,1.54190365077142,0.655442010399816,FALSE
JPL_296,1.23094623551622,0.471237247320255,FALSE
JPL_297,1.23094623551622,0.471237247320255,TRUE
JPL_298,1.23094623551622,0.471237247320255,FALSE
JPL_299,1.23094623551622,0.471237247320255,FALSE
JPL_300,1.23094623551622,0.471237247320255,FALSE
JPL_301,1.23094623551622,0.471237247320255,FALSE
JPL_302,1.23094623551622,0.471237247320255,FALSE
JPL_303,1.23094623551622,0.471237247320255,FALSE
JPL_304,1.23094623551622,0.471237247320255,FALSE
JPL_305,1.23094623551622,0.471237247320255,TRUE
JPL_306,1.23094623551622,0.471237247320255,FALSE
JPL_307,1.23094623551622,0.471237247320255,FALSE
JPL_308,1.23094623551622,0.471237247320255,FALSE
JPL_309,1.23094623551622,0.471237247320255,FALSE
JPL_310,1.23094623551622,0.471237247320255,FALSE
JPL_311,1.23094623551622,0.471237247320255,FALSE
JPL_312,1.13987119955984,0.444080245238041,FALSE
JPL_313,1.13987119955984,0.444080245238041,TRUE
JPL_314,1.13987119955984,0.444080245238041,FALSE
JPL_315,0.99687584760909,0.352785957573488,FALSE
JPL_316,1.13987119955984,0.444080245238041,FALSE
JPL_317,1.13987119955984,0.444080245238041,FALSE
JPL_318,1.13987119955984,0.444080245238041,FALSE
JPL_319,1.13987119955984,0.444080245238041,FALSE
JPL_320,1.47399952120146,0.152631278544087,FALSE
JPL_321,1.47399952120146,0.152631278544087,FALSE
JPL_322,1.47399952120146,0.152631278544087,FALSE
JPL_323,1.47399952120146,0.152631278544087,FALSE
JPL_324,1.47399952120146,0.152631278544087,FALSE
JPL_325,1.47399952120146,0.152631278544087,FALSE
JPL_326,1.64187486869822,0.245930688312869,FALSE
JPL_327,1.47399952120146,0.152631278544087,FALSE
JPL_328,1.3008595966667,-0.0704657271500852,FALSE
JPL_329,1.39388098941871,-0.060815740840308,TRUE
JPL_330,1.3008595966667,-0.0704657271500852,FALSE
JPL_331,1.39388098941871,-0.060815740840308,FALSE
JPL_332,1.39388098941871,-0.060815740840308,FALSE
JPL_333,1.39388098941871,-0.060815740840308,FALSE
JPL_334,1.3008595966667,-0.0704657271500852,FALSE
JPL_335,1.39388098941871,-0.060815740840308,FALSE
JPL_336,1.4693729560234,-0.0827225885599029,FALSE
JPL_337,1.4693729560234,-0.0827225885599029,TRUE
JPL_338,1.4693729560234,-0.0827225885599029,FALSE
JPL_339,1.4693729560234,-0.0827225885599029,FALSE
JPL_340,1.4693729560234,-0.0827225885599029,FALSE
JPL_341,1.4693729560234,-0.0827225885599029,FALSE
JPL_342,1.4693729560234,-0.0827225885599029,FALSE
JPL_343,1.4693729560234,-0.0827225885599029,FALSE
JPL_344,1.54743339199379,0.237614983549292,FALSE
JPL_345,1.54743339199379,0.237614983549292,TRUE
JPL_346,1.54743339199379,0.237614983549292,FALSE
JPL_347,1.54743339199379,0.237614983549292,FALSE
JPL_348,1.54743339199379,0.237614983549292,FALSE
JPL_349,1.54743339199379,0.237614983549292,FALSE
JPL_350,1.54743339199379,0.237614983549292,FALSE
JPL_351,1.67979218877499,0.469365472220357,FALSE
JPL_352,3.02251516811777,1.20083245827739,FALSE
JPL_353,2.66080646463778,1.00905247143192,FALSE
JPL_354,3.02251516811777,1.20083245827739,FALSE
JPL_355,2.66080646463778,1.00905247143192,FALSE
JPL_356,3.02251516811777,1.20083245827739,FALSE
JPL_357,3.02251516811777,1.20083245827739,FALSE
JPL_358,3.02251516811777,1.20083245827739,FALSE
JPL_359,3.02251516811777,1.20083245827739,FALSE
JPL_360,2.52432110292471,0.793225822838932,FALSE
JPL_361,2.48538856256496,0.760207703593815,TRUE
JPL_362,2.52432110292471,0.793225822838932,FALSE
JPL_363,2.48538856256496,0.760207703593815,FALSE
JPL_364,2.52432110292471,0.793225822838932,FALSE
JPL_365,2.68869422594958,0.8253519873867,FALSE
JPL_366,2.52432110292471,0.793225822838932,FALSE
JPL_367,2.78775606268525,0.905377185202586,FALSE
JPL_368,2.31502397514505,0.612364509828881,FALSE
JPL_369,2.72522556141058,0.745353595936113,TRUE
JPL_370,2.18476964409335,0.594601930475246,FALSE
JPL_371,2.72522556141058,0.745353595936113,FALSE
JPL_372,2.31502397514505,0.612364509828881,FALSE
JPL_373,2.72522556141058,0.745353595936113,FALSE
JPL_374,2.31502397514505,0.612364509828881,FALSE
JPL_375,2.72522556141058,0.745353595936113,FALSE
JPL_376,2.39613264839235,0.782804408192341,FALSE
JPL_377,2.1594722892513,0.666814174228863,TRUE
JPL_378,2.39613264839235,0.782804408192341,FALSE
JPL_379,2.1594722892513,0.666814174228863,FALSE
JPL_380,2.39613264839235,0.782804408192341,FALSE
JPL_381,2.1594722892513,0.666814174228863,FALSE
JPL_382,2.39613264839235,0.782804408192341,FALSE
JPL_383,2.1594722892513,0.666814174228863,FALSE
JPL_384,3.50686135301157,1.21389120229305,FALSE
JPL_385,3.50686135301157,1.21389120229305,FALSE
JPL_386,3.57329097044272,1.12826115933203,FALSE
JPL_387,3.50686135301157,1.21389120229305,FALSE
JPL_388,3.57329097044272,1.12826115933203,FALSE
JPL_389,3.57329097044272,1.12826115933203,FALSE
JPL_390,3.57329097044272,1.12826115933203,FALSE
JPL_391,3.57329097044272,1.12826115933203,FALSE
JPL_392,3.69683636756636,1.07065220918041,FALSE
JPL_393,3.69683636756636,1.07065220918041,TRUE
JPL_394,3.69683636756636,1.07065220918041,FALSE
JPL_395,3.69683636756636,1.07065220918041,FALSE
JPL_396,3.36736245940803,0.985251304509287,FALSE
JPL_397,3.69683636756636,1.07065220918041,FALSE
JPL_398,3.36736245940803,0.985251304509287,FALSE
JPL_399,3.69683636756636,1.07065220918041,FALSE
JPL_400,2.5233205904149,0.792380228484836,FALSE
JPL_401,2.54660533427031,0.708066259233022,TRUE
JPL_402,2.5233205904149,0.792380228484836,FALSE
JPL_403,2.54660533427031,0.708066259233022,FALSE
JPL_404,2.5233205904149,0.792380228484836,FALSE
JPL_405,2.54660533427031,0.708066259233022,FALSE
JPL_406,2.5233205904149,0.792380228484836,FALSE
JPL_407,2.73219907549394,0.750957513520986,FALSE
JPL_408,2.1307841988889,0.640427529871478,FALSE
JPL_409,2.54684223739316,0.812221111706461,TRUE
JPL_410,2.1307841988889,0.640427529871478,FALSE
JPL_411,2.54576879451052,0.911673011374112,FALSE
JPL_412,2.15718876819836,0.664720225284346,FALSE
JPL_413,2.54684223739316,0.812221111706461,FALSE
JPL_414,2.15718876819836,0.664720225284346,FALSE
JPL_415,2.54684223739316,0.812221111706461,FALSE
JPL_416,3.50143140133139,1.45749212080258,FALSE
JPL_417,3.83734653050726,1.70606579727496,FALSE
JPL_418,3.50143140133139,1.45749212080258,FALSE
JPL_419,3.83734653050726,1.70606579727496,FALSE
JPL_420,3.50143140133139,1.45749212080258,FALSE
JPL_421,3.83734653050726,1.70606579727496,FALSE
JPL_422,3.50143140133139,1.45749212080258,FALSE
JPL_423,3.83734653050726,1.70606579727496,FALSE
JPL_424,2.74018052397589,0.640721557557547,FALSE
JPL_425,2.81333294176609,0.815534995365314,TRUE
JPL_426,2.74018052397589,0.640721557557547,FALSE
JPL_427,2.74018052397589,0.640721557557547,FALSE
JPL_428,2.74018052397589,0.640721557557547,FALSE
JPL_429,2.74018052397589,0.640721557557547,FALSE
JPL_430,2.74018052397589,0.640721557557547,FALSE
JPL_431,2.74018052397589,0.640721557557547,FALSE
JPL_432,2.10838989093125,0.523922162825852,FALSE
JPL_433,2.24243182410161,0.547180032978141,TRUE
JPL_434,2.10838989093125,0.523922162825852,FALSE
JPL_435,2.43742475367562,0.615187253191612,FALSE
JPL_436,1.99625574461153,0.5139348732022,FALSE
JPL_437,2.43742475367562,0.615187253191612,FALSE
JPL_438,2.1190315159077,0.533880592854809,FALSE
JPL_439,2.57772919801457,0.624355920137759,FALSE
JPL_440,1.86137917582859,0.475319317781207,FALSE
JPL_441,1.89233753774642,0.505876288674031,TRUE
JPL_442,1.86137917582859,0.475319317781207,FALSE
JPL_443,1.89233753774642,0.505876288674031,FALSE
JPL_444,1.86137917582859,0.475319317781207,FALSE
JPL_445,2.02333219544065,0.53981408708473,FALSE
JPL_446,1.86137917582859,0.475319317781207,FALSE
JPL_447,1.89233753774642,0.505876288674031,FALSE
JPL_448,3.01014207214056,1.08136996254625,FALSE
JPL_449,3.01014207214056,1.08136996254625,FALSE
JPL_450,3.04145197681744,0.992383584081759,FALSE
JPL_451,2.97737838798017,0.94328177244331,FALSE
JPL_452,3.03048088198659,0.866306349869496,FALSE
JPL_453,3.03048088198659,0.866306349869496,FALSE
JPL_454,3.03048088198659,0.866306349869496,FALSE
JPL_455,3.03048088198659,0.866306349869496,FALSE
JPL_456,2.60525296194583,0.647337286635936,FALSE
JPL_457,3.15016618986865,0.830015314218752,TRUE
JPL_458,2.60525296194583,0.647337286635936,FALSE
JPL_459,3.15016618986865,0.830015314218752,FALSE
JPL_460,2.60525296194583,0.647337286635936,FALSE
JPL_461,2.97140391641694,0.821637813546218,FALSE
JPL_462,2.60525296194583,0.647337286635936,FALSE
JPL_463,2.97140391641694,0.821637813546218,FALSE
JPL_464,2.05097120306604,0.565994219038474,FALSE
JPL_465,2.1336551082136,0.547503618891492,TRUE
JPL_466,2.05097120306604,0.565994219038474,FALSE
JPL_467,2.1336551082136,0.547503618891492,FALSE
JPL_468,1.94447084484033,0.556626697896241,FALSE
JPL_469,2.05097120306604,0.565994219038474,FALSE
JPL_470,2.05097120306604,0.565994219038474,FALSE
JPL_471,2.05097120306604,0.565994219038474,FALSE
JPL_472,1.57886667776331,0.449471003731768,FALSE
JPL_473,1.77831122498758,0.482340613531034,TRUE
JPL_474,1.70038107266412,0.490494943015937,FALSE
JPL_475,1.86158277064258,0.475521390787549,FALSE
JPL_476,1.70038107266412,0.490494943015937,FALSE
JPL_477,1.86158277064258,0.475521390787549,FALSE
JPL_478,1.70038107266412,0.490494943015937,FALSE
JPL_479,1.86158277064258,0.475521390787549,FALSE
JPL_480,4.61564364214458,1.82151111256039,FALSE
JPL_481,4.72187750567598,2.04576899390892,FALSE
JPL_482,4.61564364214458,1.82151111256039,FALSE
JPL_483,4.72187750567598,2.04576899390892,FALSE
JPL_484,4.68158854881682,1.69646727534341,FALSE
JPL_485,4.70649763654819,1.87996101071045,FALSE
JPL_486,4.41204362428408,1.35680568631432,FALSE
JPL_487,4.70649763654819,1.87996101071045,FALSE
JPL_488,3.46002556772271,0.912602396008934,FALSE
JPL_489,3.76207230674412,1.25708281211684,TRUE
JPL_490,3.46002556772271,0.912602396008934,FALSE
JPL_491,3.76207230674412,1.25708281211684,FALSE
JPL_492,4.38440307376069,1.34039660216354,FALSE
JPL_493,5.02187259633237,1.71448948423605,FALSE
JPL_494,4.38440307376069,1.34039660216354,FALSE
JPL_495,5.02187259633237,1.71448948423605,FALSE
JPL_496,2.96621011925251,0.692731097758787,FALSE
JPL_497,2.91911311952205,0.78165511203551,TRUE
JPL_498,2.96621011925251,0.692731097758787,FALSE
JPL_499,2.91911311952205,0.78165511203551,FALSE
JPL_500,2.96621011925251,0.692731097758787,FALSE
JPL_501,2.96621011925251,0.692731097758787,FALSE
JPL_502,2.96621011925251,0.692731097758787,FALSE
JPL_503,2.96621011925251,0.692731097758787,FALSE
JPL_504,1.99914477519355,0.609029099909671,FALSE
JPL_505,2.85763983040424,0.96116650054362,TRUE
JPL_506,1.99914477519355,0.609029099909671,FALSE
JPL_507,2.85763983040424,0.96116650054362,FALSE
JPL_508,2.44629621423112,0.826324186954536,FALSE
JPL_509,2.58123153006883,0.941832192866978,FALSE
JPL_510,2.44629621423112,0.826324186954536,FALSE
JPL_511,2.58123153006883,0.941832192866978,FALSE
JPL_512,3.56234840172705,1.12073553532703,FALSE
JPL_513,3.22576071874268,1.01100831741443,FALSE
JPL_514,3.56234840172705,1.12073553532703,FALSE
JPL_515,3.22576071874268,1.01100831741443,FALSE
JPL_516,3.56234840172705,1.12073553532703,FALSE
JPL_517,3.56234840172705,1.12073553532703,FALSE
JPL_518,3.56234840172705,1.12073553532703,FALSE
JPL_519,3.56234840172705,1.12073553532703,FALSE
JPL_520,2.06905631382376,0.486762277149649,FALSE
JPL_521,2.40821933295594,0.589815247206212,TRUE
JPL_522,2.06905631382376,0.486762277149649,FALSE
JPL_523,2.58058076100359,0.62674665620394,FALSE
JPL_524,2.25611841917501,0.559594461680663,FALSE
JPL_525,2.34731169968379,0.53603444991588,FALSE
JPL_526,2.25611841917501,0.559594461680663,FALSE
JPL_527,2.34731169968379,0.53603444991588,FALSE
JPL_528,1.99304625380763,0.510851112382427,FALSE
JPL_529,2.16096179150216,0.572760808045652,TRUE
JPL_530,1.99304625380763,0.510851112382427,FALSE
JPL_531,2.16096179150216,0.572760808045652,FALSE
JPL_532,2.24856145159471,0.652389457819325,FALSE
JPL_533,2.11582185813257,0.530881055771493,FALSE
JPL_534,2.24856145159471,0.652389457819325,FALSE
JPL_535,1.98425798590441,0.502388816808071,FALSE
JPL_536,1.6512336214149,0.524869571371047,FALSE
JPL_537,1.6512336214149,0.524869571371047,TRUE
JPL_538,1.6512336214149,0.524869571371047,FALSE
JPL_539,1.6512336214149,0.524869571371047,FALSE
JPL_540,1.6512336214149,0.524869571371047,FALSE
JPL_541,1.6512336214149,0.524869571371047,FALSE
JPL_542,1.6512336214149,0.524869571371047,FALSE
JPL_543,1.6512336214149,0.524869571371047,FALSE
JPL_544,1.79559867058401,0.409167193837282,FALSE
JPL_545,1.79559867058401,0.409167193837282,FALSE
JPL_546,1.79559867058401,0.409167193837282,FALSE
JPL_547,1.79559867058401,0.409167193837282,FALSE
JPL_548,1.79559867058401,0.409167193837282,FALSE
JPL_549,1.79559867058401,0.409167193837282,FALSE
JPL_550,1.79559867058401,0.409167193837282,FALSE
JPL_551,1.79559867058401,0.409167193837282,FALSE
JPL_552,1.59402341137101,0.379677650496913,FALSE
JPL_553,1.59402341137101,0.379677650496913,TRUE
JPL_554,1.59402341137101,0.379677650496913,FALSE
JPL_555,1.59402341137101,0.379677650496913,FALSE
JPL_556,1.59402341137101,0.379677650496913,FALSE
JPL_557,1.55883596483218,0.428304636673723,FALSE
JPL_558,1.59402341137101,0.379677650496913,FALSE
JPL_559,1.55883596483218,0.428304636673723,FALSE
JPL_560,1.59402341137101,0.379677650496913,FALSE
JPL_561,1.70349383910126,0.405897332534015,TRUE
JPL_562,1.59402341137101,0.379677650496913,FALSE
JPL_563,1.70349383910126,0.405897332534015,FALSE
JPL_564,1.87403388201375,0.487850736072583,FALSE
JPL_565,1.70349383910126,0.405897332534015,FALSE
JPL_566,1.87403388201375,0.487850736072583,FALSE
JPL_567,1.70349383910126,0.405897332534015,FALSE
JPL_568,1.51353752506341,0.379880461505112,FALSE
JPL_569,1.47568345397473,0.422904149408312,TRUE
JPL_570,1.48073944716832,0.428351358672508,FALSE
JPL_571,1.47568345397473,0.422904149408312,FALSE
JPL_572,1.58206960520491,0.452842615598866,FALSE
JPL_573,1.58206960520491,0.452842615598866,FALSE
JPL_574,1.48073944716832,0.428351358672508,FALSE
JPL_575,1.47568345397473,0.422904149408312,FALSE
JPL_576,0.720777932474527,-0.167141296646668,FALSE
JPL_577,0.826513043994003,-0.110132740865805,FALSE
JPL_578,0.720777932474527,-0.167141296646668,FALSE
JPL_579,0.826513043994003,-0.110132740865805,FALSE
JPL_580,0.826513043994003,-0.110132740865805,FALSE
JPL_581,0.826513043994003,-0.110132740865805,FALSE
JPL_582,0.826513043994003,-0.110132740865805,FALSE
JPL_583,0.826513043994003,-0.110132740865805,FALSE
JPL_584,0.881683416832626,-0.128526369582861,FALSE
JPL_585,0.881683416832626,-0.128526369582861,TRUE
JPL_586,0.961462050272472,-0.114705093264333,FALSE
JPL_587,0.881683416832626,-0.128526369582861,FALSE
JPL_588,0.961462050272472,-0.114705093264333,FALSE
JPL_589,0.881683416832626,-0.128526369582861,FALSE
JPL_590,0.961462050272472,-0.114705093264333,FALSE
JPL_591,0.881683416832626,-0.128526369582861,FALSE
JPL_592,0.961462050272472,-0.114705093264333,FALSE
JPL_593,0.961462050272472,-0.114705093264333,TRUE
JPL_594,0.961462050272472,-0.114705093264333,FALSE
JPL_595,0.961462050272472,-0.114705093264333,FALSE
JPL_596,0.961462050272472,-0.114705093264333,FALSE
JPL_597,0.961462050272472,-0.114705093264333,FALSE
JPL_598,0.961462050272472,-0.114705093264333,FALSE
JPL_599,0.961462050272472,-0.114705093264333,FALSE
JPL_600,0.961462050272472,-0.114705093264333,FALSE
JPL_601,0.961462050272472,-0.114705093264333,TRUE
JPL_602,0.961462050272472,-0.114705093264333,FALSE
JPL_603,0.961462050272472,-0.114705093264333,FALSE
JPL_604,0.961462050272472,-0.114705093264333,FALSE
JPL_605,0.961462050272472,-0.114705093264333,FALSE
JPL_606,0.961462050272472,-0.114705093264333,FALSE
JPL_607,0.961462050272472,-0.114705093264333,FALSE
JPL_608,0.611469168314619,-0.140698132708642,FALSE
JPL_609,0.611469168314619,-0.140698132708642,FALSE
JPL_610,0.611469168314619,-0.140698132708642,FALSE
JPL_611,0.611469168314619,-0.140698132708642,FALSE
JPL_612,0.744480110897823,-0.132821259796787,FALSE
JPL_613,0.64445725171325,-0.184254623892547,FALSE
JPL_614,0.744480110897823,-0.132821259796787,FALSE
JPL_615,0.64445725171325,-0.184254623892547,FALSE
JPL_616,0.700380714663758,-0.197254451133041,FALSE
JPL_617,0.700380714663758,-0.197254451133041,TRUE
JPL_618,0.700380714663758,-0.197254451133041,FALSE
JPL_619,0.700380714663758,-0.197254451133041,FALSE
JPL_620,0.802558885026647,-0.144510068661011,FALSE
JPL_621,0.700380714663758,-0.197254451133041,FALSE
JPL_622,0.802558885026647,-0.144510068661011,FALSE
JPL_623,0.700380714663758,-0.197254451133041,FALSE
JPL_624,0.802558885026647,-0.144510068661011,FALSE
JPL_625,0.700380714663758,-0.197254451133041,TRUE
JPL_626,0.802558885026647,-0.144510068661011,FALSE
JPL_627,0.700380714663758,-0.197254451133041,FALSE
JPL_628,0.802558885026647,-0.144510068661011,FALSE
JPL_629,0.700380714663758,-0.197254451133041,FALSE
JPL_630,0.802558885026647,-0.144510068661011,FALSE
JPL_631,0.700380714663758,-0.197254451133041,FALSE
JPL_632,0.700380714663758,-0.197254451133041,FALSE
JPL_633,0.700380714663758,-0.197254451133041,TRUE
JPL_634,0.700380714663758,-0.197254451133041,FALSE
JPL_635,0.700380714663758,-0.197254451133041,FALSE
JPL_636,0.700380714663758,-0.197254451133041,FALSE
JPL_637,0.700380714663758,-0.197254451133041,FALSE
JPL_638,0.700380714663758,-0.197254451133041,FALSE
JPL_639,0.700380714663758,-0.197254451133041,FALSE
GFZ_0,3.09569155014753,0.915080206154587,FALSE
GFZ_1,3.09569155014753,0.915080206154587,FALSE
GFZ_2,3.09569155014753,0.915080206154587,FALSE
GFZ_3,3.09569155014753,0.915080206154587,FALSE
GFZ_4,3.09569155014753,0.915080206154587,FALSE
GFZ_5,3.09569155014753,0.915080206154587,FALSE
GFZ_6,3.09569155014753,0.915080206154587,FALSE
GFZ_7,3.09569155014753,0.915080206154587,FALSE
GFZ_8,3.24154006302327,0.896029876109526,FALSE
GFZ_9,3.5113003501229,0.947310279358727,TRUE
GFZ_10,3.00005226795095,0.843361086101375,FALSE
GFZ_11,3.5113003501229,0.947310279358727,FALSE
GFZ_12,3.64621091036405,0.715248327270504,FALSE
GFZ_13,3.4480171901033,0.754341228785983,FALSE
GFZ_14,3.17100371238655,0.709260077032895,FALSE
GFZ_15,3.4480171901033,0.754341228785983,FALSE
GFZ_16,2.61993133670585,0.541078320430586,FALSE
GFZ_17,2.70718580609311,0.613853213478759,TRUE
GFZ_18,2.26450811648733,0.46068455652387,FALSE
GFZ_19,2.70718580609311,0.613853213478759,FALSE
GFZ_20,2.32014414412439,0.395990053547337,FALSE
GFZ_21,3.03812646215912,0.609340395034288,FALSE
GFZ_22,2.32014414412439,0.395990053547337,FALSE
GFZ_23,2.61993133670585,0.541078320430586,FALSE
GFZ_24,2.53259936216328,0.465210744395133,FALSE
GFZ_25,2.72214322901233,0.626073646327769,TRUE
GFZ_26,2.30555386459309,0.49839082643815,FALSE
GFZ_27,2.46458133550244,0.527403211261654,FALSE
GFZ_28,2.65949230339203,0.801515335020758,FALSE
GFZ_29,2.58761367684803,0.846430822693456,FALSE
GFZ_30,2.48587321552983,0.760620215765756,FALSE
GFZ_31,2.38984213966867,0.460674147506954,FALSE
GFZ_32,3.24954261761547,1.02838340314725,FALSE
GFZ_33,3.24954261761547,1.02838340314725,FALSE
GFZ_34,3.38497504981253,0.99761267494266,FALSE
GFZ_35,3.24954261761547,1.02838340314725,FALSE
GFZ_36,3.35873335817781,0.979184584441145,FALSE
GFZ_37,3.35873335817781,0.979184584441145,FALSE
GFZ_38,3.35873335817781,0.979184584441145,FALSE
GFZ_39,3.35873335817781,0.979184584441145,FALSE
GFZ_40,5.22837826350193,1.61750869652627,FALSE
GFZ_41,4.26405324405003,1.26865853470957,TRUE
GFZ_42,3.76537994376348,1.11551665947986,FALSE
GFZ_43,4.26405324405003,1.26865853470957,FALSE
GFZ_44,5.22837826350193,1.61750869652627,FALSE
GFZ_45,4.26405324405003,1.26865853470957,FALSE
GFZ_46,4.26405324405003,1.26865853470957,FALSE
GFZ_47,4.26405324405003,1.26865853470957,FALSE
GFZ_48,2.81459008328355,0.816527290249335,FALSE
GFZ_49,3.23979266028569,0.89477809481325,TRUE
GFZ_50,2.81459008328355,0.816527290249335,FALSE
GFZ_51,3.01954388586994,0.858073653953721,FALSE
GFZ_52,2.81459008328355,0.816527290249335,FALSE
GFZ_53,3.56992376729153,0.986630326860428,FALSE
GFZ_54,2.65222007701207,0.795559702521144,FALSE
GFZ_55,3.23979266028569,0.89477809481325,FALSE
GFZ_56,2.83541596651002,0.832932078788474,FALSE
GFZ_57,2.83541596651002,0.832932078788474,TRUE
GFZ_58,2.63783903896047,0.783758289150009,FALSE
GFZ_59,2.83541596651002,0.832932078788474,FALSE
GFZ_60,2.83541596651002,0.832932078788474,FALSE
GFZ_61,3.06646876023182,0.893286869933325,FALSE
GFZ_62,2.48869448642194,0.763020772101503,FALSE
GFZ_63,2.83541596651002,0.832932078788474,FALSE
GFZ_64,2.64113254349644,0.425586678550703,FALSE
GFZ_65,2.87719606804707,0.749259180869428,FALSE
GFZ_66,2.64113254349644,0.425586678550703,FALSE
GFZ_67,2.64113254349644,0.425586678550703,FALSE
GFZ_68,2.70120666058103,0.113573358451002,FALSE
GFZ_69,2.97589847000398,0.560527495340532,FALSE
GFZ_70,2.70120666058103,0.113573358451002,FALSE
GFZ_71,2.70120666058103,0.113573358451002,FALSE
GFZ_72,4.58487026183282,1.06845764171316,FALSE
GFZ_73,4.58487026183282,1.06845764171316,TRUE
GFZ_74,4.58487026183282,1.06845764171316,FALSE
GFZ_75,4.58487026183282,1.06845764171316,FALSE
GFZ_76,4.58487026183282,1.06845764171316,FALSE
GFZ_77,5.22837826350193,1.61750869652627,FALSE
GFZ_78,4.58487026183282,1.06845764171316,FALSE
GFZ_79,4.58487026183282,1.06845764171316,FALSE
GFZ_80,2.7124111932864,0.61813021275983,FALSE
GFZ_81,3.18134873478368,0.978433507119897,TRUE
GFZ_82,2.7124111932864,0.61813021275983,FALSE
GFZ_83,2.97962550892089,0.94501042367264,FALSE
GFZ_84,2.55253587402416,0.603130719207014,FALSE
GFZ_85,2.97962550892089,0.94501042367264,FALSE
GFZ_86,2.55253587402416,0.603130719207014,FALSE
GFZ_87,2.97962550892089,0.94501042367264,FALSE
GFZ_88,2.18741429461524,0.49661216712508,FALSE
GFZ_89,2.72811792571076,0.857345665684258,TRUE
GFZ_90,2.18741429461524,0.49661216712508,FALSE
GFZ_91,2.54755388650449,0.812820163903602,FALSE
GFZ_92,2.38760138815495,0.77536701172094,FALSE
GFZ_93,2.72811792571076,0.857345665684258,FALSE
GFZ_94,2.08162211402301,0.498696195239338,FALSE
GFZ_95,2.54755388650449,0.812820163903602,FALSE
GFZ_96,3.21900778147245,1.00606617648575,FALSE
GFZ_97,3.09518486204105,1.03328272024612,FALSE
GFZ_98,3.09518486204105,1.03328272024612,FALSE
GFZ_99,3.09518486204105,1.03328272024612,FALSE
GFZ_100,4.15655954940312,1.66717140760011,FALSE
GFZ_101,3.999621152047,1.69476134050951,FALSE
GFZ_102,3.41175911536647,1.01635864436909,FALSE
GFZ_103,3.25926002045253,1.03547000055831,FALSE
GFZ_104,3.69955268657507,1.21461666210366,FALSE
GFZ_105,3.69955268657507,1.21461666210366,TRUE
GFZ_106,3.69955268657507,1.21461666210366,FALSE
GFZ_107,3.69955268657507,1.21461666210366,FALSE
GFZ_108,3.5792871276887,1.13238193072221,FALSE
GFZ_109,3.85367249802351,1.17287903303217,FALSE
GFZ_110,3.5792871276887,1.13238193072221,FALSE
GFZ_111,3.69955268657507,1.21461666210366,FALSE
GFZ_112,2.43771279188707,0.615436256789215,FALSE
GFZ_113,2.43771279188707,0.615436256789215,TRUE
GFZ_114,2.29660073247549,0.595969180389763,FALSE
GFZ_115,2.38322751552288,0.672299934736513,FALSE
GFZ_116,2.29660073247549,0.595969180389763,FALSE
GFZ_117,2.43771279188707,0.615436256789215,FALSE
GFZ_118,2.20347125821028,0.611649338596524,FALSE
GFZ_119,2.43771279188707,0.615436256789215,FALSE
GFZ_120,2.31206610466885,0.709003195592916,FALSE
GFZ_121,2.31206610466885,0.709003195592916,TRUE
GFZ_122,2.20246309923644,0.706043961801876,FALSE
GFZ_123,2.31206610466885,0.709003195592916,FALSE
GFZ_124,2.31206610466885,0.709003195592916,FALSE
GFZ_125,2.31206610466885,0.709003195592916,FALSE
GFZ_126,2.20246309923644,0.706043961801876,FALSE
GFZ_127,2.31206610466885,0.709003195592916,FALSE
GFZ_128,3.25081096649535,1.26756489682744,FALSE
GFZ_129,3.39908827588261,1.60840272855229,FALSE
GFZ_130,2.86280285957045,1.07256879781024,FALSE
GFZ_131,3.39908827588261,1.60840272855229,FALSE
GFZ_132,3.27262090866252,1.04520179862346,FALSE
GFZ_133,3.27262090866252,1.04520179862346,FALSE
GFZ_134,2.95084974744969,0.805975032141353,FALSE
GFZ_135,3.30907233204843,1.19399279862028,FALSE
GFZ_136,2.97140391641694,0.821637813546218,FALSE
GFZ_137,3.85367249802351,1.17287903303217,TRUE
GFZ_138,2.72260338221996,0.496700568868495,FALSE
GFZ_139,2.97140391641694,0.821637813546218,FALSE
GFZ_140,2.97140391641694,0.821637813546218,FALSE
GFZ_141,3.5792871276887,1.13238193072221,FALSE
GFZ_142,2.72260338221996,0.496700568868495,FALSE
GFZ_143,3.5792871276887,1.13238193072221,FALSE
GFZ_144,1.94447084484033,0.556626697896241,FALSE
GFZ_145,2.1336551082136,0.547503618891492,TRUE
GFZ_146,1.94447084484033,0.556626697896241,FALSE
GFZ_147,2.1336551082136,0.547503618891492,FALSE
GFZ_148,1.94447084484033,0.556626697896241,FALSE
GFZ_149,2.05097120306604,0.565994219038474,FALSE
GFZ_150,1.94447084484033,0.556626697896241,FALSE
GFZ_151,2.05097120306604,0.565994219038474,FALSE
GFZ_152,1.70038107266412,0.490494943015937,FALSE
GFZ_153,2.02167401333276,0.630409459671027,TRUE
GFZ_154,1.70038107266412,0.490494943015937,FALSE
GFZ_155,1.70038107266412,0.490494943015937,FALSE
GFZ_156,1.70038107266412,0.490494943015937,FALSE
GFZ_157,2.02167401333276,0.630409459671027,FALSE
GFZ_158,1.70038107266412,0.490494943015937,FALSE
GFZ_159,2.02167401333276,0.630409459671027,FALSE
GFZ_160,3.33036158708742,1.08710882214489,FALSE
GFZ_161,3.20285370974629,1.11456880694611,FALSE
GFZ_162,3.20285370974629,1.11456880694611,FALSE
GFZ_163,3.20285370974629,1.11456880694611,FALSE
GFZ_164,3.33036158708742,1.08710882214489,FALSE
GFZ_165,3.20285370974629,1.11456880694611,FALSE
GFZ_166,3.33036158708742,1.08710882214489,FALSE
GFZ_167,3.20285370974629,1.11456880694611,FALSE
GFZ_168,4.92250822366706,1.65667971913081,FALSE
GFZ_169,4.92250822366706,1.65667971913081,TRUE
GFZ_170,4.92250822366706,1.65667971913081,FALSE
GFZ_171,4.92250822366706,1.65667971913081,FALSE
GFZ_172,5.22837826350193,1.61750869652627,FALSE
GFZ_173,5.22837826350193,1.61750869652627,FALSE
GFZ_174,5.22837826350193,1.61750869652627,FALSE
GFZ_175,5.22837826350193,1.61750869652627,FALSE
GFZ_176,3.23979266028569,0.89477809481325,FALSE
GFZ_177,3.85367249802351,1.17287903303217,TRUE
GFZ_178,3.23979266028569,0.89477809481325,FALSE
GFZ_179,3.23979266028569,0.89477809481325,FALSE
GFZ_180,3.23979266028569,0.89477809481325,FALSE
GFZ_181,3.56866196639327,0.985787738736714,FALSE
GFZ_182,3.23979266028569,0.89477809481325,FALSE
GFZ_183,3.23979266028569,0.89477809481325,FALSE
GFZ_184,3.49533114209697,1.07448122589618,FALSE
GFZ_185,5.22837826350193,1.61750869652627,TRUE
GFZ_186,3.49533114209697,1.07448122589618,FALSE
GFZ_187,3.88638874428204,1.19402751521748,FALSE
GFZ_188,3.55432200130875,1.11521087868493,FALSE
GFZ_189,3.96352849742252,1.24369254879473,FALSE
GFZ_190,3.24009793622707,1.02148856513864,FALSE
GFZ_191,3.96352849742252,1.24369254879473,FALSE
GFZ_192,4.0664655154017,1.14956232838839,FALSE
GFZ_193,3.74530421411267,1.10240886670923,FALSE
GFZ_194,3.74530421411267,1.10240886670923,FALSE
GFZ_195,3.31653395215039,0.949412108606255,FALSE
GFZ_196,4.56832506271076,1.05978470615657,FALSE
GFZ_197,3.92127645387156,1.06058363983571,FALSE
GFZ_198,4.0664655154017,1.14956232838839,FALSE
GFZ_199,4.0664655154017,1.14956232838839,FALSE
GFZ_200,4.41460080696739,0.977628294654965,FALSE
GFZ_201,4.41460080696739,0.977628294654965,TRUE
GFZ_202,3.79638612670187,0.81309046154308,FALSE
GFZ_203,4.41460080696739,0.977628294654965,FALSE
GFZ_204,4.41460080696739,0.977628294654965,FALSE
GFZ_205,4.41460080696739,0.977628294654965,FALSE
GFZ_206,3.79638612670187,0.81309046154308,FALSE
GFZ_207,4.41460080696739,0.977628294654965,FALSE
GFZ_208,3.16714419206952,0.549684321977851,FALSE
GFZ_209,3.16714419206952,0.549684321977851,TRUE
GFZ_210,2.68678326058023,0.465865234788232,FALSE
GFZ_211,3.16714419206952,0.549684321977851,FALSE
GFZ_212,3.16714419206952,0.549684321977851,FALSE
GFZ_213,3.16714419206952,0.549684321977851,FALSE
GFZ_214,3.16714419206952,0.549684321977851,FALSE
GFZ_215,3.16714419206952,0.549684321977851,FALSE
GFZ_216,3.79638612670187,0.81309046154308,FALSE
GFZ_217,3.79638612670187,0.81309046154308,TRUE
GFZ_218,3.79638612670187,0.81309046154308,FALSE
GFZ_219,3.79638612670187,0.81309046154308,FALSE
GFZ_220,2.94298955597205,0.674867637936695,FALSE
GFZ_221,3.4325914917671,0.743706282490888,FALSE
GFZ_222,2.94298955597205,0.674867637936695,FALSE
GFZ_223,3.4325914917671,0.743706282490888,FALSE
GFZ_224,2.53058003606054,0.463414535247471,FALSE
GFZ_225,2.44262695468369,0.383012726720111,FALSE
GFZ_226,2.58630557584254,0.512265750142037,FALSE
GFZ_227,2.43972985262919,0.50548432871421,FALSE
GFZ_228,2.70109140040171,0.32199588967836,FALSE
GFZ_229,2.46445245300486,0.256545911718547,FALSE
GFZ_230,2.59361217493263,0.382349060420001,FALSE
GFZ_231,2.59361217493263,0.382349060420001,FALSE
GFZ_232,3.5192373443113,0.388444604702555,FALSE
GFZ_233,2.71735422013272,0.337473594627374,TRUE
GFZ_234,3.25099707444258,0.420391777838615,FALSE
GFZ_235,2.71735422013272,0.337473594627374,FALSE
GFZ_236,3.5192373443113,0.388444604702555,FALSE
GFZ_237,2.96209308283358,0.378893432067857,FALSE
GFZ_238,3.5192373443113,0.388444604702555,FALSE
GFZ_239,3.10196074457825,0.285882668021547,FALSE
GFZ_240,2.46762650790413,0.259807471856021,FALSE
GFZ_241,2.53121268396357,0.585014191889367,TRUE
GFZ_242,2.31421712844875,0.25624592323623,FALSE
GFZ_243,2.32987313246909,0.272418590973846,FALSE
GFZ_244,2.31421712844875,0.25624592323623,FALSE
GFZ_245,2.68689706870697,0.597165020504375,FALSE
GFZ_246,2.31421712844875,0.25624592323623,FALSE
GFZ_247,2.46762650790413,0.259807471856021,FALSE
GFZ_248,1.97220628661054,0.284950057338957,FALSE
GFZ_249,2.26212720933261,0.664553928932211,TRUE
GFZ_250,2.0249488907079,0.22112716700109,FALSE
GFZ_251,2.26212720933261,0.664553928932211,FALSE
GFZ_252,2.0735472548325,0.273093780820796,FALSE
GFZ_253,2.26212720933261,0.664553928932211,FALSE
GFZ_254,2.0735472548325,0.273093780820796,FALSE
GFZ_255,2.26212720933261,0.664553928932211,FALSE
GFZ_256,2.75011961697158,0.875114354458678,FALSE
GFZ_257,2.75011961697158,0.875114354458678,FALSE
GFZ_258,2.46115177421383,0.524393245957137,FALSE
GFZ_259,2.46115177421383,0.524393245957137,FALSE
GFZ_260,2.75011961697158,0.875114354458678,FALSE
GFZ_261,2.75011961697158,0.875114354458678,FALSE
GFZ_262,2.75011961697158,0.875114354458678,FALSE
GFZ_263,2.75011961697158,0.875114354458678,FALSE
GFZ_264,1.95184411351237,0.563739553827108,FALSE
GFZ_265,1.82726106267592,0.531282723515193,TRUE
GFZ_266,1.95184411351237,0.563739553827108,FALSE
GFZ_267,1.89100903140024,0.680823207852082,FALSE
GFZ_268,1.95184411351237,0.563739553827108,FALSE
GFZ_269,1.82726106267592,0.531282723515193,FALSE
GFZ_270,1.95184411351237,0.563739553827108,FALSE
GFZ_271,1.95184411351237,0.563739553827108,FALSE
GFZ_272,1.79194687606002,0.582969447012994,FALSE
GFZ_273,1.79194687606002,0.582969447012994,TRUE
GFZ_274,1.79194687606002,0.582969447012994,FALSE
GFZ_275,1.79194687606002,0.582969447012994,FALSE
GFZ_276,1.98640183193198,0.686084952148757,FALSE
GFZ_277,1.79194687606002,0.582969447012994,FALSE
GFZ_278,1.79194687606002,0.582969447012994,FALSE
GFZ_279,1.79194687606002,0.582969447012994,FALSE
GFZ_280,1.78880530845646,0.579832469166286,FALSE
GFZ_281,1.95924158667611,0.570860756011717,TRUE
GFZ_282,1.61684237853077,0.489232821254576,FALSE
GFZ_283,1.64951480993229,0.438029900887794,FALSE
GFZ_284,2.078195581893,0.683572250652711,FALSE
GFZ_285,1.87021840361151,0.573655084578724,FALSE
GFZ_286,1.98640183193198,0.686084952148757,FALSE
GFZ_287,1.74256778238004,0.533382488101517,FALSE
GFZ_288,2.50276689121908,0.874919915494196,FALSE
GFZ_289,2.50276689121908,0.874919915494196,FALSE
GFZ_290,2.66000430839581,0.906661421437905,FALSE
GFZ_291,2.66000430839581,0.906661421437905,FALSE
GFZ_292,2.66000430839581,0.906661421437905,FALSE
GFZ_293,2.66000430839581,0.906661421437905,FALSE
GFZ_294,2.66000430839581,0.906661421437905,FALSE
GFZ_295,2.66000430839581,0.906661421437905,FALSE
GFZ_296,2.01973191630505,0.717857144019747,FALSE
GFZ_297,2.01973191630505,0.717857144019747,TRUE
GFZ_298,2.01973191630505,0.717857144019747,FALSE
GFZ_299,2.01973191630505,0.717857144019747,FALSE
GFZ_300,2.01973191630505,0.717857144019747,FALSE
GFZ_301,2.01973191630505,0.717857144019747,FALSE
GFZ_302,2.01973191630505,0.717857144019747,FALSE
GFZ_303,2.01973191630505,0.717857144019747,FALSE
GFZ_304,1.85044161443886,0.726082325614676,FALSE
GFZ_305,1.93112590090077,0.719940085997419,TRUE
GFZ_306,1.85044161443886,0.726082325614676,FALSE
GFZ_307,1.93112590090077,0.719940085997419,FALSE
GFZ_308,1.85044161443886,0.726082325614676,FALSE
GFZ_309,1.93112590090077,0.719940085997419,FALSE
GFZ_310,1.85044161443886,0.726082325614676,FALSE
GFZ_311,1.93112590090077,0.719940085997419,FALSE
GFZ_312,1.93112590090077,0.719940085997419,FALSE
GFZ_313,1.93112590090077,0.719940085997419,TRUE
GFZ_314,1.93112590090077,0.719940085997419,FALSE
GFZ_315,1.93112590090077,0.719940085997419,FALSE
GFZ_316,2.1498882544826,0.840325731010034,FALSE
GFZ_317,2.1498882544826,0.840325731010034,FALSE
GFZ_318,1.93112590090077,0.719940085997419,FALSE
GFZ_319,1.93112590090077,0.719940085997419,FALSE
GFZ_320,3.30006283298043,1.53033649889081,FALSE
GFZ_321,4.44289765195924,2.13823348690038,FALSE
GFZ_322,3.30006283298043,1.53033649889081,FALSE
GFZ_323,4.44289765195924,2.13823348690038,FALSE
GFZ_324,4.00273136980775,1.95022579230811,FALSE
GFZ_325,4.00273136980775,1.95022579230811,FALSE
GFZ_326,4.00273136980775,1.95022579230811,FALSE
GFZ_327,4.45310864076135,2.14536240569643,FALSE
GFZ_328,3.28579901814389,1.40827626283285,FALSE
GFZ_329,3.28579901814389,1.40827626283285,TRUE
GFZ_330,2.80985552353617,1.13344018172657,FALSE
GFZ_331,3.28579901814389,1.40827626283285,FALSE
GFZ_332,2.93358090719237,1.02126645626492,FALSE
GFZ_333,3.27257134538555,1.28421125080502,FALSE
GFZ_334,2.81365857861335,1.03270106172488,FALSE
GFZ_335,3.27257134538555,1.28421125080502,FALSE
GFZ_336,3.27568286743028,1.04743016316531,FALSE
GFZ_337,3.27568286743028,1.04743016316531,TRUE
GFZ_338,3.27568286743028,1.04743016316531,FALSE
GFZ_339,3.00725791704423,1.07911403237188,FALSE
GFZ_340,3.27568286743028,1.04743016316531,FALSE
GFZ_341,3.27568286743028,1.04743016316531,FALSE
GFZ_342,3.05893085034133,1.00571411731106,FALSE
GFZ_343,3.1499468385343,1.0747307752265,FALSE
GFZ_344,2.559110425431,0.822538379240529,FALSE
GFZ_345,2.72698903071021,0.856432346033519,TRUE
GFZ_346,2.72698903071021,0.856432346033519,FALSE
GFZ_347,2.64363053081073,0.893091068279533,FALSE
GFZ_348,2.72698903071021,0.856432346033519,FALSE
GFZ_349,2.72698903071021,0.856432346033519,FALSE
GFZ_350,2.72698903071021,0.856432346033519,FALSE
GFZ_351,2.64363053081073,0.893091068279533,FALSE
GFZ_352,5.35041534794505,2.28530330722751,FALSE
GFZ_353,5.35041534794505,2.28530330722751,FALSE
GFZ_354,5.35041534794505,2.28530330722751,FALSE
GFZ_355,4.32278007553046,1.77999476166199,FALSE
GFZ_356,4.12947773741881,1.50339950044867,FALSE
GFZ_357,4.69197342924944,1.70290830747772,FALSE
GFZ_358,4.12947773741881,1.50339950044867,FALSE
GFZ_359,3.96362753055613,1.39285650980797,FALSE
GFZ_360,3.37248189979442,0.988847281251425,FALSE
GFZ_361,4.27778324544143,1.44371256688136,TRUE
GFZ_362,3.05723017054438,1.00441821119569,FALSE
GFZ_363,3.30088788668202,1.06574706372557,FALSE
GFZ_364,3.10869877684975,0.924749401725249,FALSE
GFZ_365,3.73342185767792,1.09463831340839,FALSE
GFZ_366,3.10869877684975,0.924749401725249,FALSE
GFZ_367,3.73342185767792,1.09463831340839,FALSE
GFZ_368,2.5573574879351,0.821065468972446,FALSE
GFZ_369,3.00255708232066,0.962622872348766,TRUE
GFZ_370,2.42631669344222,0.80903283482212,FALSE
GFZ_371,2.70053582834534,0.834983609614979,FALSE
GFZ_372,2.42631669344222,0.80903283482212,FALSE
GFZ_373,2.5573574879351,0.821065468972446,FALSE
GFZ_374,2.42631669344222,0.80903283482212,FALSE
GFZ_375,2.5573574879351,0.821065468972446,FALSE
GFZ_376,2.55796579220394,0.717576011234117,FALSE
GFZ_377,2.55796579220394,0.717576011234117,TRUE
GFZ_378,2.42430196510161,0.707885348448817,FALSE
GFZ_379,2.55796579220394,0.717576011234117,FALSE
GFZ_380,2.41503719021072,0.699888979948487,FALSE
GFZ_381,2.55796579220394,0.717576011234117,FALSE
GFZ_382,2.29542948139926,0.694250630959035,FALSE
GFZ_383,2.55796579220394,0.717576011234117,FALSE
GFZ_384,3.27262090866252,1.04520179862346,FALSE
GFZ_385,3.4433640741555,1.29343505406482,FALSE
GFZ_386,3.03835051294082,0.872220347581381,FALSE
GFZ_387,3.4433640741555,1.29343505406482,FALSE
GFZ_388,3.27262090866252,1.04520179862346,FALSE
GFZ_389,3.27262090866252,1.04520179862346,FALSE
GFZ_390,2.96330652591438,0.690505009016187,FALSE
GFZ_391,3.27262090866252,1.04520179862346,FALSE
GFZ_392,3.69683636756636,1.07065220918041,FALSE
GFZ_393,3.69683636756636,1.07065220918041,TRUE
GFZ_394,3.35186188545905,0.687058605912729,FALSE
GFZ_395,3.69683636756636,1.07065220918041,FALSE
GFZ_396,3.69683636756636,1.07065220918041,FALSE
GFZ_397,3.69683636756636,1.07065220918041,FALSE
GFZ_398,3.35186188545905,0.687058605912729,FALSE
GFZ_399,3.69683636756636,1.07065220918041,FALSE
GFZ_400,2.39446909144652,0.781355007878186,FALSE
GFZ_401,2.5233205904149,0.792380228484836,TRUE
GFZ_402,2.39446909144652,0.781355007878186,FALSE
GFZ_403,2.5233205904149,0.792380228484836,FALSE
GFZ_404,2.39446909144652,0.781355007878186,FALSE
GFZ_405,2.5233205904149,0.792380228484836,FALSE
GFZ_406,2.39446909144652,0.781355007878186,FALSE
GFZ_407,2.39446909144652,0.781355007878186,FALSE
GFZ_408,1.9299041600216,0.71875261798131,FALSE
GFZ_409,2.403861321887,0.789532759626319,TRUE
GFZ_410,1.9299041600216,0.71875261798131,FALSE
GFZ_411,2.0218107709105,0.630538893753605,FALSE
GFZ_412,1.9299041600216,0.71875261798131,FALSE
GFZ_413,2.04674300057308,0.654068834967907,FALSE
GFZ_414,1.9299041600216,0.71875261798131,FALSE
GFZ_415,2.04674300057308,0.654068834967907,FALSE
GFZ_416,5.03594171613476,2.25011005294522,FALSE
GFZ_417,5.03594171613476,2.25011005294522,FALSE
GFZ_418,5.03594171613476,2.25011005294522,FALSE
GFZ_419,5.03594171613476,2.25011005294522,FALSE
GFZ_420,5.03594171613476,2.25011005294522,FALSE
GFZ_421,5.03594171613476,2.25011005294522,FALSE
GFZ_422,5.03594171613476,2.25011005294522,FALSE
GFZ_423,5.03594171613476,2.25011005294522,FALSE
GFZ_424,2.46899520000484,0.642344811353473,FALSE
GFZ_425,2.54602147013125,0.811530117645291,TRUE
GFZ_426,2.54602147013125,0.811530117645291,FALSE
GFZ_427,2.54602147013125,0.811530117645291,FALSE
GFZ_428,2.36287757464993,0.65453427841431,FALSE
GFZ_429,2.46899520000484,0.642344811353473,FALSE
GFZ_430,2.36287757464993,0.65453427841431,FALSE
GFZ_431,2.46899520000484,0.642344811353473,FALSE
GFZ_432,2.43771279188707,0.615436256789215,FALSE
GFZ_433,2.33898661682182,0.633552997489558,TRUE
GFZ_434,2.04194827603695,0.557472587215745,FALSE
GFZ_435,2.33898661682182,0.633552997489558,FALSE
GFZ_436,2.29660073247549,0.595969180389763,FALSE
GFZ_437,2.43771279188707,0.615436256789215,FALSE
GFZ_438,2.20347125821028,0.611649338596524,FALSE
GFZ_439,2.43771279188707,0.615436256789215,FALSE
GFZ_440,1.93116208606561,0.543749026378341,FALSE
GFZ_441,1.93116208606561,0.543749026378341,TRUE
GFZ_442,1.84328907624515,0.547151209080817,FALSE
GFZ_443,1.86569272911829,0.569214137461973,FALSE
GFZ_444,1.84328907624515,0.547151209080817,FALSE
GFZ_445,1.93116208606561,0.543749026378341,FALSE
GFZ_446,1.84328907624515,0.547151209080817,FALSE
GFZ_447,1.93116208606561,0.543749026378341,FALSE
GFZ_448,3.20483323335662,1.34499348265026,FALSE
GFZ_449,3.55358619814591,1.49652989341085,FALSE
GFZ_450,3.40343667901984,1.49943296774834,FALSE
GFZ_451,3.40343667901984,1.49943296774834,FALSE
GFZ_452,3.3445817637407,0.969219971041096,FALSE
GFZ_453,3.27262090866252,1.04520179862346,FALSE
GFZ_454,3.27262090866252,1.04520179862346,FALSE
GFZ_455,3.27262090866252,1.04520179862346,FALSE
GFZ_456,2.46278834160243,0.637026463556897,FALSE
GFZ_457,2.97140391641694,0.821637813546218,TRUE
GFZ_458,2.46278834160243,0.637026463556897,FALSE
GFZ_459,2.46278834160243,0.637026463556897,FALSE
GFZ_460,2.46278834160243,0.637026463556897,FALSE
GFZ_461,2.97140391641694,0.821637813546218,FALSE
GFZ_462,2.46278834160243,0.637026463556897,FALSE
GFZ_463,2.46278834160243,0.637026463556897,FALSE
GFZ_464,1.94447084484033,0.556626697896241,FALSE
GFZ_465,2.05097120306604,0.565994219038474,TRUE
GFZ_466,1.61831721784827,0.405381342238217,FALSE
GFZ_467,2.05097120306604,0.565994219038474,FALSE
GFZ_468,1.94447084484033,0.556626697896241,FALSE
GFZ_469,2.05097120306604,0.565994219038474,FALSE
GFZ_470,1.72637733419802,0.429513163277002,FALSE
GFZ_471,1.94447084484033,0.556626697896241,FALSE
GFZ_472,1.57886667776331,0.449471003731768,FALSE
GFZ_473,1.77831122498758,0.482340613531034,TRUE
GFZ_474,1.57886667776331,0.449471003731768,FALSE
GFZ_475,1.65089565983735,0.439466230648644,FALSE
GFZ_476,1.57886667776331,0.449471003731768,FALSE
GFZ_477,1.70038107266412,0.490494943015937,FALSE
GFZ_478,1.57886667776331,0.449471003731768,FALSE
GFZ_479,1.70038107266412,0.490494943015937,FALSE
GFZ_480,5.15546295019286,2.1641886923592,FALSE
GFZ_481,5.15546295019286,2.1641886923592,FALSE
GFZ_482,5.4874862413605,2.18690467258304,FALSE
GFZ_483,5.03594171613476,2.25011005294522,FALSE
GFZ_484,5.81869612614769,2.382844275646,FALSE
GFZ_485,5.81869612614769,2.382844275646,FALSE
GFZ_486,5.81869612614769,2.382844275646,FALSE
GFZ_487,5.15546295019286,2.1641886923592,FALSE
GFZ_488,4.22059058795482,1.40754674818438,FALSE
GFZ_489,4.22059058795482,1.40754674818438,TRUE
GFZ_490,4.22059058795482,1.40754674818438,FALSE
GFZ_491,4.22059058795482,1.40754674818438,FALSE
GFZ_492,4.38440307376069,1.34039660216354,FALSE
GFZ_493,4.38440307376069,1.34039660216354,FALSE
GFZ_494,4.38440307376069,1.34039660216354,FALSE
GFZ_495,4.38440307376069,1.34039660216354,FALSE
GFZ_496,3.23979266028569,0.89477809481325,FALSE
GFZ_497,3.23979266028569,0.89477809481325,TRUE
GFZ_498,2.99853619423677,0.842214496598785,FALSE
GFZ_499,3.23979266028569,0.89477809481325,FALSE
GFZ_500,3.23979266028569,0.89477809481325,FALSE
GFZ_501,3.23979266028569,0.89477809481325,FALSE
GFZ_502,3.23979266028569,0.89477809481325,FALSE
GFZ_503,3.23979266028569,0.89477809481325,FALSE
GFZ_504,2.45031572079177,0.730249193932263,FALSE
GFZ_505,2.78409814807975,0.7923909978191,TRUE
GFZ_506,2.45031572079177,0.730249193932263,FALSE
GFZ_507,2.56109512790037,0.720191022032031,FALSE
GFZ_508,2.32675260856575,0.721983387771784,FALSE
GFZ_509,2.62007987437749,0.769139175856052,FALSE
GFZ_510,2.32675260856575,0.721983387771784,FALSE
GFZ_511,2.62007987437749,0.769139175856052,FALSE
GFZ_512,5.63042952407366,2.45699204094146,FALSE
GFZ_513,5.63042952407366,2.45699204094146,FALSE
GFZ_514,5.63042952407366,2.45699204094146,FALSE
GFZ_515,5.63042952407366,2.45699204094146,FALSE
GFZ_516,6.55003250900169,2.80495741856862,FALSE
GFZ_517,6.55003250900169,2.80495741856862,FALSE
GFZ_518,5.63042952407366,2.45699204094146,FALSE
GFZ_519,5.63042952407366,2.45699204094146,FALSE
GFZ_520,3.28338411727994,1.05303171973655,FALSE
GFZ_521,3.79491673549239,1.27932197487045,TRUE
GFZ_522,3.28338411727994,1.05303171973655,FALSE
GFZ_523,3.28338411727994,1.05303171973655,FALSE
GFZ_524,3.46826508876279,1.18632080298543,FALSE
GFZ_525,3.79491673549239,1.27932197487045,FALSE
GFZ_526,3.10724114455524,1.04242738160002,FALSE
GFZ_527,3.46826508876279,1.18632080298543,FALSE
GFZ_528,3.05042539158229,1.11281442694113,FALSE
GFZ_529,3.25462602924097,1.15337037209246,TRUE
GFZ_530,3.05042539158229,1.11281442694113,FALSE
GFZ_531,3.25462602924097,1.15337037209246,FALSE
GFZ_532,3.07965086663188,1.02148329985446,FALSE
GFZ_533,2.97995600281002,1.16684012839246,FALSE
GFZ_534,3.05042539158229,1.11281442694113,FALSE
GFZ_535,3.05042539158229,1.11281442694113,FALSE
GFZ_536,2.53372495200994,0.999256024669766,FALSE
GFZ_537,2.6653855332674,1.01290253052714,TRUE
GFZ_538,2.53372495200994,0.999256024669766,FALSE
GFZ_539,2.6653855332674,1.01290253052714,FALSE
GFZ_540,2.54045480746513,0.907142306780801,FALSE
GFZ_541,2.53372495200994,0.999256024669766,FALSE
GFZ_542,2.33487988907116,0.9185767130055,FALSE
GFZ_543,2.53372495200994,0.999256024669766,FALSE
GFZ_544,4.52691550276387,2.06024397740017,FALSE
GFZ_545,4.52691550276387,2.06024397740017,FALSE
GFZ_546,3.48128320885875,1.19562904599148,FALSE
GFZ_547,3.48128320885875,1.19562904599148,FALSE
GFZ_548,4.02294507890027,1.57555449213952,FALSE
GFZ_549,4.52691550276387,2.06024397740017,FALSE
GFZ_550,4.52691550276387,2.06024397740017,FALSE
GFZ_551,4.52691550276387,2.06024397740017,FALSE
GFZ_552,2.56851770852821,1.02934429716411,FALSE
GFZ_553,2.66838452079299,1.01542303678711,TRUE
GFZ_554,2.56851770852821,1.02934429716411,FALSE
GFZ_555,2.66838452079299,1.01542303678711,FALSE
GFZ_556,2.56851770852821,1.02934429716411,FALSE
GFZ_557,2.56851770852821,1.02934429716411,FALSE
GFZ_558,2.56851770852821,1.02934429716411,FALSE
GFZ_559,2.56851770852821,1.02934429716411,FALSE
GFZ_560,2.47402789724399,1.13683480456592,FALSE
GFZ_561,2.55571390633374,1.11474715109405,TRUE
GFZ_562,2.47402789724399,1.13683480456592,FALSE
GFZ_563,2.55571390633374,1.11474715109405,FALSE
GFZ_564,2.47402789724399,1.13683480456592,FALSE
GFZ_565,2.47402789724399,1.13683480456592,FALSE
GFZ_566,2.47402789724399,1.13683480456592,FALSE
GFZ_567,2.47402789724399,1.13683480456592,FALSE
GFZ_568,2.33758171760947,1.01332004315203,FALSE
GFZ_569,2.44705285159789,1.01881114746021,TRUE
GFZ_570,2.36771501027982,1.13254407927638,FALSE
GFZ_571,2.44705285159789,1.01881114746021,FALSE
GFZ_572,2.33758171760947,1.01332004315203,FALSE
GFZ_573,2.33758171760947,1.01332004315203,FALSE
GFZ_574,2.36771501027982,1.13254407927638,FALSE
GFZ_575,2.33758171760947,1.01332004315203,FALSE
GFZ_576,2.43339942566192,1.1002424328181,FALSE
GFZ_577,2.25221131939559,1.02538598063971,FALSE
GFZ_578,2.43339942566192,1.1002424328181,FALSE
GFZ_579,2.25221131939559,1.02538598063971,FALSE
GFZ_580,2.43339942566192,1.1002424328181,FALSE
GFZ_581,2.25221131939559,1.02538598063971,FALSE
GFZ_582,2.43339942566192,1.1002424328181,FALSE
GFZ_583,2.43339942566192,1.1002424328181,FALSE
GFZ_584,2.47422658317409,1.2302191807772,FALSE
GFZ_585,2.28677520708122,1.14773268445028,TRUE
GFZ_586,2.47422658317409,1.2302191807772,FALSE
GFZ_587,2.47422658317409,1.2302191807772,FALSE
GFZ_588,2.47422658317409,1.2302191807772,FALSE
GFZ_589,2.47422658317409,1.2302191807772,FALSE
GFZ_590,2.47422658317409,1.2302191807772,FALSE
GFZ_591,2.47422658317409,1.2302191807772,FALSE
GFZ_592,2.15500674785394,1.19875541104837,FALSE
GFZ_593,2.11473885175865,1.15905383698435,TRUE
GFZ_594,2.15500674785394,1.19875541104837,FALSE
GFZ_595,2.28094583626217,1.23203131563341,FALSE
GFZ_596,2.28640448154528,1.14738296186416,FALSE
GFZ_597,2.28094583626217,1.23203131563341,FALSE
GFZ_598,2.28094583626217,1.23203131563341,FALSE
GFZ_599,2.28094583626217,1.23203131563341,FALSE
GFZ_600,1.97455467728554,1.19167771935168,FALSE
GFZ_601,2.04829257838092,1.18004853023132,TRUE
GFZ_602,1.97455467728554,1.19167771935168,FALSE
GFZ_603,1.97455467728554,1.19167771935168,FALSE
GFZ_604,2.12322934722112,1.16743849212618,FALSE
GFZ_605,1.97303124734605,1.10381758015006,FALSE
GFZ_606,2.12599598990985,1.2581522968618,FALSE
GFZ_607,1.97455467728554,1.19167771935168,FALSE
GFZ_608,2.00914250193288,0.707782985325546,FALSE
GFZ_609,2.12870805864921,0.730574769166698,FALSE
GFZ_610,2.02210030803282,0.807753841981528,FALSE
GFZ_611,2.12870805864921,0.730574769166698,FALSE
GFZ_612,2.12870805864921,0.730574769166698,FALSE
GFZ_613,2.12870805864921,0.730574769166698,FALSE
GFZ_614,2.12870805864921,0.730574769166698,FALSE
GFZ_615,2.12870805864921,0.730574769166698,FALSE
GFZ_616,1.92338283496046,0.712410285095108,FALSE
GFZ_617,2.0353306704289,0.732663921343991,TRUE
GFZ_618,1.92338283496046,0.712410285095108,FALSE
GFZ_619,2.0353306704289,0.732663921343991,FALSE
GFZ_620,2.0353306704289,0.732663921343991,FALSE
GFZ_621,2.0353306704289,0.732663921343991,FALSE
GFZ_622,2.03875738645299,0.823711581769034,FALSE
GFZ_623,2.0353306704289,0.732663921343991,FALSE
GFZ_624,1.8484051660466,0.808302179701488,FALSE
GFZ_625,1.95257636976734,0.826732259771558,TRUE
GFZ_626,1.8484051660466,0.808302179701488,FALSE
GFZ_627,1.95257636976734,0.826732259771558,FALSE
GFZ_628,1.95257636976734,0.826732259771558,FALSE
GFZ_629,1.95257636976734,0.826732259771558,FALSE
GFZ_630,1.95257636976734,0.826732259771558,FALSE
GFZ_631,1.95257636976734,0.826732259771558,FALSE
GFZ_632,1.78193716705428,0.824477698403473,FALSE
GFZ_633,1.88100564926781,0.840945550138911,TRUE
GFZ_634,1.88100564926781,0.840945550138911,FALSE
GFZ_635,1.88100564926781,0.840945550138911,FALSE
GFZ_636,1.88100564926781,0.840945550138911,FALSE
GFZ_637,1.88100564926781,0.840945550138911,FALSE
GFZ_638,1.88100564926781,0.840945550138911,FALSE
GFZ_639,1.88100564926781,0.840945550138911,FALSE
